USE [master]
GO
/****** Object:  Database [DentistBookingApp]    Script Date: 7/31/2022 6:46:44 PM ******/
CREATE DATABASE [DentistBookingApp]
 CONTAINMENT = NONE
 ON  PRIMARY 
( NAME = N'DentistBookingApp', FILENAME = N'C:\Program Files\Microsoft SQL Server\MSSQL15.TIENLE\MSSQL\DATA\DentistBookingApp.mdf' , SIZE = 8192KB , MAXSIZE = UNLIMITED, FILEGROWTH = 65536KB )
 LOG ON 
( NAME = N'DentistBookingApp_log', FILENAME = N'C:\Program Files\Microsoft SQL Server\MSSQL15.TIENLE\MSSQL\DATA\DentistBookingApp_log.ldf' , SIZE = 8192KB , MAXSIZE = 2048GB , FILEGROWTH = 65536KB )
 WITH CATALOG_COLLATION = DATABASE_DEFAULT
GO
ALTER DATABASE [DentistBookingApp] SET COMPATIBILITY_LEVEL = 150
GO
IF (1 = FULLTEXTSERVICEPROPERTY('IsFullTextInstalled'))
begin
EXEC [DentistBookingApp].[dbo].[sp_fulltext_database] @action = 'enable'
end
GO
ALTER DATABASE [DentistBookingApp] SET ANSI_NULL_DEFAULT OFF 
GO
ALTER DATABASE [DentistBookingApp] SET ANSI_NULLS OFF 
GO
ALTER DATABASE [DentistBookingApp] SET ANSI_PADDING OFF 
GO
ALTER DATABASE [DentistBookingApp] SET ANSI_WARNINGS OFF 
GO
ALTER DATABASE [DentistBookingApp] SET ARITHABORT OFF 
GO
ALTER DATABASE [DentistBookingApp] SET AUTO_CLOSE ON 
GO
ALTER DATABASE [DentistBookingApp] SET AUTO_SHRINK OFF 
GO
ALTER DATABASE [DentistBookingApp] SET AUTO_UPDATE_STATISTICS ON 
GO
ALTER DATABASE [DentistBookingApp] SET CURSOR_CLOSE_ON_COMMIT OFF 
GO
ALTER DATABASE [DentistBookingApp] SET CURSOR_DEFAULT  GLOBAL 
GO
ALTER DATABASE [DentistBookingApp] SET CONCAT_NULL_YIELDS_NULL OFF 
GO
ALTER DATABASE [DentistBookingApp] SET NUMERIC_ROUNDABORT OFF 
GO
ALTER DATABASE [DentistBookingApp] SET QUOTED_IDENTIFIER OFF 
GO
ALTER DATABASE [DentistBookingApp] SET RECURSIVE_TRIGGERS OFF 
GO
ALTER DATABASE [DentistBookingApp] SET  ENABLE_BROKER 
GO
ALTER DATABASE [DentistBookingApp] SET AUTO_UPDATE_STATISTICS_ASYNC OFF 
GO
ALTER DATABASE [DentistBookingApp] SET DATE_CORRELATION_OPTIMIZATION OFF 
GO
ALTER DATABASE [DentistBookingApp] SET TRUSTWORTHY OFF 
GO
ALTER DATABASE [DentistBookingApp] SET ALLOW_SNAPSHOT_ISOLATION OFF 
GO
ALTER DATABASE [DentistBookingApp] SET PARAMETERIZATION SIMPLE 
GO
ALTER DATABASE [DentistBookingApp] SET READ_COMMITTED_SNAPSHOT OFF 
GO
ALTER DATABASE [DentistBookingApp] SET HONOR_BROKER_PRIORITY OFF 
GO
ALTER DATABASE [DentistBookingApp] SET RECOVERY SIMPLE 
GO
ALTER DATABASE [DentistBookingApp] SET  MULTI_USER 
GO
ALTER DATABASE [DentistBookingApp] SET PAGE_VERIFY CHECKSUM  
GO
ALTER DATABASE [DentistBookingApp] SET DB_CHAINING OFF 
GO
ALTER DATABASE [DentistBookingApp] SET FILESTREAM( NON_TRANSACTED_ACCESS = OFF ) 
GO
ALTER DATABASE [DentistBookingApp] SET TARGET_RECOVERY_TIME = 0 SECONDS 
GO
ALTER DATABASE [DentistBookingApp] SET DELAYED_DURABILITY = DISABLED 
GO
ALTER DATABASE [DentistBookingApp] SET ACCELERATED_DATABASE_RECOVERY = OFF  
GO
ALTER DATABASE [DentistBookingApp] SET QUERY_STORE = OFF
GO
USE [DentistBookingApp]
GO
/****** Object:  Table [dbo].[tblAdministrators]    Script Date: 7/31/2022 6:46:44 PM ******/
SET ANSI_NULLS ON
GO
SET QUOTED_IDENTIFIER ON
GO
CREATE TABLE [dbo].[tblAdministrators](
	[adminID] [int] IDENTITY(1,1) NOT NULL,
	[adminName] [nvarchar](50) NULL,
	[gmail] [nvarchar](50) NOT NULL,
	[password] [varchar](50) NULL,
	[roleID] [varchar](10) NOT NULL,
 CONSTRAINT [PK__tblAdmin__AD050086790B5C51] PRIMARY KEY CLUSTERED 
(
	[adminID] ASC
)WITH (PAD_INDEX = OFF, STATISTICS_NORECOMPUTE = OFF, IGNORE_DUP_KEY = OFF, ALLOW_ROW_LOCKS = ON, ALLOW_PAGE_LOCKS = ON, OPTIMIZE_FOR_SEQUENTIAL_KEY = OFF) ON [PRIMARY]
) ON [PRIMARY]
GO
/****** Object:  Table [dbo].[tblBookingDetails]    Script Date: 7/31/2022 6:46:44 PM ******/
SET ANSI_NULLS ON
GO
SET QUOTED_IDENTIFIER ON
GO
CREATE TABLE [dbo].[tblBookingDetails](
	[BookingDetailID] [int] IDENTITY(1,1) NOT NULL,
	[expectedFee] [int] NULL,
	[serviceID] [int] NOT NULL,
	[patientID] [int] NOT NULL,
	[scheduleID] [int] NOT NULL,
	[status] [int] NOT NULL,
 CONSTRAINT [PK__tblBookingDetail__Patient] PRIMARY KEY CLUSTERED 
(
	[BookingDetailID] ASC
)WITH (PAD_INDEX = OFF, STATISTICS_NORECOMPUTE = OFF, IGNORE_DUP_KEY = OFF, ALLOW_ROW_LOCKS = ON, ALLOW_PAGE_LOCKS = ON, OPTIMIZE_FOR_SEQUENTIAL_KEY = OFF) ON [PRIMARY]
) ON [PRIMARY]
GO
/****** Object:  Table [dbo].[tblDiscounts]    Script Date: 7/31/2022 6:46:44 PM ******/
SET ANSI_NULLS ON
GO
SET QUOTED_IDENTIFIER ON
GO
CREATE TABLE [dbo].[tblDiscounts](
	[discountID] [int] IDENTITY(1,1) NOT NULL,
	[title] [nvarchar](100) NULL,
	[description] [nvarchar](max) NULL,
	[percentDiscount] [int] NULL,
	[status] [int] NULL,
	[createDate] [date] NULL,
	[expiredDate] [date] NULL,
	[adminID] [int] NOT NULL,
	[serviceID] [int] NOT NULL
) ON [PRIMARY] TEXTIMAGE_ON [PRIMARY]
GO
/****** Object:  Table [dbo].[tblDoctors]    Script Date: 7/31/2022 6:46:44 PM ******/
SET ANSI_NULLS ON
GO
SET QUOTED_IDENTIFIER ON
GO
CREATE TABLE [dbo].[tblDoctors](
	[doctorID] [int] IDENTITY(1,1) NOT NULL,
	[fullName] [nvarchar](50) NULL,
	[password] [varchar](50) NULL,
	[gender] [nvarchar](50) NULL,
	[gmail] [varchar](50) NOT NULL,
	[phone] [int] NULL,
	[image] [nvarchar](max) NULL,
	[status] [int] NULL,
	[roleID] [varchar](10) NOT NULL,
	[serviceTypeID] [int] NOT NULL,
	[achievement] [nvarchar](max) NULL,
 CONSTRAINT [PK__tblDocto__722485963DE95475] PRIMARY KEY CLUSTERED 
(
	[doctorID] ASC
)WITH (PAD_INDEX = OFF, STATISTICS_NORECOMPUTE = OFF, IGNORE_DUP_KEY = OFF, ALLOW_ROW_LOCKS = ON, ALLOW_PAGE_LOCKS = ON, OPTIMIZE_FOR_SEQUENTIAL_KEY = OFF) ON [PRIMARY]
) ON [PRIMARY] TEXTIMAGE_ON [PRIMARY]
GO
/****** Object:  Table [dbo].[tblPatientFeedbacks]    Script Date: 7/31/2022 6:46:44 PM ******/
SET ANSI_NULLS ON
GO
SET QUOTED_IDENTIFIER ON
GO
CREATE TABLE [dbo].[tblPatientFeedbacks](
	[serviceFeedBackID] [int] IDENTITY(1,1) NOT NULL,
	[status] [int] NULL,
	[content] [nvarchar](max) NULL,
	[dateFeedback] [date] NULL,
	[rateStar] [int] NULL,
	[patientID] [int] NOT NULL,
	[serviceID] [int] NOT NULL,
 CONSTRAINT [PK__tblPatie__3E0B762995EFEFA9] PRIMARY KEY CLUSTERED 
(
	[serviceFeedBackID] ASC
)WITH (PAD_INDEX = OFF, STATISTICS_NORECOMPUTE = OFF, IGNORE_DUP_KEY = OFF, ALLOW_ROW_LOCKS = ON, ALLOW_PAGE_LOCKS = ON, OPTIMIZE_FOR_SEQUENTIAL_KEY = OFF) ON [PRIMARY]
) ON [PRIMARY] TEXTIMAGE_ON [PRIMARY]
GO
/****** Object:  Table [dbo].[tblPatients]    Script Date: 7/31/2022 6:46:44 PM ******/
SET ANSI_NULLS ON
GO
SET QUOTED_IDENTIFIER ON
GO
CREATE TABLE [dbo].[tblPatients](
	[patientID] [int] IDENTITY(1,1) NOT NULL,
	[fullName] [nvarchar](50) NULL,
	[password] [varchar](50) NULL,
	[gmail] [varchar](50) NOT NULL,
	[phone] [int] NULL,
	[address] [nvarchar](max) NULL,
	[gender] [nvarchar](50) NULL,
	[status] [int] NULL,
	[roleID] [varchar](10) NOT NULL,
 CONSTRAINT [PK__tblPatie__A17005CCF65C7854] PRIMARY KEY CLUSTERED 
(
	[patientID] ASC
)WITH (PAD_INDEX = OFF, STATISTICS_NORECOMPUTE = OFF, IGNORE_DUP_KEY = OFF, ALLOW_ROW_LOCKS = ON, ALLOW_PAGE_LOCKS = ON, OPTIMIZE_FOR_SEQUENTIAL_KEY = OFF) ON [PRIMARY]
) ON [PRIMARY] TEXTIMAGE_ON [PRIMARY]
GO
/****** Object:  Table [dbo].[tblSchedules]    Script Date: 7/31/2022 6:46:44 PM ******/
SET ANSI_NULLS ON
GO
SET QUOTED_IDENTIFIER ON
GO
CREATE TABLE [dbo].[tblSchedules](
	[scheduleID] [int] IDENTITY(1,1) NOT NULL,
	[dayOfWeek] [nvarchar](50) NOT NULL,
	[day] [date] NOT NULL,
	[slot] [int] NOT NULL,
	[status] [int] NULL,
	[doctorID] [int] NOT NULL,
 CONSTRAINT [PK_tblSchedules] PRIMARY KEY CLUSTERED 
(
	[scheduleID] ASC
)WITH (PAD_INDEX = OFF, STATISTICS_NORECOMPUTE = OFF, IGNORE_DUP_KEY = OFF, ALLOW_ROW_LOCKS = ON, ALLOW_PAGE_LOCKS = ON, OPTIMIZE_FOR_SEQUENTIAL_KEY = OFF) ON [PRIMARY]
) ON [PRIMARY]
GO
/****** Object:  Table [dbo].[tblServiceImages]    Script Date: 7/31/2022 6:46:44 PM ******/
SET ANSI_NULLS ON
GO
SET QUOTED_IDENTIFIER ON
GO
CREATE TABLE [dbo].[tblServiceImages](
	[serviceImageID] [int] IDENTITY(1,1) NOT NULL,
	[image] [nvarchar](max) NULL,
	[serviceID] [int] NOT NULL,
PRIMARY KEY CLUSTERED 
(
	[serviceImageID] ASC
)WITH (PAD_INDEX = OFF, STATISTICS_NORECOMPUTE = OFF, IGNORE_DUP_KEY = OFF, ALLOW_ROW_LOCKS = ON, ALLOW_PAGE_LOCKS = ON, OPTIMIZE_FOR_SEQUENTIAL_KEY = OFF) ON [PRIMARY]
) ON [PRIMARY] TEXTIMAGE_ON [PRIMARY]
GO
/****** Object:  Table [dbo].[tblServices]    Script Date: 7/31/2022 6:46:44 PM ******/
SET ANSI_NULLS ON
GO
SET QUOTED_IDENTIFIER ON
GO
CREATE TABLE [dbo].[tblServices](
	[serviceID] [int] IDENTITY(1,1) NOT NULL,
	[serviceName] [nvarchar](max) NOT NULL,
	[servicePrice] [float] NULL,
	[description] [nvarchar](max) NULL,
	[status] [int] NULL,
	[adminID] [int] NOT NULL,
	[serviceTypeID] [int] NOT NULL,
 CONSTRAINT [PK__tblServi__4550733FA56F2763] PRIMARY KEY CLUSTERED 
(
	[serviceID] ASC
)WITH (PAD_INDEX = OFF, STATISTICS_NORECOMPUTE = OFF, IGNORE_DUP_KEY = OFF, ALLOW_ROW_LOCKS = ON, ALLOW_PAGE_LOCKS = ON, OPTIMIZE_FOR_SEQUENTIAL_KEY = OFF) ON [PRIMARY]
) ON [PRIMARY] TEXTIMAGE_ON [PRIMARY]
GO
/****** Object:  Table [dbo].[tblServiceTypes]    Script Date: 7/31/2022 6:46:44 PM ******/
SET ANSI_NULLS ON
GO
SET QUOTED_IDENTIFIER ON
GO
CREATE TABLE [dbo].[tblServiceTypes](
	[serviceTypeID] [int] IDENTITY(1,1) NOT NULL,
	[serviceTypeName] [nvarchar](max) NULL,
	[description] [nvarchar](max) NULL,
	[adminID] [int] NOT NULL,
 CONSTRAINT [PK__tblServi__FB4CEA1932C51784] PRIMARY KEY CLUSTERED 
(
	[serviceTypeID] ASC
)WITH (PAD_INDEX = OFF, STATISTICS_NORECOMPUTE = OFF, IGNORE_DUP_KEY = OFF, ALLOW_ROW_LOCKS = ON, ALLOW_PAGE_LOCKS = ON, OPTIMIZE_FOR_SEQUENTIAL_KEY = OFF) ON [PRIMARY]
) ON [PRIMARY] TEXTIMAGE_ON [PRIMARY]
GO
SET IDENTITY_INSERT [dbo].[tblAdministrators] ON 
GO
INSERT [dbo].[tblAdministrators] ([adminID], [adminName], [gmail], [password], [roleID]) VALUES (1, N'Quang ', N'quangnguyen2022@gmail.com', N'123', N'AD')
GO
INSERT [dbo].[tblAdministrators] ([adminID], [adminName], [gmail], [password], [roleID]) VALUES (2, N'Tú', N'tunguyen2022@gmail.com', N'123', N'AD')
GO
INSERT [dbo].[tblAdministrators] ([adminID], [adminName], [gmail], [password], [roleID]) VALUES (3, N'Hiếu', N'hieutran2022@gmail.com', N'123', N'AD')
GO
SET IDENTITY_INSERT [dbo].[tblAdministrators] OFF
GO
SET IDENTITY_INSERT [dbo].[tblBookingDetails] ON 
GO
INSERT [dbo].[tblBookingDetails] ([BookingDetailID], [expectedFee], [serviceID], [patientID], [scheduleID], [status]) VALUES (6, 800000, 5, 9, 4, 1)
GO
INSERT [dbo].[tblBookingDetails] ([BookingDetailID], [expectedFee], [serviceID], [patientID], [scheduleID], [status]) VALUES (8, 100000, 3, 10, 5, 1)
GO
INSERT [dbo].[tblBookingDetails] ([BookingDetailID], [expectedFee], [serviceID], [patientID], [scheduleID], [status]) VALUES (9, 1500000, 27, 14, 6, 1)
GO
INSERT [dbo].[tblBookingDetails] ([BookingDetailID], [expectedFee], [serviceID], [patientID], [scheduleID], [status]) VALUES (10, 1500000, 14, 15, 7, 1)
GO
INSERT [dbo].[tblBookingDetails] ([BookingDetailID], [expectedFee], [serviceID], [patientID], [scheduleID], [status]) VALUES (11, 800000, 7, 12, 11, 1)
GO
INSERT [dbo].[tblBookingDetails] ([BookingDetailID], [expectedFee], [serviceID], [patientID], [scheduleID], [status]) VALUES (12, 0, 7, 28, 12, 1)
GO
INSERT [dbo].[tblBookingDetails] ([BookingDetailID], [expectedFee], [serviceID], [patientID], [scheduleID], [status]) VALUES (13, 800000, 7, 8, 14, 2)
GO
INSERT [dbo].[tblBookingDetails] ([BookingDetailID], [expectedFee], [serviceID], [patientID], [scheduleID], [status]) VALUES (14, 800000, 7, 8, 15, 2)
GO
INSERT [dbo].[tblBookingDetails] ([BookingDetailID], [expectedFee], [serviceID], [patientID], [scheduleID], [status]) VALUES (15, 800000, 7, 46, 16, 2)
GO
INSERT [dbo].[tblBookingDetails] ([BookingDetailID], [expectedFee], [serviceID], [patientID], [scheduleID], [status]) VALUES (16, 2000000, 8, 49, 17, 2)
GO
INSERT [dbo].[tblBookingDetails] ([BookingDetailID], [expectedFee], [serviceID], [patientID], [scheduleID], [status]) VALUES (17, 3000000, 25, 50, 18, 2)
GO
INSERT [dbo].[tblBookingDetails] ([BookingDetailID], [expectedFee], [serviceID], [patientID], [scheduleID], [status]) VALUES (18, 38000000, 43, 51, 19, 2)
GO
INSERT [dbo].[tblBookingDetails] ([BookingDetailID], [expectedFee], [serviceID], [patientID], [scheduleID], [status]) VALUES (19, 35000000, 18, 50, 20, 2)
GO
INSERT [dbo].[tblBookingDetails] ([BookingDetailID], [expectedFee], [serviceID], [patientID], [scheduleID], [status]) VALUES (20, 3000000, 25, 52, 21, 2)
GO
INSERT [dbo].[tblBookingDetails] ([BookingDetailID], [expectedFee], [serviceID], [patientID], [scheduleID], [status]) VALUES (21, 40000000, 19, 54, 22, 2)
GO
INSERT [dbo].[tblBookingDetails] ([BookingDetailID], [expectedFee], [serviceID], [patientID], [scheduleID], [status]) VALUES (22, 1500000, 27, 55, 23, 2)
GO
INSERT [dbo].[tblBookingDetails] ([BookingDetailID], [expectedFee], [serviceID], [patientID], [scheduleID], [status]) VALUES (23, 3200000, 23, 57, 24, 2)
GO
INSERT [dbo].[tblBookingDetails] ([BookingDetailID], [expectedFee], [serviceID], [patientID], [scheduleID], [status]) VALUES (24, 35000000, 18, 27, 25, 2)
GO
INSERT [dbo].[tblBookingDetails] ([BookingDetailID], [expectedFee], [serviceID], [patientID], [scheduleID], [status]) VALUES (26, 2000000, 8, 28, 27, 2)
GO
INSERT [dbo].[tblBookingDetails] ([BookingDetailID], [expectedFee], [serviceID], [patientID], [scheduleID], [status]) VALUES (27, 5500000, 9, 39, 29, 2)
GO
INSERT [dbo].[tblBookingDetails] ([BookingDetailID], [expectedFee], [serviceID], [patientID], [scheduleID], [status]) VALUES (28, 38000000, 43, 61, 30, 2)
GO
INSERT [dbo].[tblBookingDetails] ([BookingDetailID], [expectedFee], [serviceID], [patientID], [scheduleID], [status]) VALUES (29, 32000000, 41, 14, 31, 2)
GO
INSERT [dbo].[tblBookingDetails] ([BookingDetailID], [expectedFee], [serviceID], [patientID], [scheduleID], [status]) VALUES (30, 30000000, 17, 15, 33, 2)
GO
INSERT [dbo].[tblBookingDetails] ([BookingDetailID], [expectedFee], [serviceID], [patientID], [scheduleID], [status]) VALUES (31, 5500000, 10, 19, 36, 2)
GO
INSERT [dbo].[tblBookingDetails] ([BookingDetailID], [expectedFee], [serviceID], [patientID], [scheduleID], [status]) VALUES (32, 6000000, 24, 98, 37, 2)
GO
INSERT [dbo].[tblBookingDetails] ([BookingDetailID], [expectedFee], [serviceID], [patientID], [scheduleID], [status]) VALUES (33, 35000000, 18, 8, 40, 2)
GO
INSERT [dbo].[tblBookingDetails] ([BookingDetailID], [expectedFee], [serviceID], [patientID], [scheduleID], [status]) VALUES (34, 40000000, 19, 9, 42, 2)
GO
INSERT [dbo].[tblBookingDetails] ([BookingDetailID], [expectedFee], [serviceID], [patientID], [scheduleID], [status]) VALUES (35, 38000000, 43, 10, 43, 2)
GO
INSERT [dbo].[tblBookingDetails] ([BookingDetailID], [expectedFee], [serviceID], [patientID], [scheduleID], [status]) VALUES (37, 38000000, 43, 28, 45, 2)
GO
INSERT [dbo].[tblBookingDetails] ([BookingDetailID], [expectedFee], [serviceID], [patientID], [scheduleID], [status]) VALUES (38, 40000000, 19, 42, 46, 2)
GO
INSERT [dbo].[tblBookingDetails] ([BookingDetailID], [expectedFee], [serviceID], [patientID], [scheduleID], [status]) VALUES (39, 40000000, 19, 10, 47, 2)
GO
INSERT [dbo].[tblBookingDetails] ([BookingDetailID], [expectedFee], [serviceID], [patientID], [scheduleID], [status]) VALUES (43, 2000000, 8, 12, 48, 2)
GO
INSERT [dbo].[tblBookingDetails] ([BookingDetailID], [expectedFee], [serviceID], [patientID], [scheduleID], [status]) VALUES (44, 800000, 7, 8, 51, 2)
GO
INSERT [dbo].[tblBookingDetails] ([BookingDetailID], [expectedFee], [serviceID], [patientID], [scheduleID], [status]) VALUES (45, 800000, 7, 8, 52, 2)
GO
INSERT [dbo].[tblBookingDetails] ([BookingDetailID], [expectedFee], [serviceID], [patientID], [scheduleID], [status]) VALUES (46, 1600000, 23, 8, 50, 2)
GO
INSERT [dbo].[tblBookingDetails] ([BookingDetailID], [expectedFee], [serviceID], [patientID], [scheduleID], [status]) VALUES (47, 1600000, 22, 8, 53, 0)
GO
INSERT [dbo].[tblBookingDetails] ([BookingDetailID], [expectedFee], [serviceID], [patientID], [scheduleID], [status]) VALUES (48, 800000, 7, 8, 49, 1)
GO
INSERT [dbo].[tblBookingDetails] ([BookingDetailID], [expectedFee], [serviceID], [patientID], [scheduleID], [status]) VALUES (49, 1600000, 23, 8, 54, 0)
GO
INSERT [dbo].[tblBookingDetails] ([BookingDetailID], [expectedFee], [serviceID], [patientID], [scheduleID], [status]) VALUES (50, 800000, 7, 8, 55, 0)
GO
INSERT [dbo].[tblBookingDetails] ([BookingDetailID], [expectedFee], [serviceID], [patientID], [scheduleID], [status]) VALUES (51, 1600000, 23, 9, 53, 1)
GO
INSERT [dbo].[tblBookingDetails] ([BookingDetailID], [expectedFee], [serviceID], [patientID], [scheduleID], [status]) VALUES (52, 1600000, 22, 10, 56, 1)
GO
SET IDENTITY_INSERT [dbo].[tblBookingDetails] OFF
GO
SET IDENTITY_INSERT [dbo].[tblDiscounts] ON 
GO
INSERT [dbo].[tblDiscounts] ([discountID], [title], [description], [percentDiscount], [status], [createDate], [expiredDate], [adminID], [serviceID]) VALUES (7, N'Cạo vôi & đánh bóng', N'Ưu đãi cực thấp - chỉ trong 2 tháng', 30, 1, CAST(N'2022-05-01' AS Date), CAST(N'2022-07-01' AS Date), 1, 1)
GO
INSERT [dbo].[tblDiscounts] ([discountID], [title], [description], [percentDiscount], [status], [createDate], [expiredDate], [adminID], [serviceID]) VALUES (10, N'Điều trị viêm nha chu', N'Điều trị giá ưu đãi , 50% chi phí ', 50, 1, CAST(N'2022-06-04' AS Date), CAST(N'2022-08-01' AS Date), 1, 2)
GO
INSERT [dbo].[tblDiscounts] ([discountID], [title], [description], [percentDiscount], [status], [createDate], [expiredDate], [adminID], [serviceID]) VALUES (123, N'Tẩy trắng răng tại nha khoa', N'Ưu đãi 50% Tẩy Trắng Răng cho 30 khách hàng đăng ký sớm nhất từ hôm nay.', 30, 1, CAST(N'2022-07-31' AS Date), CAST(N'2022-08-15' AS Date), 3, 14)
GO
INSERT [dbo].[tblDiscounts] ([discountID], [title], [description], [percentDiscount], [status], [createDate], [expiredDate], [adminID], [serviceID]) VALUES (126, N'Niềng răng trong suốt invisalign', N'Giảm tới 25% tổng chi phí niềng răng Invisalign cho cả trẻ em và người lớn.', 25, 1, CAST(N'2022-07-31' AS Date), CAST(N'2022-09-15' AS Date), 3, 19)
GO
INSERT [dbo].[tblDiscounts] ([discountID], [title], [description], [percentDiscount], [status], [createDate], [expiredDate], [adminID], [serviceID]) VALUES (127, N'Nhổ răng khôn mọc ngầm', N'Nhổ răng khôn, nhổ răng sâu – Ưu đãi lên đến【20%】chi phí.', 20, 1, CAST(N'2022-07-31' AS Date), CAST(N'2022-09-15' AS Date), 1, 33)
GO
INSERT [dbo].[tblDiscounts] ([discountID], [title], [description], [percentDiscount], [status], [createDate], [expiredDate], [adminID], [serviceID]) VALUES (128, N'Nhổ răng khôn mọc thẳng', N'Nhổ răng khôn, nhổ răng sâu – Ưu đãi lên đến【20%】chi phí.', 20, 1, CAST(N'2022-07-31' AS Date), CAST(N'2022-09-01' AS Date), 1, 34)
GO
INSERT [dbo].[tblDiscounts] ([discountID], [title], [description], [percentDiscount], [status], [createDate], [expiredDate], [adminID], [serviceID]) VALUES (129, N'Nhổ răng khôn mọc lệch 90 độ', N'Nhổ răng khôn, nhổ răng sâu – Ưu đãi lên đến【20%】chi phí.', 20, 1, CAST(N'2022-07-31' AS Date), CAST(N'2022-09-01' AS Date), 1, 35)
GO
INSERT [dbo].[tblDiscounts] ([discountID], [title], [description], [percentDiscount], [status], [createDate], [expiredDate], [adminID], [serviceID]) VALUES (136, N'Nhổ răng khôn mọc lệch 45 độ', N'Nhổ răng khôn, nhổ răng sâu – Ưu đãi lên đến【20%】chi phí.', 20, 1, CAST(N'2022-07-31' AS Date), CAST(N'2022-09-01' AS Date), 1, 39)
GO
INSERT [dbo].[tblDiscounts] ([discountID], [title], [description], [percentDiscount], [status], [createDate], [expiredDate], [adminID], [serviceID]) VALUES (137, N'Mắc cài tự khóa thông minh', N'Khuyễn mãi niềng răng mắc cài tự khóa thông minh. Ưu đãi lên đến 35% chi phí.', 35, 1, CAST(N'2022-07-31' AS Date), CAST(N'2022-09-01' AS Date), 1, 41)
GO
INSERT [dbo].[tblDiscounts] ([discountID], [title], [description], [percentDiscount], [status], [createDate], [expiredDate], [adminID], [serviceID]) VALUES (139, N'Mắc cài sứ, pha lê thẩm mỹ', N'Khuyễn mãi niềng răng mắc cài sứ, pha lê thẩm mỹ. Ưu đãi lên đến 35% chi phí.', 35, 1, CAST(N'2022-07-31' AS Date), CAST(N'2022-09-01' AS Date), 1, 43)
GO
INSERT [dbo].[tblDiscounts] ([discountID], [title], [description], [percentDiscount], [status], [createDate], [expiredDate], [adminID], [serviceID]) VALUES (144, N'Tẩy trắng răng tại phòng mạch bằng đèn Laser', N'Siêu ưu đãi 30% tẩy trắng răng tại phòng mạch bằng đèn Laser Whitening cho mọi lứa tuổi.', 30, 1, CAST(N'2022-07-31' AS Date), CAST(N'2022-09-01' AS Date), 1, 46)
GO
INSERT [dbo].[tblDiscounts] ([discountID], [title], [description], [percentDiscount], [status], [createDate], [expiredDate], [adminID], [serviceID]) VALUES (146, N'Lấy cao răng cho trẻ em', N'Gói ưu đãi cho trả em giảm giá 30% lấy cao răng cho trẻ em', 30, 1, CAST(N'2022-07-15' AS Date), CAST(N'2022-09-15' AS Date), 3, 48)
GO
INSERT [dbo].[tblDiscounts] ([discountID], [title], [description], [percentDiscount], [status], [createDate], [expiredDate], [adminID], [serviceID]) VALUES (147, N'Phẫu thuật cắt nướu, tạo hình nướu, làm dài thân răng', N' Siêu ưu đãi phẫu thuật cắt nướu, tạo hình nướu, làm dài thân răng  35%, không đau, không ê buốt.', 30, 1, CAST(N'2022-07-15' AS Date), CAST(N'2022-09-15' AS Date), 3, 50)
GO
INSERT [dbo].[tblDiscounts] ([discountID], [title], [description], [percentDiscount], [status], [createDate], [expiredDate], [adminID], [serviceID]) VALUES (12, N'Trám răng sữa', N'Giảm giá lên đến 25% cho tất cả dịch vụ trám răng', 25, 1, CAST(N'2022-06-04' AS Date), CAST(N'2022-07-01' AS Date), 2, 3)
GO
INSERT [dbo].[tblDiscounts] ([discountID], [title], [description], [percentDiscount], [status], [createDate], [expiredDate], [adminID], [serviceID]) VALUES (16, N'Trám răng sâu', N'Giảm giá 15% dịch vụ tẩy trắng răng', 15, 1, CAST(N'2022-06-04' AS Date), CAST(N'2022-07-15' AS Date), 3, 4)
GO
INSERT [dbo].[tblDiscounts] ([discountID], [title], [description], [percentDiscount], [status], [createDate], [expiredDate], [adminID], [serviceID]) VALUES (11, N'Trám răng thẩm mỹ', N'Ưu đãi 20% cho 30 khách hàng đăng kí ngày hôm nay', 30, 1, CAST(N'2022-06-03' AS Date), CAST(N'2022-07-01' AS Date), 3, 5)
GO
INSERT [dbo].[tblDiscounts] ([discountID], [title], [description], [percentDiscount], [status], [createDate], [expiredDate], [adminID], [serviceID]) VALUES (18, N'Chữa tủy lại', N'Ưu đãi 50% chi phí chữa tủy lại.', 50, 1, CAST(N'2022-06-15' AS Date), CAST(N'2022-08-15' AS Date), 3, 6)
GO
INSERT [dbo].[tblDiscounts] ([discountID], [title], [description], [percentDiscount], [status], [createDate], [expiredDate], [adminID], [serviceID]) VALUES (19, N'Răng sứ Mỹ', N'Đột phá công nghệ giảm giá ưu đãi lớn răng sứ Mỹ', 45, 1, CAST(N'2022-06-15' AS Date), CAST(N'2022-07-30' AS Date), 2, 7)
GO
INSERT [dbo].[tblDiscounts] ([discountID], [title], [description], [percentDiscount], [status], [createDate], [expiredDate], [adminID], [serviceID]) VALUES (21, N'Răng sứ Titan', N'Răng sứ Titan khuyến mãi đến 50% chi phí', 50, 1, CAST(N'2022-05-01' AS Date), CAST(N'2022-06-30' AS Date), 2, 8)
GO
INSERT [dbo].[tblDiscounts] ([discountID], [title], [description], [percentDiscount], [status], [createDate], [expiredDate], [adminID], [serviceID]) VALUES (26, N'Răng sứ Venus', N'Răng sứ Venus khuyến mãi 45% ', 45, 1, CAST(N'2022-06-10' AS Date), CAST(N'2022-09-30' AS Date), 2, 10)
GO
INSERT [dbo].[tblDiscounts] ([discountID], [title], [description], [percentDiscount], [status], [createDate], [expiredDate], [adminID], [serviceID]) VALUES (27, N'Nhổ răng sữa', N'Khuyến mãi nhổ răng sữa cho trẻ em chỉ còn 90.000', 10, 1, CAST(N'2022-06-10' AS Date), CAST(N'2022-06-25' AS Date), 2, 11)
GO
INSERT [dbo].[tblDiscounts] ([discountID], [title], [description], [percentDiscount], [status], [createDate], [expiredDate], [adminID], [serviceID]) VALUES (32, N'Nhổ răng 2-3 chân', N'Khuyến mãi 10% nhổ răng sữa 2-3 chân cho trẻ em ', 10, 1, CAST(N'2022-06-10' AS Date), CAST(N'2022-06-25' AS Date), 2, 13)
GO
INSERT [dbo].[tblDiscounts] ([discountID], [title], [description], [percentDiscount], [status], [createDate], [expiredDate], [adminID], [serviceID]) VALUES (66, N'Tẩy trắng răng tại nhà', N'Tẩy trăng tại nhà khuyến mãi ưu đãi 30%', 30, 1, CAST(N'2022-06-11' AS Date), CAST(N'2022-07-31' AS Date), 1, 15)
GO
INSERT [dbo].[tblDiscounts] ([discountID], [title], [description], [percentDiscount], [status], [createDate], [expiredDate], [adminID], [serviceID]) VALUES (67, N'Đính đá kim cương thẩm mỹ', N'Ưu đãi giảm 40%  chi phí đính đá lên răng ', 40, 1, CAST(N'2022-06-11' AS Date), CAST(N'2022-07-15' AS Date), 1, 16)
GO
INSERT [dbo].[tblDiscounts] ([discountID], [title], [description], [percentDiscount], [status], [createDate], [expiredDate], [adminID], [serviceID]) VALUES (71, N'Mắc cài sứ', N'Mắc cài sứ giảm giá ưu đãi 40%.', 40, 1, CAST(N'2022-06-13' AS Date), CAST(N'2022-07-15' AS Date), 1, 18)
GO
INSERT [dbo].[tblDiscounts] ([discountID], [title], [description], [percentDiscount], [status], [createDate], [expiredDate], [adminID], [serviceID]) VALUES (74, N'Đặt chốt cùi giả kim loại ', N'Khuyên mãi đặt chốt cài giả kim loại 20%.', 20, 1, CAST(N'2022-06-14' AS Date), CAST(N'2022-07-31' AS Date), 2, 20)
GO
INSERT [dbo].[tblDiscounts] ([discountID], [title], [description], [percentDiscount], [status], [createDate], [expiredDate], [adminID], [serviceID]) VALUES (79, N'Răng sứ Emax', N'Trồng răng sứ  Emax khuyến mãi lên đến 50% chi phí', 50, 1, CAST(N'2022-06-15' AS Date), CAST(N'2022-08-15' AS Date), 3, 23)
GO
INSERT [dbo].[tblDiscounts] ([discountID], [title], [description], [percentDiscount], [status], [createDate], [expiredDate], [adminID], [serviceID]) VALUES (82, N'Đắp tạo kiểu răng khểnh', N'Khuyến mãi giảm giá 35%  đắp tạo kiểu răng khểnh', 35, 1, CAST(N'2022-06-15' AS Date), CAST(N'2022-08-15' AS Date), 3, 26)
GO
INSERT [dbo].[tblDiscounts] ([discountID], [title], [description], [percentDiscount], [status], [createDate], [expiredDate], [adminID], [serviceID]) VALUES (83, N'Hàm trainer trẻ em ', N'Hàm trainer trẻ em khuyến mãi, ưu đãi 30%.', 30, 1, CAST(N'2022-06-16' AS Date), CAST(N'2022-08-15' AS Date), 3, 27)
GO
INSERT [dbo].[tblDiscounts] ([discountID], [title], [description], [percentDiscount], [status], [createDate], [expiredDate], [adminID], [serviceID]) VALUES (64, N'Tẩy trắng răng tại nha khoa', N'Tẩy trắng răng tại nha khoa với công nghệ Mỹ Zoom Whitening 4.0 tiên tiến, khuyến mãi 50%.', 50, 1, CAST(N'2022-06-11' AS Date), CAST(N'2022-07-31' AS Date), 1, 14)
GO
INSERT [dbo].[tblDiscounts] ([discountID], [title], [description], [percentDiscount], [status], [createDate], [expiredDate], [adminID], [serviceID]) VALUES (68, N'Mắc cài kim loại', N'Ưu đãi lên đến 35% hỗ trợ trả góp 0% lãi suất niềng răng mắc cài kim loại', 35, 1, CAST(N'2022-06-13' AS Date), CAST(N'2022-07-15' AS Date), 1, 17)
GO
INSERT [dbo].[tblDiscounts] ([discountID], [title], [description], [percentDiscount], [status], [createDate], [expiredDate], [adminID], [serviceID]) VALUES (72, N'Niềng răng trong suốt invisalign', N'Ưu đãi 40%, niềng răng không đau, phần mềm SmileView thế hệ mới xem trước kết quả từ 6-9 tháng.', 40, 1, CAST(N'2022-06-13' AS Date), CAST(N'2022-07-15' AS Date), 1, 19)
GO
INSERT [dbo].[tblDiscounts] ([discountID], [title], [description], [percentDiscount], [status], [createDate], [expiredDate], [adminID], [serviceID]) VALUES (76, N'Đặt chốt cùi giả sứ ', N'Khuyến mãi đặt chốt cùi giả sứ lên đến 30% cho tất cả khách hàng.  ', 30, 1, CAST(N'2022-06-14' AS Date), CAST(N'2022-07-31' AS Date), 2, 21)
GO
INSERT [dbo].[tblDiscounts] ([discountID], [title], [description], [percentDiscount], [status], [createDate], [expiredDate], [adminID], [serviceID]) VALUES (77, N'Răng sứ Zolid', N'Giảm sốc 60% giá răng sứ Zolid, hệ thống số 1 Nha Khoa tại Việt Nam   ', 60, 1, CAST(N'2022-06-15' AS Date), CAST(N'2022-08-15' AS Date), 3, 22)
GO
INSERT [dbo].[tblDiscounts] ([discountID], [title], [description], [percentDiscount], [status], [createDate], [expiredDate], [adminID], [serviceID]) VALUES (80, N'Răng sứ Cercon', N'Ưu đãi tuần lễ vàng - OFF 50% thẩm mỹ răng sứ Cercon.', 65, 1, CAST(N'2022-06-15' AS Date), CAST(N'2022-08-15' AS Date), 3, 24)
GO
INSERT [dbo].[tblDiscounts] ([discountID], [title], [description], [percentDiscount], [status], [createDate], [expiredDate], [adminID], [serviceID]) VALUES (81, N'Răng sứ Chrome Cobalt', N'Làm răng sứ Chrome Cobalt tiên tiến nhất, ưu đãi 50%.', 50, 1, CAST(N'2022-06-15' AS Date), CAST(N'2022-08-15' AS Date), 3, 25)
GO
INSERT [dbo].[tblDiscounts] ([discountID], [title], [description], [percentDiscount], [status], [createDate], [expiredDate], [adminID], [serviceID]) VALUES (148, N'Điều trị nha chu bằng Laser Light Walker hai hàm', N'Ưu đãi 25% điều trị nha chu bằng Laser Light Walker hai hàm cho 30 người đăng kí đầu tiên.', 20, 1, CAST(N'2022-07-15' AS Date), CAST(N'2022-09-15' AS Date), 3, 54)
GO
SET IDENTITY_INSERT [dbo].[tblDiscounts] OFF
GO
SET IDENTITY_INSERT [dbo].[tblDoctors] ON 
GO
INSERT [dbo].[tblDoctors] ([doctorID], [fullName], [password], [gender], [gmail], [phone], [image], [status], [roleID], [serviceTypeID], [achievement]) VALUES (36, N'Nguyễn Hữu Đoan', N'123', N'Nam', N'doannguyen2022@gmail.com', 95445663, N'https://tnaclinic.com/wp-content/uploads/2016/05/Untitled-3.png', 1, N'DR', 1, N'<p>- <strong>Thủ Khoa Đại học Y H&agrave; Nội </strong>năm 2003.</p><p>- <em>Tốt nghiệp Thạc sĩ Chuy&ecirc;n ng&agrave;nh răng h&agrave;m mặt</em> năm 2006.</p><p>- Tốt nghiệp b&aacute;c sĩ Răng H&agrave;m Mặt tại<strong><em> Bệnh viện Đại học Strasbourg</em></strong>, Cộng h&ograve;a Ph&aacute;p năm 2010.</p><p>- Th&agrave;nh vi&ecirc;n của nhiều hiệp hội <strong><em>chuy&ecirc;n ng&agrave;nh Nha khoa Quốc tế</em></strong></p><p>- Từng được <strong><em>WHO</em></strong> vinh danh l&agrave; <strong><em>b&aacute;c sĩ giỏi</em></strong> c&oacute; nhiều kinh nghiệm trong ng&agrave;nh<em><strong> Răng H&agrave;m Mặt</strong></em></p>')
GO
INSERT [dbo].[tblDoctors] ([doctorID], [fullName], [password], [gender], [gmail], [phone], [image], [status], [roleID], [serviceTypeID], [achievement]) VALUES (38, N'Ðoàn Thanh Tùng', N'123', N'Nam', N'trungdoan2022@gmail.com', 372248438, N'https://encrypted-tbn0.gstatic.com/images?q=tbn:ANd9GcSWLmiSXdvagaI8T_l84KRGUzr-gPUC2uRkEeHUUQbVRri-QhGzy6Xz6oL6x9mnWlpIZPw&usqp=CAU', 1, N'DR', 1, N'<p>- Đ&atilde; từng l&agrave; <strong><em>Chủ tịch Hội Cấy gh&eacute;p Nha khoa TP.HCM</em></strong></p><p>- <em><strong>Ph&oacute; Chủ tịch</strong></em> Hội Răng H&agrave;m Mặt Việt Nam</p><p>- <strong><em>Ủy vi&ecirc;n Thường vụ</em></strong> Hội Y học TP.HCM</p><p>- Đến nay, b&aacute;c sĩ Đo&agrave;n Thanh T&ugrave;ng c&oacute; hơn <strong><em>35 năm kinh nghiệm</em></strong> kh&aacute;m v&agrave; điều trị c&aacute;c vấn đề về răng miệng.</p><p>- B&aacute;c sĩ cũng thường xuy&ecirc;n tham gia c&ocirc;ng t&aacute;c giảng dạy v&agrave; nghi&ecirc;n cứu khoa học với hơn <strong><em>40 b&agrave;i b&aacute;o khoa học</em></strong> đăng tr&ecirc;n c&aacute;c tạp ch&iacute; <strong><em>trong v&agrave; ngo&agrave;i nước.</em></strong></p>')
GO
INSERT [dbo].[tblDoctors] ([doctorID], [fullName], [password], [gender], [gmail], [phone], [image], [status], [roleID], [serviceTypeID], [achievement]) VALUES (39, N'Lê Trung Hiếu', N'123', N'Nam', N'hieule2022@gmail.com', 982527982, N'https://tamanhhospital.vn/wp-content/uploads/2021/11/le-trung-hieu-avt.png', 1, N'DR', 2, N'<p>- Từng Phụ tr&aacute;ch <em>Khoa Phẫu thuật H&agrave;m Mặt&nbsp;Bệnh viện Đại học Y dược TP.HCM.</em></p><p>- C&ocirc;ng t&aacute;c tại <em>Bệnh viện Răng H&agrave;m Mặt Trung ương TP.HCM</em>.</p><p>- Th&agrave;nh vi&ecirc;n Hiệp <strong><em>hội phẫu thuật h&agrave;m mặt quốc tế AOCMF</em></strong></p><p>- <strong><em>Bằng Li&ecirc;n Đại học Ph&aacute;p - Việt</em></strong> về Nha khoa Phẫu thuật (2001 - 2003)</p><p>- <em>Chứng chỉ Phẫu thuật Tạo h&igrave;nh - Thẩm mỹ Đại học Y Dược Tp HCM </em>(2018)</p><p>- B&aacute;c sĩ L&ecirc; Trung Hiếu c&oacute; gần <em><strong>20 năm kinh nghiệm</strong></em> kh&aacute;m răng tại c&aacute;c bệnh viện lớn ở khu vực TP.HCM như Bệnh viện Đại học Y dược, Bệnh viện Răng H&agrave;m Mặt Trung ương TP.HCM.</p><p>B&aacute;c sĩ c&oacute; <em>thời gian d&agrave;i nghi&ecirc;n cứu về lĩnh vực nha khoa tại c&aacute;c trường Đại học Y khoa Nổi tiếng trong v&agrave; ngo&agrave;i nước</em>.</p><p>B&aacute;c sĩ cũng đạt được nhiều chứng chỉ uy t&iacute;n như Chứng chỉ Cấy gh&eacute;p Nha khoa cơ bản <em><strong>(Viện Đ&agrave;o tạo Răng H&agrave;m Mặt Đại học Y H&agrave; Nội)</strong></em>, <em><strong>Chứng chỉ Phẫu thuật Tạo h&igrave;nh - Thẩm mỹ (Đại học Y Dược TP.HCM),...</strong></em></p>')
GO
INSERT [dbo].[tblDoctors] ([doctorID], [fullName], [password], [gender], [gmail], [phone], [image], [status], [roleID], [serviceTypeID], [achievement]) VALUES (40, N'Phạm Thanh Xuân ', N'123', N'Nữ', N'xuanpham2022@gmail.com', 973776072, N'https://encrypted-tbn0.gstatic.com/images?q=tbn:ANd9GcTwFyixQUYNgimBdHs_C8iIRVmamalB34_RXvBwjPafQL4xDhvmdTpGFyIat7IVc2z3mQM&usqp=CAU', 1, N'DR', 2, N'<p>- Giảng vi&ecirc;n <em><strong>Đại học Y khoa Phạm Ngọc Thạch.</strong></em></p><p>- Tốt nghiệp <strong><em>B&aacute;c sĩ Răng H&agrave;m Mặt, Đại học Y dược TP.HCM.</em></strong></p><p>- Tốt nghiệp <strong><em>Thạc sĩ</em></strong> chuy&ecirc;n ng&agrave;nh<em> Răng H&agrave;m Mặt, <strong>Đại học Y dược TP.HCM.</strong></em></p><p>- B&aacute;c sĩ Phạm thanh Xu&acirc;n c&oacute; gần <strong><em>10 năm kinh nghiệm</em></strong> kh&aacute;m v&agrave; điều trị c&aacute;c vấn đề về răng.</p><p>- <em>B&aacute;c sĩ c&oacute; thế mạnh trong lĩnh vực cấy gh&eacute;p implant (mất răng đơn lẻ, mất răng nguy&ecirc;n h&agrave;m),niềng răng, mặt d&aacute;n sứ veneer, tiểu phẫu răng kh&ocirc;n, răng sứ thẩm mỹ, chữa tuỷ, cắt nướu,...</em></p>')
GO
INSERT [dbo].[tblDoctors] ([doctorID], [fullName], [password], [gender], [gmail], [phone], [image], [status], [roleID], [serviceTypeID], [achievement]) VALUES (41, N'Phùng Thị Bích Thủy', N'123', N'Nữ', N'thuyphung202@gmail.com', 917749254, N'https://encrypted-tbn0.gstatic.com/images?q=tbn:ANd9GcSdzrBu8RfHTw4CAglJ_Hr6CJ684N9LoUlQ-Wtr1r9L_B8sDdzGG0k3M8_kge3FTdvwNsU&usqp=CAU', 1, N'DR', 4, N'<p>- <em>Tốt nghiệp <strong>Đại học Y dược TP.HCM</strong></em>.</p><p>- Nghi&ecirc;n cứu sinh <strong><em>Răng H&agrave;m Mặt Đại học Y Dược Tp HCM (2011 - 2016)</em></strong></p><p>- <strong><em>Hơn 10 năm kinh nghiệm</em></strong> về phẫu thuật trong miệng &amp; cấy gh&eacute;p Implant.</p><p>-<strong><em> Tổng Thư k&yacute; Hội Phẫu thuật Tạo h&igrave;nh TP.HCM</em></strong> ThS.BS Ph&ugrave;ng Thị Bich Thủy c&oacute; <strong><em>chuy&ecirc;n m&ocirc;n</em></strong> v&agrave; <strong><em>kinh nghiệm</em></strong> trong lĩnh vực điều trị cười hở nướu v&agrave; nhổ răng.</p><p><em>- Ngo&agrave;i ra, b&aacute;c sĩ cũng điều trị c&aacute;c vấn đề về răng kh&aacute;c, bệnh nh&acirc;n c&oacute; thể y&ecirc;n t&acirc;m khi đi kh&aacute;m răng với b&aacute;c sĩ.</em></p>')
GO
INSERT [dbo].[tblDoctors] ([doctorID], [fullName], [password], [gender], [gmail], [phone], [image], [status], [roleID], [serviceTypeID], [achievement]) VALUES (44, N'Hoàng Vũ Trọng Thụy ', N'123 ', N'Nam', N'thuyhoang2022@gmail.com', 904770053, N'https://encrypted-tbn0.gstatic.com/images?q=tbn:ANd9GcT-ngf_WZyJDWfGMDrrn37EhrkMl1GIcLiJeXWz01OgyaEAoad8j_a6-0nNbE67GvFlz_I&usqp=CAU', 1, N'DR', 5, N'<p>- <em><strong>Tốt nghiệp loại xuất sắc</strong></em> chuy&ecirc;n ng&agrave;nh Răng H&agrave;m Mặt tại trường <strong><em>Đại học Melbourne, &Uacute;c.</em></strong></p><p>-<strong><em> Ho&agrave;n th&agrave;nh kh&oacute;a huấn luyện n&acirc;ng cao về Nha chu v&agrave; Cấy Gh&eacute;p Nha Khoa</em></strong> tại <strong><em>Đại học Columbia (New York) </em></strong>&ndash;<em><strong> top 3 trường Đại học tốt nhất tại Hoa Kỳ.</strong></em></p><p>- <em>Sau khi ho&agrave;n th&agrave;nh chương tr&igrave;nh đ&agrave;o tạo, BS Thụy được mời về giảng dạy v&agrave; nghi&ecirc;n cứu</em> tại <em><strong>Đại học Columbia, Hoa Kỳ v.v.</strong></em></p><p>- ThS. BS. Ho&agrave;ng Vũ Trọng Thụy c&oacute; <em><strong>nhiều năm kinh nghiệm</strong></em> trong vai tr&ograve; b&aacute;c sĩ Răng H&agrave;m Mặt với hơn<em><strong> 2000 ca điều trị nha chu,</strong></em> hơn <strong><em>1000 ca cấy gh&eacute;p răng</em></strong>, v&agrave; hơn <strong><em>1000 ca phục h&igrave;nh sứ.</em></strong></p>')
GO
INSERT [dbo].[tblDoctors] ([doctorID], [fullName], [password], [gender], [gmail], [phone], [image], [status], [roleID], [serviceTypeID], [achievement]) VALUES (45, N'Võ Đức Duy', N'123', N'Nam', N'duyvu2022@gmail.com', 974880788, N'''https://nhakhoaanphuoc.vn/wp-content/uploads/2021/08/Nguyen-Hong-Huy-mobile.jpg', 1, N'DR', 6, N'<p>- <strong><em>Tốt nghiệp B&aacute;c sĩ Chuy&ecirc;n khoa I</em></strong> chuy&ecirc;n ng&agrave;nh Răng H&agrave;m Mặt tại trường <strong><em>Đại học Y Dược Huế. </em></strong></p><p><em><strong>- </strong>Ho&agrave;n th&agrave;nh c&aacute;c chứng chỉ Nha khoa kh&aacute;c như <strong>Chứng chỉ cắm gh&eacute;p Implant</strong> tại Bệnh viện Răng H&agrave;m Mặt TP.HCM,</em></p><p>- <strong><em>Chứng chỉ Y khoa tại trường Đại học Y Dược TP.HCM</em></strong> v&agrave; <em><strong>học bổng Fulbright tại Đại học Harvard (Mỹ).</strong></em></p><p><em>- BS. V&otilde; Đức Duy đ&atilde; c&oacute; <strong>13 năm kinh nghiệm</strong> l&agrave;m việc trong lĩnh vực Nha Khoa,</em></p><p>- B&aacute;c sĩ từng chẩn đo&aacute;n, <em><strong>điều trị, hỗ trợ, gi&uacute;p đỡ</strong></em> chữa trị cho những <em><strong>ca bệnh nghi&ecirc;m trọng</strong></em> với triệu chứng phức tạp li&ecirc;n quan đến Nha khoa.</p>')
GO
INSERT [dbo].[tblDoctors] ([doctorID], [fullName], [password], [gender], [gmail], [phone], [image], [status], [roleID], [serviceTypeID], [achievement]) VALUES (46, N'Nguyễn Thị Phương Trang', N'123', N'Nữ', N'trangnguyen2022@gmail.com', 983888611, N'https://nhakhoathuyanh.com/wp-content/uploads/2019/07/bs.T.A.png', 1, N'DR', 5, N'<p>- Tốt nghiệp Trường <em><strong>Đại Học Y được TP HCM.</strong></em></p><p>- Nhận bằng <strong><em>Tiến sĩ Nha Khoa</em></strong> của trường <strong><em>Đại học Hiroshima, Nhật Bản (năm 2014).</em></strong></p><p>- <em><strong>Chuy&ecirc;n m&ocirc;n ch&iacute;nh</strong></em>: l&agrave; những vấn đề phẫu thuật <strong><em>điều trị tủy hay cấy gh&eacute;p nha khoa.</em></strong></p><p>- Với nhiều năm<em><strong> kinh nghiệm v&agrave; chuy&ecirc;n m&ocirc;n cao</strong></em>, b&aacute;c sĩ Nguyễn Thị Phương Trang lu&ocirc;n <em>d&agrave;nh cho bệnh nh&acirc;n của m&igrave;nh những điều tốt nhất.</em></p>')
GO
INSERT [dbo].[tblDoctors] ([doctorID], [fullName], [password], [gender], [gmail], [phone], [image], [status], [roleID], [serviceTypeID], [achievement]) VALUES (47, N'Lê Thị Thanh Thương ', N'123', N'Nữ', N'thuongle2022@gmail.com', 984603663, N'https://nhakhoapeace.com/wp-content/uploads/2017/12/doi-ngu-bac-sy-nha-khoa-gioi-va-tan-tam-tai-peace-dentistry-07.jpg', 1, N'DR', 7, N'<p>- Tốt nghiệp <em><strong>Thạc sĩ chuy&ecirc;n ngh&agrave;nh Răng H&agrave;m Mặt</strong></em> năm 2007.</p><p>- Giảng vi&ecirc;n<em><strong> Viện Đ&agrave;o Tạo Răng H&agrave;m Mặt Đại học Y H&agrave; Nội.</strong></em></p><p>- Giảng vi&ecirc;n <strong><em>Implant nha khoa, tham vấn chuy&ecirc;n m&ocirc;n tập đo&agrave;n implant Mỹ, H&agrave;n Quốc.</em></strong></p><p>- <em><strong>Tr&ecirc;n 15 năm kinh nghiệm</strong></em> chuy&ecirc;n m&ocirc;n <strong><em>Răng H&agrave;m nha khoa thẩm mỹ.</em></strong></p>')
GO
INSERT [dbo].[tblDoctors] ([doctorID], [fullName], [password], [gender], [gmail], [phone], [image], [status], [roleID], [serviceTypeID], [achievement]) VALUES (48, N'Nguyễn Văn Hùng ', N'123', N'Nam', N'hungnguyen2022@gmail.com', 986375176, N'http://kiet.viettechcorp.vn/chihieu/upload/bs-cong.jpg', 1, N'DR', 7, N'<p>-Tốt nghiệp <strong><em>Chuy&ecirc;n khoa Răng H&agrave;m Mặt Đại học Y H&agrave; Nội</em></strong>.</p><p>- <em>Danh hiệu B&agrave;n tay v&agrave;ng Nha khoa Việt Nam.</em></p><p><em>- Hơn <strong>20 năm kinh nghiệm</strong> trong điều trị Nha khoa. </em></p><p>- <strong><em>Tiến sĩ Nhoa Khoa Thẩm Mỹ .</em></strong></p>')
GO
INSERT [dbo].[tblDoctors] ([doctorID], [fullName], [password], [gender], [gmail], [phone], [image], [status], [roleID], [serviceTypeID], [achievement]) VALUES (50, N'Đàm Thị Kim Thơ ', N'123', N'Nữ', N'thodam2022@gmail.com', 914770545, N'https://nhakhoakim.com/wp-content/uploads/2018/01/BS.-%C4%90%C3%80M-TH%E1%BB%8A-KIM-TH%C6%A0.png', 1, N'DR', 6, N'<p>- Từng l&agrave; <em>B&aacute;c sĩ chuy&ecirc;n khoa Răng H&agrave;m Mặt</em>,<strong><em> Bệnh viện Đại học Y Dược Th&agrave;nh Phố Hồ Ch&iacute; Minh.</em></strong></p><p>- Hơn <strong><em>10 năm kinh nghiệm</em></strong> kh&aacute;m răng h&agrave;m mặt.</p><p>- Tốt nghiệp <strong><em>Thạc sĩ</em></strong> <em>chuy&ecirc;n ng&agrave;nh Răng H&agrave;m Mặt</em>, <strong><em>Đại học Y dược TPHCM.</em></strong></p><p>- <strong><em>Tốt nghiệp B&aacute;c sĩ Đa khoa, Đại học Y dược Huế</em></strong> ThS.BS Đ&agrave;m Thị Kim Thơ được <strong><em>đ&agrave;o tạo chuy&ecirc;n s&acirc;u </em></strong>về kh&aacute;m răng tại Trường Đại học Y dược TP.HCM.</p><p>- B&aacute;c sĩ c&oacute; thế mạnh trong kh&aacute;m v&agrave; <strong><em>điều trị c&aacute;c bệnh l&yacute; tủy, nha chu, h&agrave;n tr&aacute;m răng</em>, thẩm</strong> <strong><em>mỹ răng,...</em></strong> <em>Nhiều bệnh nh&acirc;n cũng c&oacute; phản hồi tốt sau khi thăm kh&aacute;m răng v&agrave; điều trị với b&aacute;c sĩ.</em></p>')
GO
INSERT [dbo].[tblDoctors] ([doctorID], [fullName], [password], [gender], [gmail], [phone], [image], [status], [roleID], [serviceTypeID], [achievement]) VALUES (51, N'Lê Nguyễn Thanh Tâm ', N'123', N'Nữ', N'tamle2022@gmail.com', 986253482, N'https://nhakhoakim.com/wp-content/uploads/2018/02/L%C3%AA-Nguy%E1%BB%85n-Thanh-T%C3%A2m-ADV.png', 1, N'DR', 2, N'<p><em><strong>Chuy&ecirc;n khoa Phục h&igrave;nh răng</strong></em>, <strong><em>cấy gh&eacute;p Implant</em></strong>. Điều trị v&agrave; theo d&otilde;i phục h&igrave;nh <em><strong>hơn 1.000 ca.&nbsp;</strong></em></p><p><em>Tốt nghiệp</em> <em><strong>ĐH Y Dược TP.HCM</strong></em> năm 2005,<em> chuy&ecirc;n khoa Răng H&agrave;m Mặt.</em></p><p><strong><em>&nbsp;Chứng chỉ Cắm gh&eacute;p răng Implant (Dental Implantology)</em></strong> của bệnh viện <strong><em>Răng H&agrave;m Mặt TW TP.HCM.</em></strong></p><p><em>Thường tham gia c&aacute;c <strong>kh&oacute;a huấn luyện về Implant do Viện Răng H&agrave;m Mặt TP.HCM</strong>, ICOI, Chi hội Cấy gh&eacute;p Nha khoa TP.HCM tổ chức.</em></p>')
GO
INSERT [dbo].[tblDoctors] ([doctorID], [fullName], [password], [gender], [gmail], [phone], [image], [status], [roleID], [serviceTypeID], [achievement]) VALUES (54, N'Lương Hải Lâm ', N'123', N'Nam', N'lamluong2022@gmail.com', 912644784, N'https://nhakhoakim.com/wp-content/uploads/2018/01/BS.-PH%E1%BA%A0M-XU%C3%82N-GIANG-VI%E1%BB%86T.png', 1, N'DR', 4, N'<p>- <strong>Chuy&ecirc;n khoa</strong>: <em>Thẩm mỹ răng sứ, thẩm mỹ nha, nha khoa tổng qu&aacute;t.</em></p><p>- Học vấn: <strong><em>Tốt nghiệp ĐH Y Dược TP.HCM</em></strong> v&agrave; tham gia c&aacute;c kh&oacute;a<strong><em> huấn luyện chuy&ecirc;n s&acirc;u.</em></strong></p><p>- Kinh nghiệm:<strong><em> Hơn 8 năm</em></strong></p><p>- <strong><em>Th&ocirc;ng thạo tiếng Anh.</em></strong></p><p><em>- B&aacute;c sĩ c&oacute; <strong>thế mạnh</strong> trong lĩnh vực<strong> cấy gh&eacute;p implant</strong> (mất răng đơn lẻ, mất răng nguy&ecirc;n h&agrave;m),niềng răng, mặt d&aacute;n sứ veneer, tiểu phẫu răng kh&ocirc;n, răng sứ thẩm mỹ, chữa tuỷ, cắt nướu,...</em></p>')
GO
INSERT [dbo].[tblDoctors] ([doctorID], [fullName], [password], [gender], [gmail], [phone], [image], [status], [roleID], [serviceTypeID], [achievement]) VALUES (56, N'Nguyễn Ngọc Bích Hoài ', N'123', N'Nữ', N'hoainguyen2022@gmail.com', 1674269375, N'https://nhakhoakim.com/wp-content/uploads/2018/02/Nguy%E1%BB%85n-Th%E1%BB%8B-Minh-H%E1%BA%B1ng_S%C6%B0%C6%A1ng-Nguy%E1%BB%87t-Anh.png', 1, N'DR', 5, N'<p>- <strong>Chuy&ecirc;n khoa</strong>: <em>Bệnh l&yacute; v&ugrave;ng miệng &ndash; mặt, Phẫu thuật miệng &ndash; h&agrave;m mặt, cấy gh&eacute;p nha khoa.</em></p><p>- <strong>Học vấn</strong>: <strong><em>Tốt nghiệp Đại Học Y Dược Tp.HCM</em></strong> <em>chuy&ecirc;n ng&agrave;nh Răng H&agrave;m Mặt; c&aacute;c kho&aacute; học về Phẫu thuật H&agrave;m mặt; Nha khoa tổng qu&aacute;t; Nội nha.</em></p><p>- <em><strong>Chứng chỉ Cấy gh&eacute;p Nha khoa do Đại Học Y Dược Tp.HCM</strong> cấp.</em></p><p>- Kinh nghiệm: <strong><em>6 năm kinh nghiệm</em></strong> về Nha khoa tổng qu&aacute;t</p><p><em>- Th&ocirc;ng thạo tiếng Anh.</em></p>')
GO
INSERT [dbo].[tblDoctors] ([doctorID], [fullName], [password], [gender], [gmail], [phone], [image], [status], [roleID], [serviceTypeID], [achievement]) VALUES (57, N'Nguyễn Thị Minh Tâm', N'123', N'Nữ', N'tamnguyen2022@gmail.com', 962089926, N'https://nhakhoakim.com/wp-content/uploads/2018/02/nguyenthiminhtam.png', 1, N'DR', 1, N'<p>- <strong>Chuy&ecirc;n khoa</strong>: <em>Nha tổng qu&aacute;t, phục h&igrave;nh răng sứ.</em></p><p>- <strong>Học vấn:</strong> <strong><em>Tốt nghiệp Đại học Y Dược Tp.HCM</em></strong> &ndash; Khoa Răng H&agrave;m Mặt,</p><p><em>&nbsp;- Đ&agrave;o tạo sau đại học về nha tổng qu&aacute;t</em>, <strong><em>phục h&igrave;nh răng sứ v&agrave; thẩm mỹ nha khoa.</em></strong></p><p>- <em>Kinh nghiệm</em>:<em> <strong>5 năm kinh nghiệm</strong></em> về nha tổng qu&aacute;t, nội nha, phục h&igrave;nh răng sứ v&agrave; thẩm mỹ răng sứ.</p><p>- <strong><em>Ủy vi&ecirc;n Thường vụ</em></strong> Hội Y học TP.HCM</p>')
GO
INSERT [dbo].[tblDoctors] ([doctorID], [fullName], [password], [gender], [gmail], [phone], [image], [status], [roleID], [serviceTypeID], [achievement]) VALUES (58, N'Nguyễn Minh Tài', N'123', N'Nam ', N'tainguyen2022@gmail.com', 362487413, N'https://nhakhoakim.com/wp-content/uploads/2018/02/Tr%C6%B0%C6%A1ng-Nguy%E1%BB%85n-Ph%C6%B0%E1%BB%9Bc-Hi%E1%BB%81n_3T2.png', 1, N'DR', 7, N'<p>- <em><strong>Chuy&ecirc;n khoa Phục h&igrave;nh răng</strong></em>, cấy gh&eacute;p Implant.</p><p>- Điều trị v&agrave; theo d&otilde;i phục h&igrave;nh hơn<strong><em> 1.000 ca.</em></strong></p><p>- <em><strong>Tốt nghiệp ĐH Y Dược TP.HCM</strong></em> năm 2005, chuy&ecirc;n khoa Răng H&agrave;m Mặt.</p><p>- <strong><em>Chứng chỉ Cắm gh&eacute;p răng Implant (Dental Implantology)</em></strong> của bệnh viện Răng H&agrave;m Mặt TW TP.HCM.</p><p><strong><em>- Thường tham gia c&aacute;c kh&oacute;a huấn luyện về Implant do Viện Răng H&agrave;m Mặt TP.HCM, ICOI, Chi hội Cấy gh&eacute;p Nha khoa TP.HCM tổ chức.</em></strong></p>')
GO
SET IDENTITY_INSERT [dbo].[tblDoctors] OFF
GO
SET IDENTITY_INSERT [dbo].[tblPatientFeedbacks] ON 
GO
INSERT [dbo].[tblPatientFeedbacks] ([serviceFeedBackID], [status], [content], [dateFeedback], [rateStar], [patientID], [serviceID]) VALUES (13, 1, N'Trang thiết bị, cơ sở vật chất sạch sẽ, hiện đại, very good!
Đến lich hẹn minh hay quên hoặc bận thì em trực vẫn nhắc và hẹn lich mới và luôn đi kèm chữ cảm ơn sau khi nhắc mình .', CAST(N'2022-06-25' AS Date), 5, 8, 5)
GO
INSERT [dbo].[tblPatientFeedbacks] ([serviceFeedBackID], [status], [content], [dateFeedback], [rateStar], [patientID], [serviceID]) VALUES (18, 1, N'Thật sự mình đã đi khám ở rất nhiều trung tâm nhưng mình cảm thấy rất hài lòng và yên tâm nhất là trung tâm này .Chuyên nghiệp từ bác sĩ đến các bạn lễ tân, tư vấn luôn dành hết tâm sức để phục vụ, ( luôn nở nụ cuời )hỗ trợ khách hàng.', CAST(N'2022-06-10' AS Date), 4, 9, 3)
GO
INSERT [dbo].[tblPatientFeedbacks] ([serviceFeedBackID], [status], [content], [dateFeedback], [rateStar], [patientID], [serviceID]) VALUES (20, 1, N'Bác sĩ cực kì tâm lý, chuyên môn tốt, làm cho mình nhẹ nhàng, không đau còn rất tâm lý nữa.', CAST(N'2022-06-13' AS Date), 5, 10, 27)
GO
INSERT [dbo].[tblPatientFeedbacks] ([serviceFeedBackID], [status], [content], [dateFeedback], [rateStar], [patientID], [serviceID]) VALUES (25, 1, N'Dịch vụ rất tốt. Nhân viên và Nha sĩ nhiệt tình lắm lắm. Các bạn có thể đi nhiều nơi xem giá nhưng nhớ tới đây thử một lần nha', CAST(N'2022-06-13' AS Date), 5, 12, 14)
GO
INSERT [dbo].[tblPatientFeedbacks] ([serviceFeedBackID], [status], [content], [dateFeedback], [rateStar], [patientID], [serviceID]) VALUES (29, 1, N'Mình từng đi khám ở rất nhiều nơi nhưng nói thật chẳng có chỗ nào mà bác sĩ tư vấn nhiệt tình và cặn kẽ như ở đây. Cơ sở vật chất: good, dịch vụ: good, đội ngũ nhân viên: very good! Cho hẳn 5*', CAST(N'2022-06-14' AS Date), 5, 14, 7)
GO
INSERT [dbo].[tblPatientFeedbacks] ([serviceFeedBackID], [status], [content], [dateFeedback], [rateStar], [patientID], [serviceID]) VALUES (30, 1, N'Đội ngũ bác sĩ  tư vấn nhiệt tình, chuyên môn cao có sở vật chất rất tốt và hiện đại.', CAST(N'2022-06-15' AS Date), 4, 15, 8)
GO
INSERT [dbo].[tblPatientFeedbacks] ([serviceFeedBackID], [status], [content], [dateFeedback], [rateStar], [patientID], [serviceID]) VALUES (33, 1, N'Mình rất hài lòng với dịch vụ cũng như tay nghề bác sĩ bên Nha Khoa.', CAST(N'2022-06-17' AS Date), 5, 28, 11)
GO
INSERT [dbo].[tblPatientFeedbacks] ([serviceFeedBackID], [status], [content], [dateFeedback], [rateStar], [patientID], [serviceID]) VALUES (34, 1, N'Rất thích dịch vụ và chất lượng khi niềng răng tại Nha khoa', CAST(N'2022-06-18' AS Date), 5, 28, 17)
GO
INSERT [dbo].[tblPatientFeedbacks] ([serviceFeedBackID], [status], [content], [dateFeedback], [rateStar], [patientID], [serviceID]) VALUES (36, 1, N'Bảo vệ rất lich sự , dắc xe lau xe cẩn thận ( ko lấy tiền boa khách cho ) 
Đây là nha khoa uy tín, tin cậy, không đau khi quyết định niềng răng! ', CAST(N'2022-06-18' AS Date), 5, 39, 4)
GO
INSERT [dbo].[tblPatientFeedbacks] ([serviceFeedBackID], [status], [content], [dateFeedback], [rateStar], [patientID], [serviceID]) VALUES (37, 1, N'Có nhiều người bạn đã hỏi mình làm ở đâu mình đã giới thiệu tới đây, hiện bạn mình rất hài lòng.', CAST(N'2022-06-19' AS Date), 5, 40, 23)
GO
INSERT [dbo].[tblPatientFeedbacks] ([serviceFeedBackID], [status], [content], [dateFeedback], [rateStar], [patientID], [serviceID]) VALUES (38, 1, N'Đội ngũ bác sĩ giỏi, tâm lý mà cơ sở trang thiết bị tại Nha Khoa cũng vô cùng hiện đại và sạch sẽ. ', CAST(N'2022-06-20' AS Date), 5, 42, 6)
GO
INSERT [dbo].[tblPatientFeedbacks] ([serviceFeedBackID], [status], [content], [dateFeedback], [rateStar], [patientID], [serviceID]) VALUES (42, 1, N'Bác sĩ tay nghề cao. Chăm sóc bệnh nhân nhiệt tình.Cảm ơn phòng khám', CAST(N'2022-06-20' AS Date), 5, 54, 20)
GO
INSERT [dbo].[tblPatientFeedbacks] ([serviceFeedBackID], [status], [content], [dateFeedback], [rateStar], [patientID], [serviceID]) VALUES (43, 1, N'Bác sĩ và y tá nhiệt tình. Khá hài lòng về dịch vụ và làm việc của đội ngũ nha khoa. Mặc dù có rất nhiều phòng khám nhưng vẫn thích nha khoa của các bạn. Hài lòng đánh giá 5 sao nhé.', CAST(N'2022-06-20' AS Date), 5, 19, 21)
GO
INSERT [dbo].[tblPatientFeedbacks] ([serviceFeedBackID], [status], [content], [dateFeedback], [rateStar], [patientID], [serviceID]) VALUES (45, 1, N'Tưởng là đau lắm, nhưng không ngờ chả đau tẹo nào. Chưa đầy 5 phút, tạm biệt 2 em răng khôn. Bác sĩ chuyên môn tốt, mát tay quá. Mọi người ai sợ nhổ răng thì cứ về với đội của nha khoa nhé.', CAST(N'2022-06-21' AS Date), 5, 27, 33)
GO
INSERT [dbo].[tblPatientFeedbacks] ([serviceFeedBackID], [status], [content], [dateFeedback], [rateStar], [patientID], [serviceID]) VALUES (48, 1, N'Chân thành cảm ơn đội ngũ bác sĩ của nha khoa và các bạn nhân viên hỗ trợ của phòng khám đã đồng hành cùng mình trong suốt 2 năm qua. VỚi tác phong làm 
việc chuyên nghiệp, nhiệt tình với khách hàng, cơ sở vật chất sang trọng và lịch sự, mình hoàn toàn hài lòng về kết quả hiện tại.', CAST(N'2022-06-22' AS Date), 5, 46, 43)
GO
INSERT [dbo].[tblPatientFeedbacks] ([serviceFeedBackID], [status], [content], [dateFeedback], [rateStar], [patientID], [serviceID]) VALUES (49, 1, N'Tìm đến phòng khám với bao lo lắng hoang mang khi đang niềng dở ở cơ sở khác, thật sự không dám xem lại hình ảnh của mình ở thời điểm đó! 
Sau khi gặp đội ngũ bác sĩ tư vấn nhiệt tình, mình lại đặt niềm tin ở đây 1 lần nữa. Quả không sai! Sau hơn 1 năm gắn bó mình đã có được hàm răng và 
nụ cười như thế này, cuộc sống vui vẻ và tự tin hơn hẳn. Cảm ơn nha khoa rất nhiều.  ', CAST(N'2022-06-22' AS Date), 5, 52, 19)
GO
INSERT [dbo].[tblPatientFeedbacks] ([serviceFeedBackID], [status], [content], [dateFeedback], [rateStar], [patientID], [serviceID]) VALUES (51, 1, N'19 tháng đồng hành cùng nha khoa và đội ngũ y tá của phòng khám là quãng thời gian mình được tư vấn, chăm sóc vô cùng tận tình. Hành trình đi tìm nụ cười đã thành công mỹ mãn
. Lựa chọn niềng răng tại nha khoa là sự lựa chọn hoàn toàn đúng đắn đến giờ phút này.', CAST(N'2022-06-23' AS Date), 5, 55, 41)
GO
INSERT [dbo].[tblPatientFeedbacks] ([serviceFeedBackID], [status], [content], [dateFeedback], [rateStar], [patientID], [serviceID]) VALUES (52, 1, N'Từ nỗi sợ ê buốt trong khi làm, nỗi lo lắng vì răng bị mài nhiều khi bọc sứ, cô đã thay đổi hẳn cách suy nghĩ khi thực hiện dịch vụ tại nha khoa: không hề ê buốt sau khi làm, ăn uống thoải mái, không có cảm giác “giả” sau bọc sứ.
Bác sĩ Hàn Quốc tận tình, nhẹ nhàng trong thăm khám.Phòng khám đạt chuẩn, công nghệ hiện đại.', CAST(N'2022-06-23' AS Date), 5, 57, 22)
GO
INSERT [dbo].[tblPatientFeedbacks] ([serviceFeedBackID], [status], [content], [dateFeedback], [rateStar], [patientID], [serviceID]) VALUES (53, 1, N'Mình niềng trong giai đoạn đang có baby nhưng bác sĩ luôn hỗ trợ mình làm mình rất yên tâm. Còn 2 tháng nữa mình sẽ tháo nhưng hiện tại mình thấy răng minh khá là ok. Cảm ơn bác sĩ và nha khoa rất nhiều ', CAST(N'2022-06-24' AS Date), 5, 59, 43)
GO
INSERT [dbo].[tblPatientFeedbacks] ([serviceFeedBackID], [status], [content], [dateFeedback], [rateStar], [patientID], [serviceID]) VALUES (55, 1, N'Thật may mắn khi được biết tới sử dụng dịch vụ tại nha khoa, một địa chỉ đáng tin cậy về chỉnh nha tại Việt Nam. Hi vọng thế hệ các con sẽ có những nụ cười đẹp tại đây.', CAST(N'2022-06-28' AS Date), 5, 61, 46)
GO
INSERT [dbo].[tblPatientFeedbacks] ([serviceFeedBackID], [status], [content], [dateFeedback], [rateStar], [patientID], [serviceID]) VALUES (56, 1, N'Tôi thực sự rất hài lòng về sự phục vụ nhiệt tình bác sĩ và đội ngũ nhân viên của nha khoa. Một chiếc răng khôn to dài và chân răng rất cong 
rất khó nhổ. NHưng bác sĩ Đoan đã nhổ nó rất nhanh và không đau đớn. Cảm ơn bac sĩ Đoan và nha khoa rất nhiều. ', CAST(N'2022-06-25' AS Date), 5, 98, 39)
GO
INSERT [dbo].[tblPatientFeedbacks] ([serviceFeedBackID], [status], [content], [dateFeedback], [rateStar], [patientID], [serviceID]) VALUES (59, 1, N'Bác sĩ tận tình, luôn thăm hỏi động viên khách hàng và chu đáo trong quá trình chăm sóc và điều trị. Hiện nay răng của mình đã được tháo và kết quả làm mình thực sự muốn òa khóc vì hạnh phúc, răng đều đặn và lành lặn như người bình thường, 
Hiện nay mình đã cởi mở hơn trong giao tiếp và cảm nhận thấy đây là món quà mà cuộc sống ban tặng ', CAST(N'2022-06-26' AS Date), 5, 50, 25)
GO
INSERT [dbo].[tblPatientFeedbacks] ([serviceFeedBackID], [status], [content], [dateFeedback], [rateStar], [patientID], [serviceID]) VALUES (60, 1, N'Sau 2 năm ăn chung ngủ chung với mắc cài, cuối cùng em đã được tháo niềng. Bây giờ, em chả sợ nói sợ cười như ngày xưa nữa. Miệng giờ lúc nào cũng toe toét luôn. Trước lúc niềng, em chỉ mong mình bớt hô thôi, bây giờ lại lời được cả mũi, cả cằm nữa. Em vui lắm.', CAST(N'2022-06-27' AS Date), 5, 27, 18)
GO
INSERT [dbo].[tblPatientFeedbacks] ([serviceFeedBackID], [status], [content], [dateFeedback], [rateStar], [patientID], [serviceID]) VALUES (61, 1, N'Mình rất hài lòng về nha khoa. Ở đây dịch vụ và đội ngũ bác sĩ đều rất nhiệt tình và tận tâm với bệnh nhân. Mình đang trong giai đoạn tách kẽ thui nhưng mình tin là bác sĩ ở đây sẽ giúp mình lấy lại hàm răng đều đẹp và nụ cười tươi tắn trở lại. ', CAST(N'2022-06-27' AS Date), 5, 8, 50)
GO
INSERT [dbo].[tblPatientFeedbacks] ([serviceFeedBackID], [status], [content], [dateFeedback], [rateStar], [patientID], [serviceID]) VALUES (62, 1, N'Mình kết chị tư vấn quá, kiểu tư vấn đúng nghĩa chứ k đẩy khách hàng phải chọn cái này cái kia ngay lập tức ý. Xong mình chốt niềng luôn. Vào chụp ảnh, lấy dấu, xong hẹn hôm sau qua niềng. ', CAST(N'2022-06-28' AS Date), 5, 48, 18)
GO
INSERT [dbo].[tblPatientFeedbacks] ([serviceFeedBackID], [status], [content], [dateFeedback], [rateStar], [patientID], [serviceID]) VALUES (63, 1, N'Tui highly recommend cho những ai đang tìm địa chỉ niềng răng uy tín thì có thể tham khảo tại nha khoa này nha. Đội ngũ bác sĩ siêu giỏi mà có tâm, trang thiết bị mới tinh, công nghệ cũng hiện đại. Mà đặc biệt ở đây hỗ trợ nhiều lắm, khuyến mãi cực lớn. May mắn nhất của mình chính là tìm được địa chỉ trung tâm nha khoa uy tín. Có vậy mới có sự xuất hiện của hàm răng đều đẹp ngày hôm nay.”', CAST(N'2022-06-28' AS Date), 5, 49, 24)
GO
INSERT [dbo].[tblPatientFeedbacks] ([serviceFeedBackID], [status], [content], [dateFeedback], [rateStar], [patientID], [serviceID]) VALUES (65, 1, N'Dịch vụ rất tốt, bác sĩ nhẹ nhàng và tư vấn rất rõ ràng và có chuyên môn nên mình rất hài lòng với dịch vụ ở đây cho con gái của mình!', CAST(N'2022-07-26' AS Date), 5, 51, 1)
GO
INSERT [dbo].[tblPatientFeedbacks] ([serviceFeedBackID], [status], [content], [dateFeedback], [rateStar], [patientID], [serviceID]) VALUES (66, 1, N'Tôi cảm thấy rất hài lòng về dịch vụ và chất lượng tại nha khoa. Tay nghề bác sĩ rất tốt. Nha khoa đáng để đi niềng răng tin tưởng.', CAST(N'2022-07-26' AS Date), 5, 40, 2)
GO
INSERT [dbo].[tblPatientFeedbacks] ([serviceFeedBackID], [status], [content], [dateFeedback], [rateStar], [patientID], [serviceID]) VALUES (72, 1, N'Các bác sĩ có chuyên môn tốt, tận tâm. Service chăm sóc khách hàng tốt. Trang thiết bị hiện đại.', CAST(N'2022-07-25' AS Date), 5, 28, 10)
GO
INSERT [dbo].[tblPatientFeedbacks] ([serviceFeedBackID], [status], [content], [dateFeedback], [rateStar], [patientID], [serviceID]) VALUES (74, 1, N'Quy trình tư vấn của trung tâm rất tốt, lời khuyên của bác sĩ giúp mình hiểu rõ và yên tâm về vấn đề răng miệng của mình.', CAST(N'2022-07-25' AS Date), 5, 19, 13)
GO
INSERT [dbo].[tblPatientFeedbacks] ([serviceFeedBackID], [status], [content], [dateFeedback], [rateStar], [patientID], [serviceID]) VALUES (76, 1, N'Mình đang theo niềng răng tại đây. Đội ngũ nhân viên và y bác sỹ rất dễ thương. Thấy thoải mái khi mỗi lần đến tái khám.', CAST(N'2022-07-24' AS Date), 5, 59, 16)
GO
INSERT [dbo].[tblPatientFeedbacks] ([serviceFeedBackID], [status], [content], [dateFeedback], [rateStar], [patientID], [serviceID]) VALUES (79, 1, N'Cảm nhận lần đầu khám ở nha khoa mình cảm thấy các bạn lễ tân rất nhiệt tình, làm việc chuyên nghiệp. Bác sĩ Đoan rất thân thiện, thăm khám rất cẩn thận. Nên mình giới thiệu cho rất nhiều bạn bè của mình. Hy vọng sau hơn 2 năm gắn bó ở đây mình sẽ có hàm răng hằng mơ ước của mình. Sau khi niềng ở đây một thời gian mình sẽ quay lại feedback tiếp nhé.', CAST(N'2022-07-24' AS Date), 5, 19, 26)
GO
INSERT [dbo].[tblPatientFeedbacks] ([serviceFeedBackID], [status], [content], [dateFeedback], [rateStar], [patientID], [serviceID]) VALUES (82, 1, N'Sau khi được bạn giới thiệu và xem khá nhiều video trên youtube của bác Đoan thì mình đã chốt ngay trong lần đến đầu tiên. Sau gần 1 năm niềng răng ở đây, mình thấy chất lượng dịch vụ rất tốt, đội ngũ nhân viên vô cùng thân thiện. Quan trọng hết mình rất hài lòng với kết quả đem lại ❤️❤️❤️ cảm ơn bác Nam và đội ngũ nhân viên rất nhiều.', CAST(N'2022-07-26' AS Date), 5, 12, 34)
GO
INSERT [dbo].[tblPatientFeedbacks] ([serviceFeedBackID], [status], [content], [dateFeedback], [rateStar], [patientID], [serviceID]) VALUES (84, 1, N'Tất cả dịch vụ đều tốt, đội ngũ bác sĩ và nhân viên đều chu đáo. Tuy nhiên, về vấn đề đặt lịch hẹn, phòng nha cần theo sát yêu cầu và khó khăn của khách hàng. Hy vọng, Dental Care sẽ cải thiện mỗi ngày như cách khách hàng đã đặt niềm tin vào phòng nha.', CAST(N'2022-07-21' AS Date), 5, 55, 35)
GO
INSERT [dbo].[tblPatientFeedbacks] ([serviceFeedBackID], [status], [content], [dateFeedback], [rateStar], [patientID], [serviceID]) VALUES (85, 1, N'Tôi đã đến nha khoa DentalCare để khám về tình trạng răng miệng của mình. Và đc bs Hữu Đoan tận tình khám bệnh và đc nhân viên đón tiếp rất nhiệt tình. Tôi cảm thấy rất vui vẻ và tin tưởng đội ngũ nhân viên của DentalCare. Mọi ng ai muốn đc thăm khám về tình trạng răng miệng của mình thì có thể đến để đc trải nghiệm…', CAST(N'2022-07-20' AS Date), 5, 9, 48)
GO
INSERT [dbo].[tblPatientFeedbacks] ([serviceFeedBackID], [status], [content], [dateFeedback], [rateStar], [patientID], [serviceID]) VALUES (86, 1, N'Mình thấy ở đây các bác sỹ rất tận tình và chăm sóc  rất kỹ ạ . Có những thắc mắc gì thì luôn luôn trà lời nhiệt tình và đội ngũ bác sỹ có chuyên môn cao anh chị nhân viên cũng dễ thương quan tâm lắm ạ.
Phòng khám sạch sẽ và các thiết bị đầy đủ ạ, được tư vấn rất kỹ càng ạ . Mỗi lần đến tái khám là con tym đạp loạn xạ hết cả lên. Nhưng sau này đã có một kết quả tốt đẹp như mong muốn ạ.', CAST(N'2022-07-24' AS Date), 5, 10, 54)
GO
INSERT [dbo].[tblPatientFeedbacks] ([serviceFeedBackID], [status], [content], [dateFeedback], [rateStar], [patientID], [serviceID]) VALUES (87, 1, N'Cơ sở khang trang, sạch sẽ. Cảm ơn nha khoa DentalCare, nhân viên và bác sĩ đều tận tâm, rất dễ thương. Tôi thấy vô cùng hài lòng.
Nói chung điểm 10 cho chất lượng', CAST(N'2022-07-15' AS Date), 5, 54, 24)
GO
INSERT [dbo].[tblPatientFeedbacks] ([serviceFeedBackID], [status], [content], [dateFeedback], [rateStar], [patientID], [serviceID]) VALUES (89, 1, N'Mình đã đến trung tâm và đúng là ko làm mình thất vọng. Đội ngũ y bác sĩ rất nhiệt tình, tận tâm, giá cả lại cực kỳ hợp lý. Ai có nhu cầu nên đến đây sẽ ko làm bạn thất vọng đâu. Vote cho trung tâm 6 sao nếu có', CAST(N'2022-07-15' AS Date), 5, 42, 25)
GO
INSERT [dbo].[tblPatientFeedbacks] ([serviceFeedBackID], [status], [content], [dateFeedback], [rateStar], [patientID], [serviceID]) VALUES (90, 1, N'Sau một thời gian chỉnh nha tại DentalCare qua cảm nhận, đội ngũ ở đây làm việc có trách nhiệm , nhiệt tình, luôn quan tâm hỏi thăm tình trạng khách hàng để hỗ trợ kịp thời.Tôi đã có nhiều thay đổi trong quá trình niềng và hài lòng với DentalCare.', CAST(N'2022-07-19' AS Date), 5, 19, 33)
GO
SET IDENTITY_INSERT [dbo].[tblPatientFeedbacks] OFF
GO
SET IDENTITY_INSERT [dbo].[tblPatients] ON 
GO
INSERT [dbo].[tblPatients] ([patientID], [fullName], [password], [gmail], [phone], [address], [gender], [status], [roleID]) VALUES (8, N'Nguyễn Phước Duy', N'123', N'duynguyen2022@gmail.com', 394167409, N'53/34 đường Lò Lu', N'Nam', 0, N'PA')
GO
INSERT [dbo].[tblPatients] ([patientID], [fullName], [password], [gmail], [phone], [address], [gender], [status], [roleID]) VALUES (9, N'Lê Văn Tiến', N'123', N'tienle2022@gmail.com', 362462473, N'35/6 Đặng Văn Bi', N'Nam', 1, N'PA')
GO
INSERT [dbo].[tblPatients] ([patientID], [fullName], [password], [gmail], [phone], [address], [gender], [status], [roleID]) VALUES (10, N'Lê Minh Quân ', N'123', N'quanle2022@gmail.com', 987214082, N'35 lầu 5 Sky Night', N'Nam', 1, N'PA')
GO
INSERT [dbo].[tblPatients] ([patientID], [fullName], [password], [gmail], [phone], [address], [gender], [status], [roleID]) VALUES (12, N'Nguyễn Thị Kim Ngân ', N'123', N'ngannguyen2022@gmail.com', 978366465, N'25 Võ Văn Ngân ', N'Nữ', 1, N'PA')
GO
INSERT [dbo].[tblPatients] ([patientID], [fullName], [password], [gmail], [phone], [address], [gender], [status], [roleID]) VALUES (14, N'Trần Ngọc Hải ', N'123', N'haitran2022@gmail.com', 933140284, N'14 Lê Văn Việt', N'Nam ', 1, N'PA')
GO
INSERT [dbo].[tblPatients] ([patientID], [fullName], [password], [gmail], [phone], [address], [gender], [status], [roleID]) VALUES (15, N'Hồ Thi Hà ', N'123', N'haho2022@gmail.com ', 945881905, N'235 Truong Trinh', N'Nữ', 1, N'PA')
GO
INSERT [dbo].[tblPatients] ([patientID], [fullName], [password], [gmail], [phone], [address], [gender], [status], [roleID]) VALUES (19, N'Nguyễn Phương Thảo ', N'123', N'thaonguyen2022@gmail.com', 365722364, N'115/11 Kha Vạn Cân', N'Nữ', 1, N'PA')
GO
INSERT [dbo].[tblPatients] ([patientID], [fullName], [password], [gmail], [phone], [address], [gender], [status], [roleID]) VALUES (27, N'Phạm Văn Hiển', N'123', N'hienpham2022@gmail.com', 905135448, N'143/8 Lê Văn Chí', N'Nam ', 1, N'PA')
GO
INSERT [dbo].[tblPatients] ([patientID], [fullName], [password], [gmail], [phone], [address], [gender], [status], [roleID]) VALUES (28, N'Nguyễn Hoàng Đăng', N'123', N'dangnguyen2022@gmail.com', 974880788, N'415 Nguyễn Du', N'Nam ', 1, N'PA')
GO
INSERT [dbo].[tblPatients] ([patientID], [fullName], [password], [gmail], [phone], [address], [gender], [status], [roleID]) VALUES (39, N'Nguyễn Thị Bích Lài', N'123', N'lainguyen2022@gmail.com', 362462573, N'25 Phan Chu trinh ', N'Nữ', 0, N'PA')
GO
INSERT [dbo].[tblPatients] ([patientID], [fullName], [password], [gmail], [phone], [address], [gender], [status], [roleID]) VALUES (40, N'Nguyễn Hoàng Huy', N'123', N'huynguyen2022@gmail.com', 362860472, N'143/12 Sư Vạn Hạnh ', N'Nam ', 1, N'PA')
GO
INSERT [dbo].[tblPatients] ([patientID], [fullName], [password], [gmail], [phone], [address], [gender], [status], [roleID]) VALUES (42, N'Bùi Kim Thắm ', N'123', N'thambui2022@gmail.com', 373348436, N'12 Lê Hồng Phong', N'Nữ', 1, N'PA')
GO
INSERT [dbo].[tblPatients] ([patientID], [fullName], [password], [gmail], [phone], [address], [gender], [status], [roleID]) VALUES (44, N'Nguyễn Thị Trân Châu', N'123', N'chaunguyen2022@gmail.com', 702422699, N'142 đường số 2, Trường Thọ, Thủ Đức ', N'Nữ', 1, N'PA')
GO
INSERT [dbo].[tblPatients] ([patientID], [fullName], [password], [gmail], [phone], [address], [gender], [status], [roleID]) VALUES (46, N'Ngô Văn Đô', N'123', N'donguyen2022@gmail.com', 947224842, N'147 Mai Hắc Đế', N'Nam ', 1, N'PA')
GO
INSERT [dbo].[tblPatients] ([patientID], [fullName], [password], [gmail], [phone], [address], [gender], [status], [roleID]) VALUES (48, N'Võ Quốc Vương ', N'123', N'vuongvo2022@gmail.com', 957522667, N'135/14/2 Hoàng Hoa Thám', N'Nam', 1, N'PA')
GO
INSERT [dbo].[tblPatients] ([patientID], [fullName], [password], [gmail], [phone], [address], [gender], [status], [roleID]) VALUES (49, N'Trần Thị Thanh Hằng', N'123', N'hangtran2022@gmail.com', 984412412, N'378 Điện Biên Phủ', N'Nữ', 1, N'PA')
GO
INSERT [dbo].[tblPatients] ([patientID], [fullName], [password], [gmail], [phone], [address], [gender], [status], [roleID]) VALUES (50, N'Phan Võ Nữ Thùy Trang', N'123', N'trangphan2022@gmail.com', 953433763, N'51 Hồ Thị Kỷ', N'Nữ', 1, N'PA')
GO
INSERT [dbo].[tblPatients] ([patientID], [fullName], [password], [gmail], [phone], [address], [gender], [status], [roleID]) VALUES (51, N'Lò Thị Trúc Ly', N'123', N'lylo2022@gmail.com', 932662348, N'133 Xô Viết Nghệ Tĩnh', N'Nữ', 1, N'PA')
GO
INSERT [dbo].[tblPatients] ([patientID], [fullName], [password], [gmail], [phone], [address], [gender], [status], [roleID]) VALUES (52, N'Vương Ngọc Trang ', N'123', N'trangvuong2022@gmail.com ', 902123653, N'566/137 Nguyễn Thái Sơn', N'Nữ', 1, N'PA')
GO
INSERT [dbo].[tblPatients] ([patientID], [fullName], [password], [gmail], [phone], [address], [gender], [status], [roleID]) VALUES (54, N'Nguyễn Phương Hằng', N'123', N'hangnguyen2022@gmail.com', 36456159, N'369/25 Lý Thái Tổ', N'Nữ', 1, N'PA')
GO
INSERT [dbo].[tblPatients] ([patientID], [fullName], [password], [gmail], [phone], [address], [gender], [status], [roleID]) VALUES (55, N'Vương Đình Huệ ', N'123', N'huevuong2022@gmail.com', 905355269, N'461 Nam Kì Khởi Nghĩa', N'Nam', 1, N'PA')
GO
INSERT [dbo].[tblPatients] ([patientID], [fullName], [password], [gmail], [phone], [address], [gender], [status], [roleID]) VALUES (57, N'Nguyễn Hoàng Vũ', N'123', N'vuhoang202@gmail.com', 353521472, N'305 Lý Thái Tổ', N'Nam', 1, N'PA')
GO
INSERT [dbo].[tblPatients] ([patientID], [fullName], [password], [gmail], [phone], [address], [gender], [status], [roleID]) VALUES (59, N'Hoàng Thị Ngọc Trinh', N'123', N'trinhhoang2022@gmail.com', 946136753, N'543 Cách mạng Tháng 8', N'Nữ', 1, N'PA')
GO
INSERT [dbo].[tblPatients] ([patientID], [fullName], [password], [gmail], [phone], [address], [gender], [status], [roleID]) VALUES (61, N'Nguyễn Hoàng Bảo Khiêm ', N'123', N'khiemnguyen2022@gmail.com', 342156748, N'545 Lê Duẩn', N'Nam', 1, N'PA')
GO
INSERT [dbo].[tblPatients] ([patientID], [fullName], [password], [gmail], [phone], [address], [gender], [status], [roleID]) VALUES (98, N'Nguyễn Văn Hùng', N'123', N'hungnguyen2011@gmail.com', 974808483, N'35 Buôn Mê Thuột ', N'Nam', 1, N'PA')
GO
SET IDENTITY_INSERT [dbo].[tblPatients] OFF
GO
SET IDENTITY_INSERT [dbo].[tblSchedules] ON 
GO
INSERT [dbo].[tblSchedules] ([scheduleID], [dayOfWeek], [day], [slot], [status], [doctorID]) VALUES (4, N'FRI', CAST(N'2022-06-24' AS Date), 1, 1, 36)
GO
INSERT [dbo].[tblSchedules] ([scheduleID], [dayOfWeek], [day], [slot], [status], [doctorID]) VALUES (5, N'MON', CAST(N'2022-06-27' AS Date), 1, 1, 39)
GO
INSERT [dbo].[tblSchedules] ([scheduleID], [dayOfWeek], [day], [slot], [status], [doctorID]) VALUES (6, N'TUE', CAST(N'2022-06-28' AS Date), 1, 1, 40)
GO
INSERT [dbo].[tblSchedules] ([scheduleID], [dayOfWeek], [day], [slot], [status], [doctorID]) VALUES (7, N'WED', CAST(N'2022-06-29' AS Date), 1, 1, 36)
GO
INSERT [dbo].[tblSchedules] ([scheduleID], [dayOfWeek], [day], [slot], [status], [doctorID]) VALUES (11, N'THU', CAST(N'2022-07-30' AS Date), 1, 1, 44)
GO
INSERT [dbo].[tblSchedules] ([scheduleID], [dayOfWeek], [day], [slot], [status], [doctorID]) VALUES (12, N'MON', CAST(N'2022-06-27' AS Date), 1, 1, 36)
GO
INSERT [dbo].[tblSchedules] ([scheduleID], [dayOfWeek], [day], [slot], [status], [doctorID]) VALUES (13, N'MON', CAST(N'2022-06-27' AS Date), 3, 1, 36)
GO
INSERT [dbo].[tblSchedules] ([scheduleID], [dayOfWeek], [day], [slot], [status], [doctorID]) VALUES (14, N'MON', CAST(N'2022-08-01' AS Date), 1, 2, 36)
GO
INSERT [dbo].[tblSchedules] ([scheduleID], [dayOfWeek], [day], [slot], [status], [doctorID]) VALUES (15, N'TUE', CAST(N'2022-08-02' AS Date), 2, 2, 36)
GO
INSERT [dbo].[tblSchedules] ([scheduleID], [dayOfWeek], [day], [slot], [status], [doctorID]) VALUES (16, N'MON', CAST(N'2022-05-02' AS Date), 1, 2, 38)
GO
INSERT [dbo].[tblSchedules] ([scheduleID], [dayOfWeek], [day], [slot], [status], [doctorID]) VALUES (17, N'TUS', CAST(N'2022-05-03' AS Date), 1, 2, 39)
GO
INSERT [dbo].[tblSchedules] ([scheduleID], [dayOfWeek], [day], [slot], [status], [doctorID]) VALUES (18, N'FRI', CAST(N'2022-05-06' AS Date), 2, 2, 40)
GO
INSERT [dbo].[tblSchedules] ([scheduleID], [dayOfWeek], [day], [slot], [status], [doctorID]) VALUES (19, N'WED', CAST(N'2022-04-13' AS Date), 3, 2, 36)
GO
INSERT [dbo].[tblSchedules] ([scheduleID], [dayOfWeek], [day], [slot], [status], [doctorID]) VALUES (20, N'THU', CAST(N'2022-04-14' AS Date), 3, 2, 44)
GO
INSERT [dbo].[tblSchedules] ([scheduleID], [dayOfWeek], [day], [slot], [status], [doctorID]) VALUES (21, N'FRI', CAST(N'2022-04-15' AS Date), 4, 2, 45)
GO
INSERT [dbo].[tblSchedules] ([scheduleID], [dayOfWeek], [day], [slot], [status], [doctorID]) VALUES (22, N'SAT', CAST(N'2022-04-16' AS Date), 4, 2, 46)
GO
INSERT [dbo].[tblSchedules] ([scheduleID], [dayOfWeek], [day], [slot], [status], [doctorID]) VALUES (23, N'MON', CAST(N'2022-04-25' AS Date), 4, 2, 47)
GO
INSERT [dbo].[tblSchedules] ([scheduleID], [dayOfWeek], [day], [slot], [status], [doctorID]) VALUES (24, N'TUE', CAST(N'2022-04-26' AS Date), 4, 2, 48)
GO
INSERT [dbo].[tblSchedules] ([scheduleID], [dayOfWeek], [day], [slot], [status], [doctorID]) VALUES (25, N'FRI', CAST(N'2022-05-20' AS Date), 4, 2, 39)
GO
INSERT [dbo].[tblSchedules] ([scheduleID], [dayOfWeek], [day], [slot], [status], [doctorID]) VALUES (27, N'TUE', CAST(N'2022-03-08' AS Date), 3, 2, 36)
GO
INSERT [dbo].[tblSchedules] ([scheduleID], [dayOfWeek], [day], [slot], [status], [doctorID]) VALUES (29, N'WED', CAST(N'2022-03-09' AS Date), 3, 2, 38)
GO
INSERT [dbo].[tblSchedules] ([scheduleID], [dayOfWeek], [day], [slot], [status], [doctorID]) VALUES (30, N'FRI', CAST(N'2022-04-22' AS Date), 4, 2, 40)
GO
INSERT [dbo].[tblSchedules] ([scheduleID], [dayOfWeek], [day], [slot], [status], [doctorID]) VALUES (31, N'MON', CAST(N'2022-02-07' AS Date), 4, 2, 39)
GO
INSERT [dbo].[tblSchedules] ([scheduleID], [dayOfWeek], [day], [slot], [status], [doctorID]) VALUES (33, N'TUE', CAST(N'2022-02-08' AS Date), 4, 2, 40)
GO
INSERT [dbo].[tblSchedules] ([scheduleID], [dayOfWeek], [day], [slot], [status], [doctorID]) VALUES (36, N'WED', CAST(N'2022-02-09' AS Date), 4, 2, 38)
GO
INSERT [dbo].[tblSchedules] ([scheduleID], [dayOfWeek], [day], [slot], [status], [doctorID]) VALUES (37, N'THU', CAST(N'2022-02-10' AS Date), 4, 2, 36)
GO
INSERT [dbo].[tblSchedules] ([scheduleID], [dayOfWeek], [day], [slot], [status], [doctorID]) VALUES (40, N'MON', CAST(N'2022-06-06' AS Date), 1, 2, 39)
GO
INSERT [dbo].[tblSchedules] ([scheduleID], [dayOfWeek], [day], [slot], [status], [doctorID]) VALUES (42, N'TUE', CAST(N'2022-06-07' AS Date), 1, 2, 40)
GO
INSERT [dbo].[tblSchedules] ([scheduleID], [dayOfWeek], [day], [slot], [status], [doctorID]) VALUES (43, N'WED', CAST(N'2022-06-07' AS Date), 1, 2, 51)
GO
INSERT [dbo].[tblSchedules] ([scheduleID], [dayOfWeek], [day], [slot], [status], [doctorID]) VALUES (45, N'FRI', CAST(N'2022-04-22' AS Date), 1, 2, 39)
GO
INSERT [dbo].[tblSchedules] ([scheduleID], [dayOfWeek], [day], [slot], [status], [doctorID]) VALUES (46, N'FRI', CAST(N'2022-05-20' AS Date), 4, 2, 40)
GO
INSERT [dbo].[tblSchedules] ([scheduleID], [dayOfWeek], [day], [slot], [status], [doctorID]) VALUES (47, N'MON', CAST(N'2022-07-11' AS Date), 4, 2, 39)
GO
INSERT [dbo].[tblSchedules] ([scheduleID], [dayOfWeek], [day], [slot], [status], [doctorID]) VALUES (48, N'TUE', CAST(N'2022-07-12' AS Date), 4, 2, 57)
GO
INSERT [dbo].[tblSchedules] ([scheduleID], [dayOfWeek], [day], [slot], [status], [doctorID]) VALUES (49, N'WED', CAST(N'2022-08-03' AS Date), 2, 2, 36)
GO
INSERT [dbo].[tblSchedules] ([scheduleID], [dayOfWeek], [day], [slot], [status], [doctorID]) VALUES (50, N'MON', CAST(N'2022-08-01' AS Date), 3, 2, 36)
GO
INSERT [dbo].[tblSchedules] ([scheduleID], [dayOfWeek], [day], [slot], [status], [doctorID]) VALUES (51, N'MON', CAST(N'2022-08-01' AS Date), 2, 2, 36)
GO
INSERT [dbo].[tblSchedules] ([scheduleID], [dayOfWeek], [day], [slot], [status], [doctorID]) VALUES (52, N'TUE', CAST(N'2022-08-02' AS Date), 3, 2, 36)
GO
INSERT [dbo].[tblSchedules] ([scheduleID], [dayOfWeek], [day], [slot], [status], [doctorID]) VALUES (53, N'TUE', CAST(N'2022-08-02' AS Date), 4, 2, 36)
GO
INSERT [dbo].[tblSchedules] ([scheduleID], [dayOfWeek], [day], [slot], [status], [doctorID]) VALUES (54, N'MON', CAST(N'2022-08-01' AS Date), 4, 1, 36)
GO
INSERT [dbo].[tblSchedules] ([scheduleID], [dayOfWeek], [day], [slot], [status], [doctorID]) VALUES (55, N'TUE', CAST(N'2022-08-02' AS Date), 1, 1, 36)
GO
INSERT [dbo].[tblSchedules] ([scheduleID], [dayOfWeek], [day], [slot], [status], [doctorID]) VALUES (56, N'WED', CAST(N'2022-08-03' AS Date), 1, 2, 36)
GO
INSERT [dbo].[tblSchedules] ([scheduleID], [dayOfWeek], [day], [slot], [status], [doctorID]) VALUES (57, N'WED', CAST(N'2022-08-03' AS Date), 3, 1, 36)
GO
SET IDENTITY_INSERT [dbo].[tblSchedules] OFF
GO
SET IDENTITY_INSERT [dbo].[tblServiceImages] ON 
GO
INSERT [dbo].[tblServiceImages] ([serviceImageID], [image], [serviceID]) VALUES (1, N'https://kienthucnhakhoa.edu.vn/upload/image/cao-voi-rang-va-danh-bong-rang-co-lam-trang-rang-khong-3.jpg', 1)
GO
INSERT [dbo].[tblServiceImages] ([serviceImageID], [image], [serviceID]) VALUES (2, N'https://hoanmydental.vn/templates/hoanmydental.vn/data/img/upload/layvoirang/dia-chi-cao-voi-danh-bong-rang-uy-tin-tai-quan-tan-binh-min.jpg', 1)
GO
INSERT [dbo].[tblServiceImages] ([serviceImageID], [image], [serviceID]) VALUES (3, N'http://benhvienthammydrkorea.com/wp-content/uploads/2020/11/cao-voi-va-danh-bong-rang-1.jpg', 1)
GO
INSERT [dbo].[tblServiceImages] ([serviceImageID], [image], [serviceID]) VALUES (4, N'https://vinmec-prod.s3.amazonaws.com/images/20201121_123556_125345_chay-mau-chan-rang.max-800x800.jpg', 2)
GO
INSERT [dbo].[tblServiceImages] ([serviceImageID], [image], [serviceID]) VALUES (5, N'https://nhakhoakim.com/wp-content/uploads/2017/10/rang-bi-lung-lay.jpg', 2)
GO
INSERT [dbo].[tblServiceImages] ([serviceImageID], [image], [serviceID]) VALUES (6, N'http://storage1.pca-tech.online/data/upload/editor/2021/06/04/Viem-nha-chu-la-benh-gi.png', 2)
GO
INSERT [dbo].[tblServiceImages] ([serviceImageID], [image], [serviceID]) VALUES (7, N'https://nhakhoalinhxuan.com/wp-content/uploads/2018/11/tram-rang-phong-ngua-sau-rang-2.jpg', 3)
GO
INSERT [dbo].[tblServiceImages] ([serviceImageID], [image], [serviceID]) VALUES (8, N'https://nhakhoakim.com/wp-content/uploads/2018/07/tu-van-cach-nho-rang-cho-tre-em-e1530867235379.jpg', 3)
GO
INSERT [dbo].[tblServiceImages] ([serviceImageID], [image], [serviceID]) VALUES (9, N'https://encrypted-tbn0.gstatic.com/images?q=tbn:ANd9GcS3-SOXVdaM6QmsRwlkb6ghbyX0GkEP-DnArQ&usqp=CAU', 3)
GO
INSERT [dbo].[tblServiceImages] ([serviceImageID], [image], [serviceID]) VALUES (10, N'https://benhvienranghammatsg.vn/wp-content/uploads/2018/07/tram-rang-sau-bao-nhieu-tien-1.jpg', 4)
GO
INSERT [dbo].[tblServiceImages] ([serviceImageID], [image], [serviceID]) VALUES (11, N'https://nhakhoatiensitu.vn/wp-content/uploads/2018/10/h%C3%A0n-r%E1%BA%AFng.jpg', 4)
GO
INSERT [dbo].[tblServiceImages] ([serviceImageID], [image], [serviceID]) VALUES (14, N'https://nhakhoatandinh.com/wp-content/uploads/2020/02/dau-rang-sau-phai-lam-sao.jpg', 4)
GO
INSERT [dbo].[tblServiceImages] ([serviceImageID], [image], [serviceID]) VALUES (15, N'http://nhakhoaquoctevietphap.vn/wp-content/uploads/2019/06/tram-rang-1-1.jpg', 5)
GO
INSERT [dbo].[tblServiceImages] ([serviceImageID], [image], [serviceID]) VALUES (16, N'https://nhakhoasaigon.vn/wp-content/uploads/2019/06/tram-rang-thua-tham-my-bang-phuong-phap-tram-laser-composite-01.jpg', 5)
GO
INSERT [dbo].[tblServiceImages] ([serviceImageID], [image], [serviceID]) VALUES (17, N'https://www.udental.vn/wp-content/uploads/2019/08/dental_bonding_wmsvl.png', 5)
GO
INSERT [dbo].[tblServiceImages] ([serviceImageID], [image], [serviceID]) VALUES (18, N'https://nhakhoathammyhanoi.com/wp-content/uploads/2021/09/chua-tuy-rang-so-6-va-7.png', 6)
GO
INSERT [dbo].[tblServiceImages] ([serviceImageID], [image], [serviceID]) VALUES (19, N'https://nhakhoadongnam.com/wp-content/uploads/2020/01/dich-vu-dieu-tri-tuy-rang.png', 6)
GO
INSERT [dbo].[tblServiceImages] ([serviceImageID], [image], [serviceID]) VALUES (20, N'https://hamident.vn/wp-content/uploads/2022/03/chua-tuy-rang-2.jpg', 6)
GO
INSERT [dbo].[tblServiceImages] ([serviceImageID], [image], [serviceID]) VALUES (21, N'https://nhakhoadaiviet.vn/wp-content/uploads/2015/05/rang-su-cercon.jpg', 7)
GO
INSERT [dbo].[tblServiceImages] ([serviceImageID], [image], [serviceID]) VALUES (22, N'https://encrypted-tbn0.gstatic.com/images?q=tbn:ANd9GcQev5cWxwXpePmJHvWo6aOzkK1tKQDC9pnOBQ&usqp=CAU', 7)
GO
INSERT [dbo].[tblServiceImages] ([serviceImageID], [image], [serviceID]) VALUES (23, N'https://nhakhoahaiau.com/wp-content/uploads/2018/12/lam-rang-su-venus-co-tot-khong.jpg', 7)
GO
INSERT [dbo].[tblServiceImages] ([serviceImageID], [image], [serviceID]) VALUES (24, N'https://nhakhoathammyhanoi.com/wp-content/uploads/2020/12/t22.png', 8)
GO
INSERT [dbo].[tblServiceImages] ([serviceImageID], [image], [serviceID]) VALUES (25, N'https://cdn.nhakhoatoansu.com.vn/wp-content/uploads/2015/08/rang-su-titan-cao-cap-1.jpg', 8)
GO
INSERT [dbo].[tblServiceImages] ([serviceImageID], [image], [serviceID]) VALUES (27, N'https://cdn.nhakhoadangluu.com.vn/assets/rang-su-titan-co-bi-xin-mau-khong-1.jpg', 8)
GO
INSERT [dbo].[tblServiceImages] ([serviceImageID], [image], [serviceID]) VALUES (30, N'https://benhvienthammykangnam.vn/wp-content/uploads/2020/01/rang-su-venus.jpg', 10)
GO
INSERT [dbo].[tblServiceImages] ([serviceImageID], [image], [serviceID]) VALUES (31, N'https://nhakhoaparis.vn/wp-content/uploads/2019/06/boc-rang-su-gia-bao-nhieu-2-copy.jpg', 10)
GO
INSERT [dbo].[tblServiceImages] ([serviceImageID], [image], [serviceID]) VALUES (32, N'https://i2.wp.com/www.nhakhoaquocteachau.vn/wp-content/uploads/2014/12/e.max-smile-ha-noi.jpg?resize=618%2C295', 10)
GO
INSERT [dbo].[tblServiceImages] ([serviceImageID], [image], [serviceID]) VALUES (33, N'https://nhakhoalinhxuan.com/wp-content/uploads/2019/06/thay-rang-sua-tre-em.jpg', 11)
GO
INSERT [dbo].[tblServiceImages] ([serviceImageID], [image], [serviceID]) VALUES (34, N'https://nhakhoasaigonbacsilam.com/wp-content/uploads/2015/12/shutterstock_146378675-1000x630.jpg', 11)
GO
INSERT [dbo].[tblServiceImages] ([serviceImageID], [image], [serviceID]) VALUES (35, N'https://nhakhoamientrung.vn/wp-content/uploads/2021/09/nho-rang-sua-cho-tre-dung-cach-1-600x400.jpg', 11)
GO
INSERT [dbo].[tblServiceImages] ([serviceImageID], [image], [serviceID]) VALUES (36, N'https://nhorangso8.com/stmresource/files/nho-rang/nhung-truong-hop-nho-rang-3-chan-1.jpg', 13)
GO
INSERT [dbo].[tblServiceImages] ([serviceImageID], [image], [serviceID]) VALUES (37, N'https://doc.vortala.com/static/uploads/9/files/shiny-wisdom-tooth-sq.jpg', 13)
GO
INSERT [dbo].[tblServiceImages] ([serviceImageID], [image], [serviceID]) VALUES (38, N'https://www.trungtamnhakhoa.com.vn/hoanghung/5/images/rang-khon-va-nhung-dieu-can-biet-khi-nho-rang-khon2.jpg', 13)
GO
INSERT [dbo].[tblServiceImages] ([serviceImageID], [image], [serviceID]) VALUES (40, N'https://hidental.vn/wp-content/uploads/2020/11/bao-lau-tay-trang-rang-1-lan-1.jpg', 14)
GO
INSERT [dbo].[tblServiceImages] ([serviceImageID], [image], [serviceID]) VALUES (41, N'https://img.websosanh.vn/v10/users/review/images/6xclaal42vmt1/1557392602337_2730531.jpg?compress=85', 14)
GO
INSERT [dbo].[tblServiceImages] ([serviceImageID], [image], [serviceID]) VALUES (42, N'https://encrypted-tbn0.gstatic.com/images?q=tbn:ANd9GcSoUyWW7i5o2hlWsdsOx2pkesQOPq5jsO0P3BHA42qWTcYhf23XW-R4dcD1J5aaod1ERPE&usqp=CAU', 14)
GO
INSERT [dbo].[tblServiceImages] ([serviceImageID], [image], [serviceID]) VALUES (43, N'https://benhvienranghammatsg.vn/wp-content/uploads/2017/04/quy-trinh-tay-trang-rang-tai-nha-1.jpg', 15)
GO
INSERT [dbo].[tblServiceImages] ([serviceImageID], [image], [serviceID]) VALUES (44, N'https://vinmec-prod.s3.amazonaws.com/images/20191124_020410_686391_Tay-trang-rang-tai-.max-1800x1800.png', 15)
GO
INSERT [dbo].[tblServiceImages] ([serviceImageID], [image], [serviceID]) VALUES (45, N'https://nhathuoclongchau.com/upload/post/44042/images/cach-tay-trang-rang-tai-nha-luu-y-khi-tay-trang-rang-tai-nha.jpg', 15)
GO
INSERT [dbo].[tblServiceImages] ([serviceImageID], [image], [serviceID]) VALUES (46, N'http://bizweb.dktcdn.net/thumb/grande/100/355/752/products/tao-khenh.jpg?v=1560098495797', 16)
GO
INSERT [dbo].[tblServiceImages] ([serviceImageID], [image], [serviceID]) VALUES (47, N'https://nhakhoafamily.vn/wp-content/uploads/2018/09/rang-dinh-kim-cuong.jpg', 16)
GO
INSERT [dbo].[tblServiceImages] ([serviceImageID], [image], [serviceID]) VALUES (48, N'https://nhakhoadalat.com/wp-content/uploads/2020/11/R%C4%83ng-%C4%91%C3%ADnh-%C4%91%C3%A1-v%C3%A0-nh%E1%BB%AFng-%C4%91i%E1%BB%81u-c%E1%BA%A7n-bi%E1%BA%BFt-1.png', 16)
GO
INSERT [dbo].[tblServiceImages] ([serviceImageID], [image], [serviceID]) VALUES (49, N'https://vinmec-prod.s3.amazonaws.com/images/20190810_052518_159299_nieng-rang-mac-cai-.max-1800x1800.jpg', 17)
GO
INSERT [dbo].[tblServiceImages] ([serviceImageID], [image], [serviceID]) VALUES (50, N'https://wikinhakhoa.com/wp-content/uploads/2021/05/nieng-rang-mac-cai-kim-loai-tu-buoc.jpg', 17)
GO
INSERT [dbo].[tblServiceImages] ([serviceImageID], [image], [serviceID]) VALUES (51, N'https://nhathuoclongchau.com/upload/post/47479/images/nieng-rang-co-can-phai-nho-rang-khong-va-co-anh-huong-gi-khong-1.png', 17)
GO
INSERT [dbo].[tblServiceImages] ([serviceImageID], [image], [serviceID]) VALUES (52, N'https://vinmec-prod.s3.amazonaws.com/images/20190930_050109_144815_nieng-rang-tham-my.max-1800x1800.png', 18)
GO
INSERT [dbo].[tblServiceImages] ([serviceImageID], [image], [serviceID]) VALUES (53, N'https://cdn.niengrangmattrong.net/wp-content/uploads/2015/03/Phan-loai-phuong-phap-nieng-rang-mac-cai-tu-dong-01.jpg', 18)
GO
INSERT [dbo].[tblServiceImages] ([serviceImageID], [image], [serviceID]) VALUES (54, N'https://benhvien199.vn/Images/images/chinh-nha-mac-cai-su.jpg', 18)
GO
INSERT [dbo].[tblServiceImages] ([serviceImageID], [image], [serviceID]) VALUES (55, N'https://vinmec-prod.s3.amazonaws.com/images/20190930_050625_632773_nieng-rang-trong-suot.max-800x800.jpg', 19)
GO
INSERT [dbo].[tblServiceImages] ([serviceImageID], [image], [serviceID]) VALUES (56, N'https://nhakhoaasia.com/wp-content/uploads/2021/10/Nieng-rang-Invisalign-la-gi-2.jpg', 19)
GO
INSERT [dbo].[tblServiceImages] ([serviceImageID], [image], [serviceID]) VALUES (57, N'https://thammyvientam.com/wp-content/uploads/2020/02/invisalign-1024x576-1.jpeg', 19)
GO
INSERT [dbo].[tblServiceImages] ([serviceImageID], [image], [serviceID]) VALUES (58, N'https://dental.com.vn/lam-cui-gia-cho-rang/imager_1_42_300.jpg', 20)
GO
INSERT [dbo].[tblServiceImages] ([serviceImageID], [image], [serviceID]) VALUES (59, N'https://nhakhoaquoctephuhoa.vn/wp-content/uploads/2022/05/trong-rang-gia-co-dinh-nen-chon.png', 20)
GO
INSERT [dbo].[tblServiceImages] ([serviceImageID], [image], [serviceID]) VALUES (60, N'http://bocrangsuthammy.info/vupload/2017/03/mai-rang-co-dau-khong.jpg', 20)
GO
INSERT [dbo].[tblServiceImages] ([serviceImageID], [image], [serviceID]) VALUES (61, N'https://nhakhoakda.vn/storage/uploads/RangSUCaoCap.png', 21)
GO
INSERT [dbo].[tblServiceImages] ([serviceImageID], [image], [serviceID]) VALUES (62, N'https://i.ytimg.com/vi/IxOIj88cF_4/hqdefault.jpg', 21)
GO
INSERT [dbo].[tblServiceImages] ([serviceImageID], [image], [serviceID]) VALUES (63, N'https://nhakhoatandinh.com/wp-content/uploads/2020/04/cau-rang-su.jpg', 21)
GO
INSERT [dbo].[tblServiceImages] ([serviceImageID], [image], [serviceID]) VALUES (64, N'https://nhakhoathammyhanoi.com/wp-content/uploads/2020/10/su1.jpg', 22)
GO
INSERT [dbo].[tblServiceImages] ([serviceImageID], [image], [serviceID]) VALUES (65, N'https://benhvienranghammatsg.vn/wp-content/uploads/2018/07/rang-toan-su.jpg', 22)
GO
INSERT [dbo].[tblServiceImages] ([serviceImageID], [image], [serviceID]) VALUES (66, N'http://nhakhoalongxuyen.vn/wp-content/uploads/2020/07/boc-rang-su-gia-re-2.jpg', 22)
GO
INSERT [dbo].[tblServiceImages] ([serviceImageID], [image], [serviceID]) VALUES (67, N'https://nhakhoadongnam.com/wp-content/uploads/2020/12/rang-su-emax-co-may-loai.jpeg', 23)
GO
INSERT [dbo].[tblServiceImages] ([serviceImageID], [image], [serviceID]) VALUES (68, N'https://cdn.benhvienthucuc.vn/wp-content/uploads/2021/12/boc-rang-su-emax.jpg', 23)
GO
INSERT [dbo].[tblServiceImages] ([serviceImageID], [image], [serviceID]) VALUES (69, N'http://nhakhoaminhchau.com/wp-content/uploads/2016/03/rang-su-emax1.jpg', 23)
GO
INSERT [dbo].[tblServiceImages] ([serviceImageID], [image], [serviceID]) VALUES (70, N'https://rubyluxury.vn/Content/Uploads/images/ban-biet-gi-ve-rang-su-cerconht-1.jpg', 24)
GO
INSERT [dbo].[tblServiceImages] ([serviceImageID], [image], [serviceID]) VALUES (71, N'https://rubyluxury.vn/Content/Uploads/images/ban-biet-gi-ve-rang-su-cerconht-1.jpg', 24)
GO
INSERT [dbo].[tblServiceImages] ([serviceImageID], [image], [serviceID]) VALUES (72, N'https://trungtamnhakhoa.vn/hoanghung/5/images/R%C4%83ng%20s%E1%BB%A9%20Cercon%20HT.jpg', 24)
GO
INSERT [dbo].[tblServiceImages] ([serviceImageID], [image], [serviceID]) VALUES (74, N'https://nhakhoakim.com/wp-content/uploads/2018/10/rang-su-Chrome-Cobalt-2.jpg', 25)
GO
INSERT [dbo].[tblServiceImages] ([serviceImageID], [image], [serviceID]) VALUES (75, N'https://nhakhoakim.com/wp-content/uploads/2018/10/rang-su-Chrome-Cobalt-3.jpg', 25)
GO
INSERT [dbo].[tblServiceImages] ([serviceImageID], [image], [serviceID]) VALUES (76, N'https://encrypted-tbn0.gstatic.com/images?q=tbn:ANd9GcSONlmqTaXcMOv2JSjtb-iCeApsgVKGcWPnsCLOPBrII7azAE4iyqL80nrx6i0rDQ8Vyjk&usqp=CAU', 26)
GO
INSERT [dbo].[tblServiceImages] ([serviceImageID], [image], [serviceID]) VALUES (77, N'https://nhakhoatunganh.vn/upload/fck/image/dinh-da-rang-khenh-min.jpg', 26)
GO
INSERT [dbo].[tblServiceImages] ([serviceImageID], [image], [serviceID]) VALUES (78, N'https://nhakhoadalat.com/wp-content/uploads/2019/12/dap-rang-khenh-bang-composite-1.png', 26)
GO
INSERT [dbo].[tblServiceImages] ([serviceImageID], [image], [serviceID]) VALUES (79, N'https://vienniengrang.com/wp-content/uploads/2018/10/ch%E1%BB%89nh-nha-th%C3%A1o-l%E1%BA%AFp-cho-tr%E1%BA%BB-em.jpg', 27)
GO
INSERT [dbo].[tblServiceImages] ([serviceImageID], [image], [serviceID]) VALUES (80, N'http://blog.navii.vn/wp-content/uploads/2020/06/ham-trainer-3.jpg', 27)
GO
INSERT [dbo].[tblServiceImages] ([serviceImageID], [image], [serviceID]) VALUES (81, N'https://cdn.benhvienthucuc.vn/wp-content/uploads/2021/07/nan-chinh-rang-cho-tre-em-bang-ham-trainer-1.jpg', 27)
GO
INSERT [dbo].[tblServiceImages] ([serviceImageID], [image], [serviceID]) VALUES (82, N'https://nhakhoathuyanh.com/wp-content/uploads/2019/11/rang-khon-moc-ngam.jpg', 33)
GO
INSERT [dbo].[tblServiceImages] ([serviceImageID], [image], [serviceID]) VALUES (83, N'https://nhakhoanhantam.com/stmresource/files/nho-rang/quy-trinh-nho-rang-khon-moc-ngam-an-toan-khong-dau-01.jpg', 33)
GO
INSERT [dbo].[tblServiceImages] ([serviceImageID], [image], [serviceID]) VALUES (87, N'http://file.hstatic.net/1000391641/article/bigstock-d-render-of-teeth-with-wisdom-239458588_412605e844fc4615b4f7ef52b4e6eca4_1024x1024.jpg', 33)
GO
INSERT [dbo].[tblServiceImages] ([serviceImageID], [image], [serviceID]) VALUES (88, N'https://cdn-img-v2.webbnc.net/media/6506/rang-khon-moc-thang-nen-giu-hay-phai-nho.jpeg', 34)
GO
INSERT [dbo].[tblServiceImages] ([serviceImageID], [image], [serviceID]) VALUES (89, N'https://file.hstatic.net/1000391641/file/rang_khon_moc_thang_e3f84dafe3204a27ad5bc07caabcc24c_grande.jpg', 34)
GO
INSERT [dbo].[tblServiceImages] ([serviceImageID], [image], [serviceID]) VALUES (90, N'https://nhakhoadelia.vn/wp-content/uploads/2022/02/nho-rang-khon-mat-bao-nhieu-tien.jpg', 34)
GO
INSERT [dbo].[tblServiceImages] ([serviceImageID], [image], [serviceID]) VALUES (91, N'https://encrypted-tbn0.gstatic.com/images?q=tbn:ANd9GcTTXJmnBV_nkMjeDS_YETQdUZCU9rUSjIjtJLZknqm8YrxWgjL-b9ncbiJtecdAB6hbL7w&usqp=CAU', 35)
GO
INSERT [dbo].[tblServiceImages] ([serviceImageID], [image], [serviceID]) VALUES (92, N'https://nhakhoatandinh.com/wp-content/uploads/2020/06/rang-khon-moc-ngang-la-gi.jpg', 35)
GO
INSERT [dbo].[tblServiceImages] ([serviceImageID], [image], [serviceID]) VALUES (93, N'http://oreli.vn/wp-content/uploads/2020/06/rang-khon-moc-lech-6.jpg', 35)
GO
INSERT [dbo].[tblServiceImages] ([serviceImageID], [image], [serviceID]) VALUES (94, N'https://encrypted-tbn0.gstatic.com/images?q=tbn:ANd9GcTwbj6wgnutLbzqWMoDfniGzKtcFHRV8v42zNqcRD7OMmIDyNiqOvHusSJ1PhBB7sly8Ug&usqp=CAU', 39)
GO
INSERT [dbo].[tblServiceImages] ([serviceImageID], [image], [serviceID]) VALUES (95, N'https://nhakhoatre.com/wp-content/uploads/2021/08/rang-khon-moc-lech-45-do-2.jpg', 39)
GO
INSERT [dbo].[tblServiceImages] ([serviceImageID], [image], [serviceID]) VALUES (96, N'https://media.alobacsi.com/upload/levanbinh/2022/06/15/103355-au-rang-khon-khong-ro-nguyen-nhan.jpg', 39)
GO
INSERT [dbo].[tblServiceImages] ([serviceImageID], [image], [serviceID]) VALUES (97, N'https://nhakhoathuyanh.com/wp-content/uploads/2020/04/76cc82f527fd7880da09fda138d57810.jpg', 41)
GO
INSERT [dbo].[tblServiceImages] ([serviceImageID], [image], [serviceID]) VALUES (98, N'https://nhakhoathammyhanoi.com/wp-content/uploads/2019/06/t12-2.jpg', 41)
GO
INSERT [dbo].[tblServiceImages] ([serviceImageID], [image], [serviceID]) VALUES (99, N'https://nhakhoatandinh.com/wp-content/uploads/2020/12/gia-nieng-rang-5.jpg', 41)
GO
INSERT [dbo].[tblServiceImages] ([serviceImageID], [image], [serviceID]) VALUES (100, N'https://nhakhoahanquoc.com.vn/wp-content/uploads/2018/02/nieng-rang-mac-cai-su-nano-1.jpg', 43)
GO
INSERT [dbo].[tblServiceImages] ([serviceImageID], [image], [serviceID]) VALUES (101, N'https://nhakhoaquoctephuhoa.vn/wp-content/uploads/2022/05/nieng-rang-mac-cai-pha-le-voi-mac-cai-su-loai-nao-tot-hon-su-5.jpg', 43)
GO
INSERT [dbo].[tblServiceImages] ([serviceImageID], [image], [serviceID]) VALUES (102, N'https://rangsutoansu.com/wp-content/uploads/2015/02/nieng-rang-mac-cai-tu-buoc-1-439x287.jpg', 43)
GO
INSERT [dbo].[tblServiceImages] ([serviceImageID], [image], [serviceID]) VALUES (103, N'https://kandental.com/wp-content/uploads/2018/04/TAY-TRANG-BANG-DEN.jpg', 46)
GO
INSERT [dbo].[tblServiceImages] ([serviceImageID], [image], [serviceID]) VALUES (105, N'https://nhakhoadaisy.vn/wp-content/uploads/2021/07/phuong-phap-laser-whitening.jpg', 46)
GO
INSERT [dbo].[tblServiceImages] ([serviceImageID], [image], [serviceID]) VALUES (106, N'https://www.trungtamnhakhoa.com.vn/hoanghung/5/images/tay-trang-rang-tai-phong-kham-bang-den-laser.jpg', 46)
GO
INSERT [dbo].[tblServiceImages] ([serviceImageID], [image], [serviceID]) VALUES (107, N'https://encrypted-tbn0.gstatic.com/images?q=tbn:ANd9GcTj1iXi9PvWl_GG2l2B05OadAZceoCkE9qN2Qgb3ENnbNaaxO1um_hg1Z2fg8WJJa2cUBg&usqp=CAU', 48)
GO
INSERT [dbo].[tblServiceImages] ([serviceImageID], [image], [serviceID]) VALUES (108, N'https://careplusvn.com/Uploads/t/ca/cao-voi-rang-co-anh-huong-gi-khong-3_0003211_710.jpeg', 48)
GO
INSERT [dbo].[tblServiceImages] ([serviceImageID], [image], [serviceID]) VALUES (109, N'https://nhakhoatre.com/wp-content/uploads/2020/07/nhung-dieu-ba-me-nen-biet-ve-nha-khoa-tre-em-0.jpg', 48)
GO
INSERT [dbo].[tblServiceImages] ([serviceImageID], [image], [serviceID]) VALUES (110, N'https://nhakhoadrhung.com/wp-content/uploads/2015/11/nha-khoa-drhung-dai-than-rang.jpg', 50)
GO
INSERT [dbo].[tblServiceImages] ([serviceImageID], [image], [serviceID]) VALUES (111, N'https://znews-photo.zingcdn.me/w660/Uploaded/gtnvzv/2017_10_19/Botox_Gummy_Smile.jpg', 50)
GO
INSERT [dbo].[tblServiceImages] ([serviceImageID], [image], [serviceID]) VALUES (112, N'https://nhakhoadalat.com/wp-content/uploads/2020/02/phau-thuat-cat-nuou-tham-my-co-dau-khong.png', 50)
GO
INSERT [dbo].[tblServiceImages] ([serviceImageID], [image], [serviceID]) VALUES (113, N'https://nhakhoadrhung.com/wp-content/uploads/2018/01/DIEU-TRI-RANG-VOI-LASER-LIGHT-WALKER.jpg', 54)
GO
INSERT [dbo].[tblServiceImages] ([serviceImageID], [image], [serviceID]) VALUES (114, N'https://cdn.benhvienthucuc.vn/wp-content/uploads/2018/06/dieu-tri-nha-khoa-bang-laser-1.png', 54)
GO
INSERT [dbo].[tblServiceImages] ([serviceImageID], [image], [serviceID]) VALUES (115, N'https://doctors24h.vn/uploads/news/05_2019/uu-diem-va-nhuoc-diem-cua-laser-trong-nha-khoa.jpg', 54)
GO
INSERT [dbo].[tblServiceImages] ([serviceImageID], [image], [serviceID]) VALUES (116, N'data:image/jpeg;base64,/9j/4RDaRXhpZgAATU0AKgAAAAgABwESAAMAAAABAAEAAAEaAAUAAAABAAAAYgEbAAUAAAABAAAAagEoAAMAAAABAAIAAAExAAIAAAAeAAAAcgEyAAIAAAAUAAAAkIdpAAQAAAABAAAApAAAANAACvyAAAAnEAAK/IAAACcQQWRvYmUgUGhvdG9zaG9wIENTNiAoV2luZG93cykAMjAxNzoxMDoyNiAxNTowMDo1NQAAA6ABAAMAAAABAAEAAKACAAQAAAABAAABw6ADAAQAAAABAAABdgAAAAAAAAAGAQMAAwAAAAEABgAAARoABQAAAAEAAAEeARsABQAAAAEAAAEmASgAAwAAAAEAAgAAAgEABAAAAAEAAAEuAgIABAAAAAEAAA+kAAAAAAAAAEgAAAABAAAASAAAAAH/2P/tAAxBZG9iZV9DTQAB/+4ADkFkb2JlAGSAAAAAAf/bAIQADAgICAkIDAkJDBELCgsRFQ8MDA8VGBMTFRMTGBEMDAwMDAwRDAwMDAwMDAwMDAwMDAwMDAwMDAwMDAwMDAwMDAENCwsNDg0QDg4QFA4ODhQUDg4ODhQRDAwMDAwREQwMDAwMDBEMDAwMDAwMDAwMDAwMDAwMDAwMDAwMDAwMDAwM/8AAEQgAhQCgAwEiAAIRAQMRAf/dAAQACv/EAT8AAAEFAQEBAQEBAAAAAAAAAAMAAQIEBQYHCAkKCwEAAQUBAQEBAQEAAAAAAAAAAQACAwQFBgcICQoLEAABBAEDAgQCBQcGCAUDDDMBAAIRAwQhEjEFQVFhEyJxgTIGFJGhsUIjJBVSwWIzNHKC0UMHJZJT8OHxY3M1FqKygyZEk1RkRcKjdDYX0lXiZfKzhMPTdePzRieUpIW0lcTU5PSltcXV5fVWZnaGlqa2xtbm9jdHV2d3h5ent8fX5/cRAAICAQIEBAMEBQYHBwYFNQEAAhEDITESBEFRYXEiEwUygZEUobFCI8FS0fAzJGLhcoKSQ1MVY3M08SUGFqKygwcmNcLSRJNUoxdkRVU2dGXi8rOEw9N14/NGlKSFtJXE1OT0pbXF1eX1VmZ2hpamtsbW5vYnN0dXZ3eHl6e3x//aAAwDAQACEQMRAD8A8qSSSSUpJJJJSkkkklKSSSSUpJJJJSkkkklKSSU6KLsi1tNFbrrX6MrY0ucT/JY33OSUwSXY9F/xfZNhF3WSaK+2NW4G0/8AGP8A0ldLf8+3/il0mP8AVzoeEJx8KvePz7R6rv8Awbe3/oo0gl8qSXZ/WX6rUOrfmdPr9K1g3WUMEMc0fSNTPzLG/uN9i4xBKkkkklP/0PKl0/1Y+pn7ZxvtuVkGjGLyytjG7rH7fpul0MrZ7v8AhFzC9V+ojQ76s4kDh1wPx9Rx/ikEFr0/4t/q83V9mVZ8bGAf9GlXG/4vvqtEfZrT5m50ro2NRWsSU8z/AON99Vf+4tn/AG89RP8Ai3+rNp2spyWudoNlsmfLfW9dWGJ2tIIc3Rw1B4IKSnzjrH+LAsrNvRcl1rmifs2TtDjH+jyGbKt/8i2un/jFzPR/qn1vrD7W4tIY3Hf6V77nCsMf/o3Nf+k9Rse9jK/Yvb3tL3FzhqdSYiTzKrUYldbrixoabbPUeRpucWsZud/K2s2pJfOqP8Vea4A5PUKaz3FTH2f9X9nWljf4relNgZOZkXHvsDKR/wBIZK7k1uMT20CTxY8APcXBohs6wPAI6I1eV/8AG9+quOQDS7JkAkm55iex9MUe5Yv1k+oOH9kdl9Crey+kS/D3GwWNH0nUF82+s3/Rbn+r/g/0n8737qvJDNZadw0I1BCWitXyH6q/Ve/r+U7c40YOPrkXgSZP0KKWn6V1n/gVf6T/AIOz1no31W6Z0nCJwmsqrDHG4tcHXv2D2+vbHu3v/wAGz9Cl0/AxsT1q8esVMtufe9o4NlsOsf8A992/uK+ze2p1YJDXctBgapAhRc41TyhvqV91YQnsStFORkVRr4d15X13EbhdXysdo2sD9zB2DX/pGAf1WvXr2TXovM/rzXt6wx8aWUtM+YL2fwSKQ88kkkgl/9Hypen/AOLe/wBX6vvq/Ox8l4j+S9tb2f8ASbYvMF2v+LDPFXUcvp7jH2uoWV+b6CXbR/1iy5//AFtJT6ZWNEZrVCvjRGaErUoBOGqQCcIWpaEMCHnzRkMj3HyCBKlbUxaiAJi1K1IS0ITmqy5qE8JWpHQP0rh5BWCECrTJ+IVwtBCESkhrOb+CC9qtuagvanWhzcpvtK84/wAYDAMnEd3LXj7i3/yS9NyW6LzL/GG4fbsWvu2pzj/adH/fElPJpJJIqf/S8qVnpufkdNz6M/GMXYzw9s8GPpMd/Ie32PVZJJT750vOxuoYNGdimaMhgfXPI7OrdH59L91Vi0GryP6gfW1vSMk9Nz3x07JdLXu4ptPt9T/ibfo3f9u/vr1th+9NKmYCkApsqscJa0uHlqnbVYTo0k+HdJSN3CE4+/8Arafei26aeC53639eHQ+j2ZbSDk2fosRp/wBK4aP/AKtDf03/AIH/AIRDql6BmoHloVKFzv1K+sZ650iq64g5dJFOZ4l7R7by3/uzX+k/431107mgsa9vB9rv6w/8xSQgIQrAIVghAtQS1d+3LaB3B/KtFuoHmvO/rL9csjov1srqaPWwK6GNyscRO57n2+tSf9M2p1f8h/0F3HTOoYvUcOrLw7RdRcN1bx9xDm/mPY722MSArVRLbc1Be1WrgNxI0DgHD4OEqu8JyGhlD2leS/X6wP69tH+DpY0/Mus/7+vW8v6JXjX1ws9T6x5kGQxzWf5rGNd/0kQpxkkkkVP/0/KkkkuUlKGq9J/xe/W5zxX0PqD/ANI0BuDc4/SA4xHn/SN/7Tf9sf6FeeMrjUrbq6F6dTX5TS57/o1AxHf3u+luS3U+342U9jpBjxBCs0XxeXvcAHAyf7l5t0H61dQxWMxssDLqmGW2PPqsb+7ZZts9Zjf+Eb6n/CLZyfr+GUgY+C59rNGF9jWM/rnYHPd/mVocJRxB6TqmVjYNN2ZnWtxseoF91r52tBPshsb3Pf8AmVt/S2vXiv1z+tVn1jzm+mDVgYpcMSl30jujfkXf8NdsZ7PoUs/R/v22bXVes9R61kCzrNk4wJAx62xWwHRz21kn1Lf+FtfvXJdQ6Y7CtEHdVZJqcRr/AFXf2UeGtUCVmm19U/rHd9XuqNyYc/FtHp5dLfzmT9NgPt9an6dX/bf0LF7lg51OTiMvx7G3Y2S0WV2N4I/Nc2fo/wCrF877IXSfVT64dU+r59LaMnpzyXPxHu2wTzZjW+70Lf8AwKz/AAjECufbWGv07N3Jb7fjKpZL2Vsc+xwYxgLnuPAa0bnOcsDH/wAYn1XvrDnXXUPI1qspe5wPgHY/rVvVfqfVbOvdNuZ0+t7cW2txa6wbX27feyK5Pp0O2/n/AKS3+QhSrfNfrHlu6h1rM6gQQzIsLmA8hg9lP/gTWLY+oH1ob0bqBwsuwM6fmES930arfosv/k12fzV//W7P8CqVuGMtgIEQNHfwKqDpFoftMAeKfwreJ95a8kCdYAA+HIUbAvNPq79YesdEqGM6xmbgsb+ix7twcw/uY97dz6q/5D221Lpqfr/hWV+m/DvY5xBLQ6tzdw/l+z/qE3hTYdPqFlVNFl97gymppfa88BrRuc5eE52U7LzL8p2jr7HWEeG47oXYfXf62Z3U2u6aKfsWGCHubu3vujWt1lgDWei36XpM/wAJ9NcSilSSSSSn/9TypForklx4CEui+qfRf2rmAWNnFxgH3fyifoU/2/z/AOQkp0/qx9XDaGZ+S3Q+6isjt/pXf98W/wBS6BZkM9XGE3N5ZMbgf3Z+i9q3aMYNAgR5BW2UjuE0HW1U8Fj4PVMW8OtxLQ0abthIjzcFatGPflOFNR2taDYGyYj6dh/OXe0NradWySCAO0nug53QsO8PGVV6d20gPbAfqOPUb/39OElpi+d5BYdzmkOE6ECAR/VTjCu6l06yl4b6DGvNDnDUWR7Hbh7vY5bOR9SLmFoxsslgMFlzddv8myv/AMgtOrpVOLjsxmyQwSXEak/vJGQpQi+dYP1Wz8h27IH2ascuPuJ/qNb/AN+XRYHS8DChtNQst72vG534/R/srfOA+47JLW9yFo4vTKqme1n9qO6ZZ6Lnk8vpOJlkHIxSDx6jRtMeexbXTnMoa2tjRtY3a1scDjRbbsKvZuLTsMtBn84Cf83VZ+Rg7CXs7CfNLUdbU8X1Tp1vS8hzBrh2uLqbfj/gn/8ACMVSWauLgB5r0OvGryMcttY2yuwQ+twBBHwKhg/V3pWG8WUYrA9pkOfLyPh6xenCSDF4azawuY4w9mhaefn/AFVXtyKyK66gPVk+8ElzpI2N2D9xenv6T0y6XX4ePaSZJdW0kk/nEwiNwcXCYDRj1Y+4S302NYY8faNydxIp8s6z07MyOnPuvpcx1LdzHubsO1o9/t/lNauQXrH13yQzo2UJ+kzb/nHavJ0LtIUkkl59kkv/1fKl6z9Teljp3RaGPEX5H6a34u+g0/1K9q8naQHAkSAZIXs/ScyjMxKcmkzXYwFvl5JILsVMEI7WDuq1T/NWGPTSEtzHwnEl7my1g3EcTpO1EoY6wW5DiS6se0CIOh9sOQK8i0Da15DfCURmS5tbqmQGO5nn70VNWwgucRwdYAjlV3VgtM8lHcYkDuomDxwmqQ11ADwVojcRpDWgBrR2H/mX5yjWwuOgknQR4qxbXXUfTB3vH0yPog/utSCkL52Bv5rZI+J5/IqdrRJ+C0cj0hVUGQXbSbCPE8ArOtMuIHkPvSKgyxaS1gEK3VW1zwHnawfSI8Ah1w1oHCJuAEJBRWdoPj28FVvdoSTqi22R3WL17rWL03Effa6Bw0HUk+ARU8n/AIws9jMRmGHS+5wdt8Gt1n/OXAK71fqN3Us6zLuOr/ot/daPotVJOClJJJJKf//W8qIgwtzoH1lzujO2V/psUmXUOMf1nVP/ADHLDU2u7JKL630f62dJ6ltbVd6V55ot9r/7P5j/AOwugrtC8JBHfnst3pP1v6x03az1PtVA/wAFdrA/kW/Takh9gZYzafHt4IrXxWfdqTwuH6d/jA6XeB9qD8R3BLhuZP8AxjFtO+tHRKsc5D86n0wJ9rg4n+qxvvchSrdW7IrrfXW50WXOIrb47Rvd/mqbYHx4XnOP9cTd9a2ZeUfQwmtfj1BxBDA6D6tm3c39I5vvXe1Zdbm7mncDBDgZaQfB35yVKt0K7jXq3Q9j4KJs0VUZNfLuBz5oduaHEkn4AdvJCiq2za8ga6SJE+BWb+0cYdQGDvByTWbtn8gH05Vbqv1gwcCl1uVa1u0e1g+k6OGsZ+8vMb+vZ93WXdXrf6WQXewDUNZ9FtX8pu36SNJfZhe2JQ7M1rJg6xBXmP8Az76z3bSfDQj/AL8s/N+snVs1r225BZW4Qaq/a0g/D3I6I1e6639c+n9PDq2O+0ZPAqrMwf5b/otXnvWes5nVcg35To26V1j6LR/JVF1kCeEBzi4+SSliZKZJJJKkkkklP//X8qPKSSSSmTd3ZFG75oCSSG2N+3+T/FSH0BG3ntyqSSSm17twmNnfw+a1un/85th/Zv2v0p/wW7Z/Z/wf+YufSQU9W3/nzuMfbN3fd/5mh5X/ADx2/pvte3y/9RLmEklN3I9X1T6u/wBTv6s7v+mgDfvP4IKSKmwd6g7chJJKZGYMx2+PyUUkkkqSSSSUpJJJJT//2f/tGOBQaG90b3Nob3AgMy4wADhCSU0EJQAAAAAAEAAAAAAAAAAAAAAAAAAAAAA4QklNBDoAAAAAAOUAAAAQAAAAAQAAAAAAC3ByaW50T3V0cHV0AAAABQAAAABQc3RTYm9vbAEAAAAASW50ZWVudW0AAAAASW50ZQAAAABDbHJtAAAAD3ByaW50U2l4dGVlbkJpdGJvb2wAAAAAC3ByaW50ZXJOYW1lVEVYVAAAAAEAAAAAAA9wcmludFByb29mU2V0dXBPYmpjAAAADABQAHIAbwBvAGYAIABTAGUAdAB1AHAAAAAAAApwcm9vZlNldHVwAAAAAQAAAABCbHRuZW51bQAAAAxidWlsdGluUHJvb2YAAAAJcHJvb2ZDTVlLADhCSU0EOwAAAAACLQAAABAAAAABAAAAAAAScHJpbnRPdXRwdXRPcHRpb25zAAAAFwAAAABDcHRuYm9vbAAAAAAAQ2xicmJvb2wAAAAAAFJnc01ib29sAAAAAABDcm5DYm9vbAAAAAAAQ250Q2Jvb2wAAAAAAExibHNib29sAAAAAABOZ3R2Ym9vbAAAAAAARW1sRGJvb2wAAAAAAEludHJib29sAAAAAABCY2tnT2JqYwAAAAEAAAAAAABSR0JDAAAAAwAAAABSZCAgZG91YkBv4AAAAAAAAAAAAEdybiBkb3ViQG/gAAAAAAAAAAAAQmwgIGRvdWJAb+AAAAAAAAAAAABCcmRUVW50RiNSbHQAAAAAAAAAAAAAAABCbGQgVW50RiNSbHQAAAAAAAAAAAAAAABSc2x0VW50RiNQeGxAUgAAAAAAAAAAAAp2ZWN0b3JEYXRhYm9vbAEAAAAAUGdQc2VudW0AAAAAUGdQcwAAAABQZ1BDAAAAAExlZnRVbnRGI1JsdAAAAAAAAAAAAAAAAFRvcCBVbnRGI1JsdAAAAAAAAAAAAAAAAFNjbCBVbnRGI1ByY0BZAAAAAAAAAAAAEGNyb3BXaGVuUHJpbnRpbmdib29sAAAAAA5jcm9wUmVjdEJvdHRvbWxvbmcAAAAAAAAADGNyb3BSZWN0TGVmdGxvbmcAAAAAAAAADWNyb3BSZWN0UmlnaHRsb25nAAAAAAAAAAtjcm9wUmVjdFRvcGxvbmcAAAAAADhCSU0D7QAAAAAAEABIAAAAAQABAEgAAAABAAE4QklNBCYAAAAAAA4AAAAAAAAAAAAAP4AAADhCSU0EDQAAAAAABAAAAHg4QklNBBkAAAAAAAQAAAAeOEJJTQPzAAAAAAAJAAAAAAAAAAABADhCSU0nEAAAAAAACgABAAAAAAAAAAE4QklNA/UAAAAAAEgAL2ZmAAEAbGZmAAYAAAAAAAEAL2ZmAAEAoZmaAAYAAAAAAAEAMgAAAAEAWgAAAAYAAAAAAAEANQAAAAEALQAAAAYAAAAAAAE4QklNA/gAAAAAAHAAAP////////////////////////////8D6AAAAAD/////////////////////////////A+gAAAAA/////////////////////////////wPoAAAAAP////////////////////////////8D6AAAOEJJTQQAAAAAAAACAAU4QklNBAIAAAAAAAwAAAAAAAAAAAAAAAA4QklNBDAAAAAAAAYBAQEBAQE4QklNBC0AAAAAAAYAAQAAAAc4QklNBAgAAAAAABAAAAABAAACQAAAAkAAAAAAOEJJTQQeAAAAAAAEAAAAADhCSU0EGgAAAAADSQAAAAYAAAAAAAAAAAAAAXYAAAHDAAAACgBVAG4AdABpAHQAbABlAGQALQAyAAAAAQAAAAAAAAAAAAAAAAAAAAAAAAABAAAAAAAAAAAAAAHDAAABdgAAAAAAAAAAAAAAAAAAAAABAAAAAAAAAAAAAAAAAAAAAAAAABAAAAABAAAAAAAAbnVsbAAAAAIAAAAGYm91bmRzT2JqYwAAAAEAAAAAAABSY3QxAAAABAAAAABUb3AgbG9uZwAAAAAAAAAATGVmdGxvbmcAAAAAAAAAAEJ0b21sb25nAAABdgAAAABSZ2h0bG9uZwAAAcMAAAAGc2xpY2VzVmxMcwAAAAFPYmpjAAAAAQAAAAAABXNsaWNlAAAAEgAAAAdzbGljZUlEbG9uZwAAAAAAAAAHZ3JvdXBJRGxvbmcAAAAAAAAABm9yaWdpbmVudW0AAAAMRVNsaWNlT3JpZ2luAAAADWF1dG9HZW5lcmF0ZWQAAAAAVHlwZWVudW0AAAAKRVNsaWNlVHlwZQAAAABJbWcgAAAABmJvdW5kc09iamMAAAABAAAAAAAAUmN0MQAAAAQAAAAAVG9wIGxvbmcAAAAAAAAAAExlZnRsb25nAAAAAAAAAABCdG9tbG9uZwAAAXYAAAAAUmdodGxvbmcAAAHDAAAAA3VybFRFWFQAAAABAAAAAAAAbnVsbFRFWFQAAAABAAAAAAAATXNnZVRFWFQAAAABAAAAAAAGYWx0VGFnVEVYVAAAAAEAAAAAAA5jZWxsVGV4dElzSFRNTGJvb2wBAAAACGNlbGxUZXh0VEVYVAAAAAEAAAAAAAlob3J6QWxpZ25lbnVtAAAAD0VTbGljZUhvcnpBbGlnbgAAAAdkZWZhdWx0AAAACXZlcnRBbGlnbmVudW0AAAAPRVNsaWNlVmVydEFsaWduAAAAB2RlZmF1bHQAAAALYmdDb2xvclR5cGVlbnVtAAAAEUVTbGljZUJHQ29sb3JUeXBlAAAAAE5vbmUAAAAJdG9wT3V0c2V0bG9uZwAAAAAAAAAKbGVmdE91dHNldGxvbmcAAAAAAAAADGJvdHRvbU91dHNldGxvbmcAAAAAAAAAC3JpZ2h0T3V0c2V0bG9uZwAAAAAAOEJJTQQoAAAAAAAMAAAAAj/wAAAAAAAAOEJJTQQUAAAAAAAEAAAABzhCSU0EDAAAAAAPwAAAAAEAAACgAAAAhQAAAeAAAPlgAAAPpAAYAAH/2P/tAAxBZG9iZV9DTQAB/+4ADkFkb2JlAGSAAAAAAf/bAIQADAgICAkIDAkJDBELCgsRFQ8MDA8VGBMTFRMTGBEMDAwMDAwRDAwMDAwMDAwMDAwMDAwMDAwMDAwMDAwMDAwMDAENCwsNDg0QDg4QFA4ODhQUDg4ODhQRDAwMDAwREQwMDAwMDBEMDAwMDAwMDAwMDAwMDAwMDAwMDAwMDAwMDAwM/8AAEQgAhQCgAwEiAAIRAQMRAf/dAAQACv/EAT8AAAEFAQEBAQEBAAAAAAAAAAMAAQIEBQYHCAkKCwEAAQUBAQEBAQEAAAAAAAAAAQACAwQFBgcICQoLEAABBAEDAgQCBQcGCAUDDDMBAAIRAwQhEjEFQVFhEyJxgTIGFJGhsUIjJBVSwWIzNHKC0UMHJZJT8OHxY3M1FqKygyZEk1RkRcKjdDYX0lXiZfKzhMPTdePzRieUpIW0lcTU5PSltcXV5fVWZnaGlqa2xtbm9jdHV2d3h5ent8fX5/cRAAICAQIEBAMEBQYHBwYFNQEAAhEDITESBEFRYXEiEwUygZEUobFCI8FS0fAzJGLhcoKSQ1MVY3M08SUGFqKygwcmNcLSRJNUoxdkRVU2dGXi8rOEw9N14/NGlKSFtJXE1OT0pbXF1eX1VmZ2hpamtsbW5vYnN0dXZ3eHl6e3x//aAAwDAQACEQMRAD8A8qSSSSUpJJJJSkkkklKSSSSUpJJJJSkkkklKSSU6KLsi1tNFbrrX6MrY0ucT/JY33OSUwSXY9F/xfZNhF3WSaK+2NW4G0/8AGP8A0ldLf8+3/il0mP8AVzoeEJx8KvePz7R6rv8Awbe3/oo0gl8qSXZ/WX6rUOrfmdPr9K1g3WUMEMc0fSNTPzLG/uN9i4xBKkkkklP/0PKl0/1Y+pn7ZxvtuVkGjGLyytjG7rH7fpul0MrZ7v8AhFzC9V+ojQ76s4kDh1wPx9Rx/ikEFr0/4t/q83V9mVZ8bGAf9GlXG/4vvqtEfZrT5m50ro2NRWsSU8z/AON99Vf+4tn/AG89RP8Ai3+rNp2spyWudoNlsmfLfW9dWGJ2tIIc3Rw1B4IKSnzjrH+LAsrNvRcl1rmifs2TtDjH+jyGbKt/8i2un/jFzPR/qn1vrD7W4tIY3Hf6V77nCsMf/o3Nf+k9Rse9jK/Yvb3tL3FzhqdSYiTzKrUYldbrixoabbPUeRpucWsZud/K2s2pJfOqP8Vea4A5PUKaz3FTH2f9X9nWljf4relNgZOZkXHvsDKR/wBIZK7k1uMT20CTxY8APcXBohs6wPAI6I1eV/8AG9+quOQDS7JkAkm55iex9MUe5Yv1k+oOH9kdl9Crey+kS/D3GwWNH0nUF82+s3/Rbn+r/g/0n8737qvJDNZadw0I1BCWitXyH6q/Ve/r+U7c40YOPrkXgSZP0KKWn6V1n/gVf6T/AIOz1no31W6Z0nCJwmsqrDHG4tcHXv2D2+vbHu3v/wAGz9Cl0/AxsT1q8esVMtufe9o4NlsOsf8A992/uK+ze2p1YJDXctBgapAhRc41TyhvqV91YQnsStFORkVRr4d15X13EbhdXysdo2sD9zB2DX/pGAf1WvXr2TXovM/rzXt6wx8aWUtM+YL2fwSKQ88kkkgl/9Hypen/AOLe/wBX6vvq/Ox8l4j+S9tb2f8ASbYvMF2v+LDPFXUcvp7jH2uoWV+b6CXbR/1iy5//AFtJT6ZWNEZrVCvjRGaErUoBOGqQCcIWpaEMCHnzRkMj3HyCBKlbUxaiAJi1K1IS0ITmqy5qE8JWpHQP0rh5BWCECrTJ+IVwtBCESkhrOb+CC9qtuagvanWhzcpvtK84/wAYDAMnEd3LXj7i3/yS9NyW6LzL/GG4fbsWvu2pzj/adH/fElPJpJJIqf/S8qVnpufkdNz6M/GMXYzw9s8GPpMd/Ie32PVZJJT750vOxuoYNGdimaMhgfXPI7OrdH59L91Vi0GryP6gfW1vSMk9Nz3x07JdLXu4ptPt9T/ibfo3f9u/vr1th+9NKmYCkApsqscJa0uHlqnbVYTo0k+HdJSN3CE4+/8Arafei26aeC53639eHQ+j2ZbSDk2fosRp/wBK4aP/AKtDf03/AIH/AIRDql6BmoHloVKFzv1K+sZ650iq64g5dJFOZ4l7R7by3/uzX+k/431107mgsa9vB9rv6w/8xSQgIQrAIVghAtQS1d+3LaB3B/KtFuoHmvO/rL9csjov1srqaPWwK6GNyscRO57n2+tSf9M2p1f8h/0F3HTOoYvUcOrLw7RdRcN1bx9xDm/mPY722MSArVRLbc1Be1WrgNxI0DgHD4OEqu8JyGhlD2leS/X6wP69tH+DpY0/Mus/7+vW8v6JXjX1ws9T6x5kGQxzWf5rGNd/0kQpxkkkkVP/0/KkkkuUlKGq9J/xe/W5zxX0PqD/ANI0BuDc4/SA4xHn/SN/7Tf9sf6FeeMrjUrbq6F6dTX5TS57/o1AxHf3u+luS3U+342U9jpBjxBCs0XxeXvcAHAyf7l5t0H61dQxWMxssDLqmGW2PPqsb+7ZZts9Zjf+Eb6n/CLZyfr+GUgY+C59rNGF9jWM/rnYHPd/mVocJRxB6TqmVjYNN2ZnWtxseoF91r52tBPshsb3Pf8AmVt/S2vXiv1z+tVn1jzm+mDVgYpcMSl30jujfkXf8NdsZ7PoUs/R/v22bXVes9R61kCzrNk4wJAx62xWwHRz21kn1Lf+FtfvXJdQ6Y7CtEHdVZJqcRr/AFXf2UeGtUCVmm19U/rHd9XuqNyYc/FtHp5dLfzmT9NgPt9an6dX/bf0LF7lg51OTiMvx7G3Y2S0WV2N4I/Nc2fo/wCrF877IXSfVT64dU+r59LaMnpzyXPxHu2wTzZjW+70Lf8AwKz/AAjECufbWGv07N3Jb7fjKpZL2Vsc+xwYxgLnuPAa0bnOcsDH/wAYn1XvrDnXXUPI1qspe5wPgHY/rVvVfqfVbOvdNuZ0+t7cW2txa6wbX27feyK5Pp0O2/n/AKS3+QhSrfNfrHlu6h1rM6gQQzIsLmA8hg9lP/gTWLY+oH1ob0bqBwsuwM6fmES930arfosv/k12fzV//W7P8CqVuGMtgIEQNHfwKqDpFoftMAeKfwreJ95a8kCdYAA+HIUbAvNPq79YesdEqGM6xmbgsb+ix7twcw/uY97dz6q/5D221Lpqfr/hWV+m/DvY5xBLQ6tzdw/l+z/qE3hTYdPqFlVNFl97gymppfa88BrRuc5eE52U7LzL8p2jr7HWEeG47oXYfXf62Z3U2u6aKfsWGCHubu3vujWt1lgDWei36XpM/wAJ9NcSilSSSSSn/9TypForklx4CEui+qfRf2rmAWNnFxgH3fyifoU/2/z/AOQkp0/qx9XDaGZ+S3Q+6isjt/pXf98W/wBS6BZkM9XGE3N5ZMbgf3Z+i9q3aMYNAgR5BW2UjuE0HW1U8Fj4PVMW8OtxLQ0abthIjzcFatGPflOFNR2taDYGyYj6dh/OXe0NradWySCAO0nug53QsO8PGVV6d20gPbAfqOPUb/39OElpi+d5BYdzmkOE6ECAR/VTjCu6l06yl4b6DGvNDnDUWR7Hbh7vY5bOR9SLmFoxsslgMFlzddv8myv/AMgtOrpVOLjsxmyQwSXEak/vJGQpQi+dYP1Wz8h27IH2ascuPuJ/qNb/AN+XRYHS8DChtNQst72vG534/R/srfOA+47JLW9yFo4vTKqme1n9qO6ZZ6Lnk8vpOJlkHIxSDx6jRtMeexbXTnMoa2tjRtY3a1scDjRbbsKvZuLTsMtBn84Cf83VZ+Rg7CXs7CfNLUdbU8X1Tp1vS8hzBrh2uLqbfj/gn/8ACMVSWauLgB5r0OvGryMcttY2yuwQ+twBBHwKhg/V3pWG8WUYrA9pkOfLyPh6xenCSDF4azawuY4w9mhaefn/AFVXtyKyK66gPVk+8ElzpI2N2D9xenv6T0y6XX4ePaSZJdW0kk/nEwiNwcXCYDRj1Y+4S302NYY8faNydxIp8s6z07MyOnPuvpcx1LdzHubsO1o9/t/lNauQXrH13yQzo2UJ+kzb/nHavJ0LtIUkkl59kkv/1fKl6z9Teljp3RaGPEX5H6a34u+g0/1K9q8naQHAkSAZIXs/ScyjMxKcmkzXYwFvl5JILsVMEI7WDuq1T/NWGPTSEtzHwnEl7my1g3EcTpO1EoY6wW5DiS6se0CIOh9sOQK8i0Da15DfCURmS5tbqmQGO5nn70VNWwgucRwdYAjlV3VgtM8lHcYkDuomDxwmqQ11ADwVojcRpDWgBrR2H/mX5yjWwuOgknQR4qxbXXUfTB3vH0yPog/utSCkL52Bv5rZI+J5/IqdrRJ+C0cj0hVUGQXbSbCPE8ArOtMuIHkPvSKgyxaS1gEK3VW1zwHnawfSI8Ah1w1oHCJuAEJBRWdoPj28FVvdoSTqi22R3WL17rWL03Effa6Bw0HUk+ARU8n/AIws9jMRmGHS+5wdt8Gt1n/OXAK71fqN3Us6zLuOr/ot/daPotVJOClJJJJKf//W8qIgwtzoH1lzujO2V/psUmXUOMf1nVP/ADHLDU2u7JKL630f62dJ6ltbVd6V55ot9r/7P5j/AOwugrtC8JBHfnst3pP1v6x03az1PtVA/wAFdrA/kW/Takh9gZYzafHt4IrXxWfdqTwuH6d/jA6XeB9qD8R3BLhuZP8AxjFtO+tHRKsc5D86n0wJ9rg4n+qxvvchSrdW7IrrfXW50WXOIrb47Rvd/mqbYHx4XnOP9cTd9a2ZeUfQwmtfj1BxBDA6D6tm3c39I5vvXe1Zdbm7mncDBDgZaQfB35yVKt0K7jXq3Q9j4KJs0VUZNfLuBz5oduaHEkn4AdvJCiq2za8ga6SJE+BWb+0cYdQGDvByTWbtn8gH05Vbqv1gwcCl1uVa1u0e1g+k6OGsZ+8vMb+vZ93WXdXrf6WQXewDUNZ9FtX8pu36SNJfZhe2JQ7M1rJg6xBXmP8Az76z3bSfDQj/AL8s/N+snVs1r225BZW4Qaq/a0g/D3I6I1e6639c+n9PDq2O+0ZPAqrMwf5b/otXnvWes5nVcg35To26V1j6LR/JVF1kCeEBzi4+SSliZKZJJJKkkkklP//X8qPKSSSSmTd3ZFG75oCSSG2N+3+T/FSH0BG3ntyqSSSm17twmNnfw+a1un/85th/Zv2v0p/wW7Z/Z/wf+YufSQU9W3/nzuMfbN3fd/5mh5X/ADx2/pvte3y/9RLmEklN3I9X1T6u/wBTv6s7v+mgDfvP4IKSKmwd6g7chJJKZGYMx2+PyUUkkkqSSSSUpJJJJT//2ThCSU0EIQAAAAAAVQAAAAEBAAAADwBBAGQAbwBiAGUAIABQAGgAbwB0AG8AcwBoAG8AcAAAABMAQQBkAG8AYgBlACAAUABoAG8AdABvAHMAaABvAHAAIABDAFMANgAAAAEAOEJJTQQGAAAAAAAHAAgBAQABAQD/4Q9EaHR0cDovL25zLmFkb2JlLmNvbS94YXAvMS4wLwA8P3hwYWNrZXQgYmVnaW49Iu+7vyIgaWQ9Ilc1TTBNcENlaGlIenJlU3pOVGN6a2M5ZCI/PiA8eDp4bXBtZXRhIHhtbG5zOng9ImFkb2JlOm5zOm1ldGEvIiB4OnhtcHRrPSJBZG9iZSBYTVAgQ29yZSA1LjMtYzAxMSA2Ni4xNDU2NjEsIDIwMTIvMDIvMDYtMTQ6NTY6MjcgICAgICAgICI+IDxyZGY6UkRGIHhtbG5zOnJkZj0iaHR0cDovL3d3dy53My5vcmcvMTk5OS8wMi8yMi1yZGYtc3ludGF4LW5zIyI+IDxyZGY6RGVzY3JpcHRpb24gcmRmOmFib3V0PSIiIHhtbG5zOnhtcD0iaHR0cDovL25zLmFkb2JlLmNvbS94YXAvMS4wLyIgeG1sbnM6eG1wTU09Imh0dHA6Ly9ucy5hZG9iZS5jb20veGFwLzEuMC9tbS8iIHhtbG5zOnN0RXZ0PSJodHRwOi8vbnMuYWRvYmUuY29tL3hhcC8xLjAvc1R5cGUvUmVzb3VyY2VFdmVudCMiIHhtbG5zOnBob3Rvc2hvcD0iaHR0cDovL25zLmFkb2JlLmNvbS9waG90b3Nob3AvMS4wLyIgeG1sbnM6ZGM9Imh0dHA6Ly9wdXJsLm9yZy9kYy9lbGVtZW50cy8xLjEvIiB4bXA6Q3JlYXRvclRvb2w9IkFkb2JlIFBob3Rvc2hvcCBDUzYgKFdpbmRvd3MpIiB4bXA6Q3JlYXRlRGF0ZT0iMjAxNy0xMC0yNlQxNTowMDo1NSswNzowMCIgeG1wOk1ldGFkYXRhRGF0ZT0iMjAxNy0xMC0yNlQxNTowMDo1NSswNzowMCIgeG1wOk1vZGlmeURhdGU9IjIwMTctMTAtMjZUMTU6MDA6NTUrMDc6MDAiIHhtcE1NOkluc3RhbmNlSUQ9InhtcC5paWQ6OENCQkQ2OTIyMEJBRTcxMThDOTE5RjVBMTVFNTIxOTYiIHhtcE1NOkRvY3VtZW50SUQ9InhtcC5kaWQ6OEJCQkQ2OTIyMEJBRTcxMThDOTE5RjVBMTVFNTIxOTYiIHhtcE1NOk9yaWdpbmFsRG9jdW1lbnRJRD0ieG1wLmRpZDo4QkJCRDY5MjIwQkFFNzExOEM5MTlGNUExNUU1MjE5NiIgcGhvdG9zaG9wOkNvbG9yTW9kZT0iMyIgcGhvdG9zaG9wOklDQ1Byb2ZpbGU9InNSR0IgSUVDNjE5NjYtMi4xIiBkYzpmb3JtYXQ9ImltYWdlL2pwZWciPiA8eG1wTU06SGlzdG9yeT4gPHJkZjpTZXE+IDxyZGY6bGkgc3RFdnQ6YWN0aW9uPSJjcmVhdGVkIiBzdEV2dDppbnN0YW5jZUlEPSJ4bXAuaWlkOjhCQkJENjkyMjBCQUU3MTE4QzkxOUY1QTE1RTUyMTk2IiBzdEV2dDp3aGVuPSIyMDE3LTEwLTI2VDE1OjAwOjU1KzA3OjAwIiBzdEV2dDpzb2Z0d2FyZUFnZW50PSJBZG9iZSBQaG90b3Nob3AgQ1M2IChXaW5kb3dzKSIvPiA8cmRmOmxpIHN0RXZ0OmFjdGlvbj0ic2F2ZWQiIHN0RXZ0Omluc3RhbmNlSUQ9InhtcC5paWQ6OENCQkQ2OTIyMEJBRTcxMThDOTE5RjVBMTVFNTIxOTYiIHN0RXZ0OndoZW49IjIwMTctMTAtMjZUMTU6MDA6NTUrMDc6MDAiIHN0RXZ0OnNvZnR3YXJlQWdlbnQ9IkFkb2JlIFBob3Rvc2hvcCBDUzYgKFdpbmRvd3MpIiBzdEV2dDpjaGFuZ2VkPSIvIi8+IDwvcmRmOlNlcT4gPC94bXBNTTpIaXN0b3J5PiA8cGhvdG9zaG9wOkRvY3VtZW50QW5jZXN0b3JzPiA8cmRmOkJhZz4gPHJkZjpsaT4yRjZEMEIwQTdBNTcxMjVEQzRCRTdDQjk3NkJERjgzQTwvcmRmOmxpPiA8cmRmOmxpPjhFOTkxMkU1MDZBNzA5MjM0QTJGNEEyRjlCMTFEMzU5PC9yZGY6bGk+IDxyZGY6bGk+RDRDNzA0NUIwREQwMDU2RDJFN0Y1MzgxOTMzRkU3MTc8L3JkZjpsaT4gPHJkZjpsaT5hZG9iZTpkb2NpZDpwaG90b3Nob3A6OGU4OWI5NWItZTgxMi0xMjQyLTkwNDgtOWI4NDM2ZDI3OGVhPC9yZGY6bGk+IDxyZGY6bGk+eG1wLmRpZDo1NjYwQ0E5QkI1MjhFNTExQjc5REQyRTg1NjhFRDc5MjwvcmRmOmxpPiA8L3JkZjpCYWc+IDwvcGhvdG9zaG9wOkRvY3VtZW50QW5jZXN0b3JzPiA8L3JkZjpEZXNjcmlwdGlvbj4gPC9yZGY6UkRGPiA8L3g6eG1wbWV0YT4gICAgICAgICAgICAgICAgICAgICAgICAgICAgICAgICAgICAgICAgICAgICAgICAgICAgICAgICAgICAgICAgICAgICAgICAgICAgICAgICAgICAgICAgICAgICAgICAgICAgICAgICAgICAgICAgICAgICAgICAgICAgICAgICAgICAgICAgICAgICAgICAgICAgICAgICAgICAgICAgICAgICAgICAgICAgICAgICAgICAgICAgICAgICAgICAgICAgICAgICAgICAgICAgICAgICAgICAgICAgICAgICAgICAgICAgICAgICAgICAgICAgICAgICAgICAgICAgICAgICAgICAgICAgICAgICAgICAgICAgICAgICAgICAgICAgICAgICAgICAgICAgICAgICAgICAgICAgICAgICAgICAgICAgICAgICAgICAgICAgICAgICAgICAgICAgICAgICAgICAgICAgICAgICAgICAgICAgICAgICAgICAgICAgICAgICAgICAgICAgICAgICAgICAgICAgICAgICAgICAgICAgICAgICAgICAgICAgICAgICAgICAgICAgICAgICAgICAgICAgICAgICAgICAgICAgICAgICAgICAgICAgICAgICAgICAgICAgICAgICAgICAgICAgICAgICAgICAgICAgICAgICAgICAgICAgICAgICAgICAgICAgICAgICAgICAgICAgICAgICAgICAgICAgICAgICAgICAgICAgICAgICAgICAgICAgICAgICAgICAgICAgICAgICAgICAgICAgICAgICAgICAgICAgICAgICAgICAgICAgICAgICAgICAgICAgICAgICAgICAgICAgICAgICAgICAgICAgICAgICAgICAgICAgICAgICAgICAgICAgICAgICAgICAgICAgICAgICAgICAgICAgICAgICAgICAgICAgICAgICAgICAgICAgICAgICAgICAgICAgICAgICAgICAgICAgICAgICAgICAgICAgICAgICAgICAgICAgICAgICAgICAgICAgICAgICAgICAgICAgICAgICAgICAgICAgICAgICAgICAgICAgICAgICAgICAgICAgICAgICAgICAgICAgICAgICAgICAgICAgICAgICAgICAgICAgICAgICAgICAgICAgICAgICAgICAgICAgICAgICAgICAgICAgICAgICAgICAgICAgICAgICAgICAgICAgICAgICAgICAgICAgICAgICAgICAgICAgICAgICAgICAgICAgICAgICAgICAgICAgICAgICAgICAgICAgICAgICAgICAgICAgICAgICAgICAgICAgICAgICAgICAgICAgICAgICAgICAgICAgICAgICAgICAgICAgICAgICAgICAgICAgICAgICAgICAgICAgICAgICAgICAgICAgICAgICAgICAgICAgICAgICAgICAgICAgICAgICAgICAgICAgICAgICAgICAgICAgICAgICAgICAgICAgICAgICAgICAgICAgICAgICAgICAgICAgICAgICAgICAgICAgICAgICAgICAgICAgICAgICAgICAgICAgICAgICAgICAgICAgICAgICAgICAgICAgICAgICAgICAgICAgICAgICAgICAgICAgICAgICAgICAgICAgICAgICAgICAgICAgICAgICAgICAgICAgICAgICAgICAgICAgICAgICAgICAgICAgICAgICAgICAgICAgICAgICAgICAgICAgICAgICAgICAgICAgICAgICAgICAgICAgICAgICAgICAgICAgICAgICAgICAgICAgICAgICAgICAgICAgICAgICAgICAgICAgICAgICAgICAgICAgICAgICAgICAgICAgICAgICAgICAgICAgICAgICAgICAgICAgICAgICAgICAgICAgICAgICAgICAgICAgICAgICAgICAgICAgICAgICAgICAgICAgICAgICAgICAgICAgICAgICAgICAgICAgICAgICAgICAgICAgICAgICAgICAgICAgICAgICAgICAgICAgICAgICAgICAgICAgICAgICAgICAgICAgICAgICAgICAgICAgICAgICAgICAgICAgICAgICAgICAgICAgICAgICAgICAgICAgICAgICAgICAgICAgICAgICAgICAgICAgICAgICAgICAgICAgICAgICAgICAgICAgICAgICAgICAgICAgICAgICAgICAgICAgICAgICAgICAgICAgICAgICAgICAgICAgICAgICAgICAgICAgICAgICAgICAgICAgICAgICAgICAgICAgICAgICAgICAgICAgICAgICAgICAgICAgICAgICAgICAgICAgICAgICAgICAgICAgICAgICAgICAgICAgICAgICAgICAgICAgICAgICAgICAgICAgICAgICAgICAgICAgICAgICAgICAgICAgICAgICAgICAgICAgICAgICAgICAgICAgICAgICAgICAgICAgICAgICAgICAgICAgICAgICAgICAgICAgICAgICAgICAgICAgICAgICAgICAgICAgICAgICAgICAgICAgICAgICAgICAgICAgICAgICAgICAgICAgICAgICAgICAgICAgICAgICAgICAgICAgICAgICA8P3hwYWNrZXQgZW5kPSJ3Ij8+/+IMWElDQ19QUk9GSUxFAAEBAAAMSExpbm8CEAAAbW50clJHQiBYWVogB84AAgAJAAYAMQAAYWNzcE1TRlQAAAAASUVDIHNSR0IAAAAAAAAAAAAAAAEAAPbWAAEAAAAA0y1IUCAgAAAAAAAAAAAAAAAAAAAAAAAAAAAAAAAAAAAAAAAAAAAAAAAAAAAAAAAAAAAAAAARY3BydAAAAVAAAAAzZGVzYwAAAYQAAABsd3RwdAAAAfAAAAAUYmtwdAAAAgQAAAAUclhZWgAAAhgAAAAUZ1hZWgAAAiwAAAAUYlhZWgAAAkAAAAAUZG1uZAAAAlQAAABwZG1kZAAAAsQAAACIdnVlZAAAA0wAAACGdmlldwAAA9QAAAAkbHVtaQAAA/gAAAAUbWVhcwAABAwAAAAkdGVjaAAABDAAAAAMclRSQwAABDwAAAgMZ1RSQwAABDwAAAgMYlRSQwAABDwAAAgMdGV4dAAAAABDb3B5cmlnaHQgKGMpIDE5OTggSGV3bGV0dC1QYWNrYXJkIENvbXBhbnkAAGRlc2MAAAAAAAAAEnNSR0IgSUVDNjE5NjYtMi4xAAAAAAAAAAAAAAASc1JHQiBJRUM2MTk2Ni0yLjEAAAAAAAAAAAAAAAAAAAAAAAAAAAAAAAAAAAAAAAAAAAAAAAAAAAAAAAAAAAAAAAAAAFhZWiAAAAAAAADzUQABAAAAARbMWFlaIAAAAAAAAAAAAAAAAAAAAABYWVogAAAAAAAAb6IAADj1AAADkFhZWiAAAAAAAABimQAAt4UAABjaWFlaIAAAAAAAACSgAAAPhAAAts9kZXNjAAAAAAAAABZJRUMgaHR0cDovL3d3dy5pZWMuY2gAAAAAAAAAAAAAABZJRUMgaHR0cDovL3d3dy5pZWMuY2gAAAAAAAAAAAAAAAAAAAAAAAAAAAAAAAAAAAAAAAAAAAAAAAAAAAAAAAAAAAAAZGVzYwAAAAAAAAAuSUVDIDYxOTY2LTIuMSBEZWZhdWx0IFJHQiBjb2xvdXIgc3BhY2UgLSBzUkdCAAAAAAAAAAAAAAAuSUVDIDYxOTY2LTIuMSBEZWZhdWx0IFJHQiBjb2xvdXIgc3BhY2UgLSBzUkdCAAAAAAAAAAAAAAAAAAAAAAAAAAAAAGRlc2MAAAAAAAAALFJlZmVyZW5jZSBWaWV3aW5nIENvbmRpdGlvbiBpbiBJRUM2MTk2Ni0yLjEAAAAAAAAAAAAAACxSZWZlcmVuY2UgVmlld2luZyBDb25kaXRpb24gaW4gSUVDNjE5NjYtMi4xAAAAAAAAAAAAAAAAAAAAAAAAAAAAAAAAAAB2aWV3AAAAAAATpP4AFF8uABDPFAAD7cwABBMLAANcngAAAAFYWVogAAAAAABMCVYAUAAAAFcf521lYXMAAAAAAAAAAQAAAAAAAAAAAAAAAAAAAAAAAAKPAAAAAnNpZyAAAAAAQ1JUIGN1cnYAAAAAAAAEAAAAAAUACgAPABQAGQAeACMAKAAtADIANwA7AEAARQBKAE8AVABZAF4AYwBoAG0AcgB3AHwAgQCGAIsAkACVAJoAnwCkAKkArgCyALcAvADBAMYAywDQANUA2wDgAOUA6wDwAPYA+wEBAQcBDQETARkBHwElASsBMgE4AT4BRQFMAVIBWQFgAWcBbgF1AXwBgwGLAZIBmgGhAakBsQG5AcEByQHRAdkB4QHpAfIB+gIDAgwCFAIdAiYCLwI4AkECSwJUAl0CZwJxAnoChAKOApgCogKsArYCwQLLAtUC4ALrAvUDAAMLAxYDIQMtAzgDQwNPA1oDZgNyA34DigOWA6IDrgO6A8cD0wPgA+wD+QQGBBMEIAQtBDsESARVBGMEcQR+BIwEmgSoBLYExATTBOEE8AT+BQ0FHAUrBToFSQVYBWcFdwWGBZYFpgW1BcUF1QXlBfYGBgYWBicGNwZIBlkGagZ7BowGnQavBsAG0QbjBvUHBwcZBysHPQdPB2EHdAeGB5kHrAe/B9IH5Qf4CAsIHwgyCEYIWghuCIIIlgiqCL4I0gjnCPsJEAklCToJTwlkCXkJjwmkCboJzwnlCfsKEQonCj0KVApqCoEKmAquCsUK3ArzCwsLIgs5C1ELaQuAC5gLsAvIC+EL+QwSDCoMQwxcDHUMjgynDMAM2QzzDQ0NJg1ADVoNdA2ODakNww3eDfgOEw4uDkkOZA5/DpsOtg7SDu4PCQ8lD0EPXg96D5YPsw/PD+wQCRAmEEMQYRB+EJsQuRDXEPURExExEU8RbRGMEaoRyRHoEgcSJhJFEmQShBKjEsMS4xMDEyMTQxNjE4MTpBPFE+UUBhQnFEkUahSLFK0UzhTwFRIVNBVWFXgVmxW9FeAWAxYmFkkWbBaPFrIW1hb6Fx0XQRdlF4kXrhfSF/cYGxhAGGUYihivGNUY+hkgGUUZaxmRGbcZ3RoEGioaURp3Gp4axRrsGxQbOxtjG4obshvaHAIcKhxSHHscoxzMHPUdHh1HHXAdmR3DHeweFh5AHmoelB6+HukfEx8+H2kflB+/H+ogFSBBIGwgmCDEIPAhHCFIIXUhoSHOIfsiJyJVIoIiryLdIwojOCNmI5QjwiPwJB8kTSR8JKsk2iUJJTglaCWXJccl9yYnJlcmhya3JugnGCdJJ3onqyfcKA0oPyhxKKIo1CkGKTgpaymdKdAqAio1KmgqmyrPKwIrNitpK50r0SwFLDksbiyiLNctDC1BLXYtqy3hLhYuTC6CLrcu7i8kL1ovkS/HL/4wNTBsMKQw2zESMUoxgjG6MfIyKjJjMpsy1DMNM0YzfzO4M/E0KzRlNJ402DUTNU01hzXCNf02NzZyNq426TckN2A3nDfXOBQ4UDiMOMg5BTlCOX85vDn5OjY6dDqyOu87LTtrO6o76DwnPGU8pDzjPSI9YT2hPeA+ID5gPqA+4D8hP2E/oj/iQCNAZECmQOdBKUFqQaxB7kIwQnJCtUL3QzpDfUPARANER0SKRM5FEkVVRZpF3kYiRmdGq0bwRzVHe0fASAVIS0iRSNdJHUljSalJ8Eo3Sn1KxEsMS1NLmkviTCpMcky6TQJNSk2TTdxOJU5uTrdPAE9JT5NP3VAnUHFQu1EGUVBRm1HmUjFSfFLHUxNTX1OqU/ZUQlSPVNtVKFV1VcJWD1ZcVqlW91dEV5JX4FgvWH1Yy1kaWWlZuFoHWlZaplr1W0VblVvlXDVchlzWXSddeF3JXhpebF69Xw9fYV+zYAVgV2CqYPxhT2GiYfViSWKcYvBjQ2OXY+tkQGSUZOllPWWSZedmPWaSZuhnPWeTZ+loP2iWaOxpQ2maafFqSGqfavdrT2una/9sV2yvbQhtYG25bhJua27Ebx5veG/RcCtwhnDgcTpxlXHwcktypnMBc11zuHQUdHB0zHUodYV14XY+dpt2+HdWd7N4EXhueMx5KnmJeed6RnqlewR7Y3vCfCF8gXzhfUF9oX4BfmJ+wn8jf4R/5YBHgKiBCoFrgc2CMIKSgvSDV4O6hB2EgITjhUeFq4YOhnKG14c7h5+IBIhpiM6JM4mZif6KZIrKizCLlov8jGOMyo0xjZiN/45mjs6PNo+ekAaQbpDWkT+RqJIRknqS45NNk7aUIJSKlPSVX5XJljSWn5cKl3WX4JhMmLiZJJmQmfyaaJrVm0Kbr5wcnImc951kndKeQJ6unx2fi5/6oGmg2KFHobaiJqKWowajdqPmpFakx6U4pammGqaLpv2nbqfgqFKoxKk3qamqHKqPqwKrdavprFys0K1ErbiuLa6hrxavi7AAsHWw6rFgsdayS7LCszizrrQltJy1E7WKtgG2ebbwt2i34LhZuNG5SrnCuju6tbsuu6e8IbybvRW9j74KvoS+/796v/XAcMDswWfB48JfwtvDWMPUxFHEzsVLxcjGRsbDx0HHv8g9yLzJOsm5yjjKt8s2y7bMNcy1zTXNtc42zrbPN8+40DnQutE80b7SP9LB00TTxtRJ1MvVTtXR1lXW2Ndc1+DYZNjo2WzZ8dp22vvbgNwF3IrdEN2W3hzeot8p36/gNuC94UThzOJT4tvjY+Pr5HPk/OWE5g3mlucf56noMui86Ubp0Opb6uXrcOv77IbtEe2c7ijutO9A78zwWPDl8XLx//KM8xnzp/Q09ML1UPXe9m32+/eK+Bn4qPk4+cf6V/rn+3f8B/yY/Sn9uv5L/tz/bf///+4AIUFkb2JlAGRAAAAAAQMAEAMCAwYAAAAAAAAAAAAAAAD/2wCEAAEBAQEBAQEBAQEBAQEBAQEBAQEBAQEBAQEBAQEBAQEBAQEBAQEBAQEBAQECAgICAgICAgICAgMDAwMDAwMDAwMBAQEBAQEBAQEBAQICAQICAwMDAwMDAwMDAwMDAwMDAwMDAwMDAwMDAwMDAwMDAwMDAwMDAwMDAwMDAwMDAwMDA//CABEIAXYBwwMBEQACEQEDEQH/xADuAAABAwQDAQAAAAAAAAAAAAAABQYHAgMECAEJCgsBAQADAQEBAQAAAAAAAAAAAAACAwQBBQYHEAACAQMDAgUEAQQCAQQDAQABAgMABAUREgYTBxAhMQgJIDAyFCJAQSMKMxVQcEJDNCUWFxoRAAICAAUDAgQEAggEBgECBwECEQMAIRIEBTEiBkETUWEyB3GBIxSRQhAgMKGxUhUIwdFiM/DhckMkFoLxJVBwklM0NScSAAICAQIDBQUGBQQBBAMAAAABEQIhMRIQQQNRYXEiMiAwgcETQPCRobEj0eFCMwRQ8VIUcGJygiRDYwX/2gAMAwEBAhEDEQAAAPn/AIAAAAAAAAAAAAAAAAAAAAAAAAAAAAAAAAAAAAAAAAAAAAAAAAAAAAAAAAAAAAAAAAAAAAAAAAAAAAAAAAAAAAAAAAAAAAAAAAAAAAAAAXY2E6iXCChKkAAAAAAAAAAAAAAAAAAAAAAAAAAAAAAAAr5zmXZosq7X7aOyr1PP7A7MukeLZ5hvO9TV+u2lLhwAAAAAAAAAAOSo4OAOSstlwtlZbAAA5OSo4OCotgAABdOBan3uq2+f6oNebYTVlQ7aGhzsaZe6qUXeP7yPd1X5dSiAAAAABUUgBUByVnJyUFZwByBwcls4OCs5ODk5OAOAOCkAKxWR77tGX04bPL222xweEqziBGTa5Wy+XROr62MGnx9ef7KfzoAAAAAAXB0y52C9q2MV7AQlO/YzPGV9JQMoxRvOsYidzQDs+qBNFWcKwDns+OQenY7gSp3bsbf25J1hGf8AQa0J+bjJt674XUOV872nXZfY/f5XZR6efIhjjOOjHh1OlpSHG+4zOyjeKBO88eXk+t18Q28IgAAAAAbZTh7z9njbk31O+qK5j9FTrln8uU+TzC8rOwuSnRKCjyafGjQyM/GD3b0xJ93PY9w3I9iEqNquQ2W2UrGrI5NWfZTsNa+aYzjxDqjGsNHz8/N9Xrqq0+gjVi9z+vx+wft816OdV1lEbYdGRdUkURSpWtjkmjFGtiGJc82+DX57M3pUuAAAAAAd786PaDv8SSb+vSiC/T6ChR1Vq0qfJ5Ll6VPCGROebZRtPuqg6mcbYboUzbvIBm77JfV8126ou+VSD3jvtokWm/X2yOJytp29Rs/W/dHDp1a2R0+Crz9P0X9+Gbr8M3asu5kdPWDi2JtHLV00qvOlcsa05NOyuOaOwf3b1Idr8dOP0KHQAAAA5OT0ZsfsW9rx37nO+O5dy2r1tmXjvUXFIyErvXBmyxVW1vPWaWCaRn9DWLyLZ2+j85Q5y7yjGjdzy+ueTDnbgJ4DIkdmmTtRa7Kqb9V/ObraTq24Fzp6bssbed6mBVWlappPKkTlTepsa91EbtEHGhVsfCni34KYAAAABUegmnH7YvY8t81zeFOxdzalcUBXMwyDMMOpnmZby72gsnj4NkVeNGS/pK7POWAOC2YhiCWJolCaI1NrT8PTMO/O/vXqUq+XhGEESjDG6NntbTRYPLoMNMTwerI87MAAAAAqO72NPvA9Pw5D5a6s3puTPPPFozTNMszae1Rc8ZUy3dyicU7ytUa+NofXuY7uyvgw6+WbeHJYtdeEJzmCJDqb3Wh1G/8AP6JM0Uyb7mLK5bTo4lCHlm37LMa6hHG2M4j4go1DPDas1j7MAAAAArOyuij6Le3C8YWPmrU7OlWuKxKec4oQZpejZc525xkdKE+XauY/n2x55GtZ9TKs7q69PMPDKqRP7zHlPHmwuE+PEV1LvJOE3fn975spmL3MpthauYwjVyQ+Sx55W9Zc3bjOyI3kgXkNUHPFfZZoLKYAAAABySZHv1KrsUlw5IcdDphFWqqVVqvyOZ1dW3Y2Z9K5Wzu8yCnnaMEmX5uuxqpcm6i56AoWe8sGLDuNwndJ3SRAldJVBr+X6Dhw3z773j3dvUuagTpEyHEfXUiduRNJi4Uby7B3KtUDxeXy637ZcAAAAAcmVN9IWmvtElCRuHLR1XSVI8UzP72/nsy+cvR7WKEuVljvcfzLG35d6BZ10X5FD1Y129tQYxZMQT6mDAk96kX8S8VjZ8b2LPn27QfReMo6s6bqYcifPiSJLqNYb0zPyo7nyDXdTZvDxfzQnR3gAAAACounsBor9Y1kJKqk5VzkyxVuFQzi+ZcO0QZHGUVFquFjztbY8z0EzdQo2ZV/1aK9Tjzu2bHF1GDmqwYb02iSTaRI9Tc8mz43pJENu2HseA59OZK9AkCfrJ9ZvCNEg8NnqNJIQrak63glvak3AAAAAALh2dZ+fSAqSxLr4qLlRVkzhRiybHNK9SyK+ZXI19ss9nj+dc1sG+v18Nnz+r/q48/cqqY1faqs1ufETFvwoTRe9TJQb1M2v4fps2GjcD1vMd+3Lb0Z0zSS+9TeEQSLuN+RpkbxQpS0t3PntbkMTcAByVlsAAqMo+jT5bud2H5iL8SzwoGTJkwZEe5ZxWzae09nZzTsY+tbB6GL9BjKa3Z2nJ9GvKSx8vK89eDy9MhfhyilCP2Tco0tDx/QYk233peU+O0V7eWtmdGkT4zSRuzIfTbI1IM468D54ft8bnQAAAABycFyTuF899GXOlvpzxK/ColejxQz8yZ9u5+VRZjlUdGDTJLhxI8z0GpuzOP2s6t5PFj0s2bbYYOFncSm7B53BE0Ru2NDLazPJ9LX3y7N0/osE07PMyNVpPCn8JmqaI4icm3hs9RqQEdSdzwDe7zErAAAAAFwpKjJi99/lPSJZx0V9cFJVnJQqz5HK7/dF/HLKlzL4tUaU2riPGaJd6Ef6PPeXq4b3zup97Mivuspwdx7L8fNLC7zDEYQu2NXLbHXlb4H15Nu9Nc4acirpitaMyXXzGsN9BAxaW+M/f2NeNdjoUt54h/bWOOAAAAAKgAu85s13v01PAb26TmxVrU4qpmK8+rTZzX3ZlOdFrmhsYjeWoHLIk1Y/LB7Nfq18TTPfapJ9bMpQ40fO24kJ4vIpwkjYlxuZLtacPoeQX6bwfZtg17IRPmeeX/ShH9XEuVaDn6iy43J1NKzVGKWtejnmw68d/qrPQAFZScAAABc6uzduvmPo5eY2L5W5exWJHB2WbxVFf6OLsLI8w6WryDad6SNMfnA/WVe2/56/wBWfmz2V9nz5n21Q34O3Go0YKvHSQOmjKLOyWdJGbT85X9E8r0zeTD3Q+LfsFFM3r8SnGlRS3s/UrRFuy60OXRXFrTqeTa55avQW+gpAyCyUgAHIHBd6unpT8iPvC8SEwXdfGyOyPqJ9uRPAx6Gy9/dPcl8PfPaWxdnZnHzpvoOdCu6O1tPPp/fOz3nx5tnfesZdc235K9ZVj3zYufW0ORYVFvklth41/tMGHDnqK8h7ofJTrvslzTONqYNuogRIEpNGyUS2c1l7HxC63RFulRFSBUBSByBwAAVl0zEfZV4tXrloumSVbvlyddbDn1sYG3PtNaPK0wxkra6vzh6ufPc9e1tzVyek7znv28jNNcZy16VTT8/Q+950aeat/PbmFyEY854BfpcHQlvgQsyuS+hv4kvQxRbIOjmbYT5RQeSaoy5ImlzUyFfzn93dHtVlEFRwBwAFQFIAAGSOIXaYe+Pyo9/vn2SfoqkeR47Jp+Xu1PqQhajkG+c86PqR+fBrsY9mhFV2TJk913ix9Yeet9DgpPT0CtPmvHj3sCd3XtOv58f3fyGkNHptTz/AFMZzdLLT9L3Hu3pnx0wZFuZCr0tfpmSRS50zzr+dJtsTp9AAAAAADk5ODN4W6jqjBRqqkXTX7M8PPSvi3SiyTnpmuc7jzlc298umjxPDB7NGl3g/Q3bOXl6QjlElQj9CHxq/Qauc9lKn2GG41SMc2vx7/Q/L9Mvr4dKLNEE+d6KLX6K9b5XahGHvw8j2uxiqaiSrsrhmqUa0T19PnCaaup3Rqt9AAAAAAAAVcO2FDqo0OmXNjrsG4PoeYoKu3CGrvtx7N66JPuUuovf53no9DztG/T8TZ/NV5//ADvsor8/1kyi7hLIr5j7Dhyc9hniV+urTyVtksSJh5+dMMM3QJ9L4Oi/oVRxNrLpyx13Rl886T8Wyeq9HqN8/f3C4vS3eSydU+uvE8dVmTz7adcf81WgOAAAAAAC5I4s3H9VQ477t3c9XblVXrJ9B4yB6eWU8kNldXluOvsPy0RNdJkX1Z+rFcpzL0NnSX8t97EWTXjygj02X7uyFkokHsdoKeduM7JMqoiqPe5aENWPoPI6J9+eRtNVN04Y7lvyhMWa6QOcd+P0Y0nB00pV1mbho6PXua95tcYd0cO8nJSAAAAACn2Mt5uOiqGzND0b+R2M/W8vTT6/x0nBe7Nc97o+dJHv4dX8mznPJVllhuGuPdeXcvI1K87X0R+P9YyY3Xc/JA6399PD2f8Acckxs0Py6dK5d7/81nbnGw9HxfIbrjsNoi2I9QpQu6uOu3K5u14GbcgZLHX6vnNXPt2tzOtCnb0zZPWjxdT3oAAAAAAcks01ybCM+4+elfyG/wB2+9pp6f8A7L5rUC29Ho9Td+zxuz3Zg6+dGWT9W6GYZY+woXv0W83dn8G/pD8z2dXPP17ma8PbD5094PPvWoLOO7Ahbe25p23Rn6embO5/OZ9N4OhbbIGvz0/lTh01Pu+tbhSi49jWnbJLLp1Vqf8AoPqunpI8r6bU1roRAAAAAABajTPva5Nqh6iPm9HaFTbK99bx2VpeqGm27zYA11pG3Az7atbId2T9OOpEJps8cLef6U9Uy7U/A9fSzztLJj3czHc3/J0NPJKSLKZMs7j0ki46bLJH0J19iKfRi8+31WPSzVkXrJue3LsbswQvnvSMmxgdtbtPZG0+X2IyvlTPR0R5/U6L6/etgAAZRaKCkAJO5VLbF6J/I19+XjaZhRk6VbyvkpTOGw8NlUz+n5sB+b6eivqY+tL1PI6aLlmuxc5X3CeTp3X+T+hYVXatmeI/ldCHRfuB7ktlNGR6ehXkQsYeXkL1aYvxSdNkZ115l7W6svV8/VPdV2Tcr7HNVMP0zjvZRTNsnj1zlXpYvOai49HjZ5zoZ9LVxwABycAAAVE4SzdnmLL7Fvnd0/1nyteI65l+JxSPHdCUt0GT09rMLIauszzIddl2Hj06Oz3w/eR/OsY1iOPI7xos2L9Xk2S4+b4vS6GFOnL0IT8O3XfLfGHhbZp9DJOXqU5UeXtPXpvoc1cHfspWroYVN3GrMwaNUPRt0Nl3xP5q+pD2NXPFIAVFIAAFZP0vK9wHl39peLXIdfX5XJ0Zy1PipezYlSs69dfYV9Fm0/xQbldsZ4dbOpkh1SavIR5UZHnr1h+6El604epQi49CjyrYP2vN1j8T1mrQYFbX/wAH0Vei7Zb6Py3DCKl2Ll9TmbX1atpJwenpZk+uWtWHdr4j1/8AO+HjbXoNs0UgAAZxiFAAcnbrR5Xu8zbpiqhIkL3dmm4JlbJWq74XMMli/kz78qzLkeefv2I9jJrjhvjvAb9FkdRlm7UT+WXenrYnD1aaeXpUClV1978cXZNzFxVx3EwvI9DC8uzYT6XC9rC/Zjs7Yv8A3xbPm2VegbUDHptjCXdeKnWvoeGPa191LYAByVlsC6WjJR9r7w+/WnbKeLVIlUnlTasc6tqlvsXZA79lWwXr49XPnfS2a9fPmR1anedCNcPUSvUkWc47BoZbFmNa/t46tsVGqtUMt1PrIvDHovjuu1A83dn1Jp9PzXNsgrKn9r5Ju7kIZONGqDYbGgRga0nQTbl8dfsXIUrbaIAAAAVAbH3Y/oVy8zZTzr5eq9GS6ZO6Nq7R1ZqirOTR6vNqduB716NCvCu3f95HmWGh/h8xc2pHovs+vShefZg0SUZ0reihetLiKjSvWMawz4mFDSyK7G3g0SVrzSvbBc7CzfU8tsUCJOjJocuaoyiJjQmFHiX3x6yfTv4Sx3AAAAADk7DNHne9DT4s+Y7pJh6z083U7qJO+RwUyV4SVKeObVFwdsc2miZMtkXcz694JYNWlNy2ZPq1tHDdeqhmW1OBSva+zp7OaLvN0PLXGWtM9LvHiyct8awuTPP1zPtzPqdeVyhS0xzdlSbzjXjNq90plqLqmqDnmKt8/wAw/saGhLRbKQAAKygAAliOf3c7PB7MdMpLweg9uWOvDpc+M4EFVxeFcWs92XmnzpKFtTB87jXjtK4W5sbPPIdzbMr29iO32mUc5uwjhjNW2o7fqz48Y77tj2qNrnJ20VOPtOfr7fmxeSSpdQHWWkx+R1510eebryxaqNftW5NdpLYAAFwtgAFZ3T1+X7HfU8PZSjU/u7nbm1urz9DnFyHFSniwLfYVU6nfojh562DjI9VqbVKzLmT3qtw8bM8xfR9fWKOv/kysW9op43p9Z/bIpp0tm6h09hJ1ksq4r6FillbDJqMy6LBqpha6fQpCjyo6pQV21m324YFs4AAAALxZLg/JZey3zsnqm9LB2WXpCzbX1zS9aOOSrjg5qd19Cph42c3oSJqyt/JJrZ4Y1F7N7JwT45+qmZ1adDu0xbPl8x5MISRCri0q5xJLcgepjkTXXIHe5/FFZO71CsMBBi+hXqzn50AedHz166YYloY3dDb02WSooOAACsoAWrK0WuzKHfPEqxrkiLuTwU+gKVXZJrvlq651Q67KrnRmisQsvwlK+mmOs9iFX3S2vk/9nJnJVcK0+qkFblFEbdcUymeX6EGlimwbpQfqdLurF3Xe3ikijQs0aUjsWt2MV244c7o6ic7zz47dO9Jp57mrr6yJTxeyDgtAAAVnJbK3KHbw5OVq8sqnKKzI9c1faPi56FLrO1TTXLmqDjx6nFAtcsV6l62UDYoeaBi9QPs3PrJNZy3KfLqq1qMnxqzNrFYxabnxrqh6mca6Y9S8LfGlDJ7Ffbw7++p51uvYg8p1frr6/wDNo6OfP16PaLmpbotZKmFy9oa+4SdIHBScAAAAAAClypz9oy+wV5ccGjl2nruxV9gGZ3hct7ZvQz7Rbc7yjc82dBafKt4uzpq533f/AEfi7GYtL056FvDfkZoqE4rc6ot5pROVJMpNLVLW+7H4xPN19aMuyzW2llS7NUGrTDW3RYzZYml3alSilc1NWqLSsusdlaLYFZZOAAAAAACoz+VuZUp9qvd4rimKLmdzk72ZN/POl2d1XbP+lT1P5dfT1ojG+HT6J+ZPRH62Ca+zUZ6cnPVfvk16Oo2qtpXVxvVDSGnR55/H3dTd9+FKlcvldlVewQxdF2Nf3MVNtxOXt5Y13MNdw7SWjk4OTgAA5OALs1qAKjhzJFMV2Vd53JlDN7FWcdnMaXzXlRlI+vBG+PTZzbG/215yx7i5p780n3opb0OPa6KtfFnwr1vz7tV7qtSqNzJurbN0kq6Lp7RllmLF7zCXJXJ4XeJCVS5Fd5KS0cAAAAHJeLACneTKAVFJeOXa3FflTj7Vm9hnK8pepKMhJWj3ClSm8nG7XL9mW7n5csidssw5boK10KLJIvNL92ePGOD1kiqbDsvT7Outlz+0Y3LOeWo61PRS+ypS5KQLBwAAAAcnJyUAf//aAAgBAgABBQD/ANHNTQ00VN9HUH/yROlAEhYnaoLZg4tImC2sSi4hGjRMn/kPSvWljLFITthiAqGHSnAVtRowDSyxDXaQf/HbS9JbkELtpCOn5V1lotuJo15VNFuDLtP3ApNdNqMbVoa0o+X2dfqJFAFj03qKItTW5LfrkN+sgX9dKaJ4/EgkRxlqEZWWWDojYZFMhA3NXUSt5NCQrRl1G5qlqX/k+2ihmRdlMoCsNyyRhPA+OnlpSIGBiOkEE8lSApQ1Zd0Yo7gFG5YwzlkIIDAwwknpPUVvETe77ZFjMsbOqqH871QwWHSOo4VNKoUXn+Ca5v3uLUyCG38mk0SttDQBvOgCDqKlINPGrfcRljbTR3GkdSxs9NE6g+I8EIUK7EySHZIgcEaG5RWt7e6YQou1I41SiqkiJSW1ROrcVHcqlNds0j3iuBJveuspp9CpIBjdQoYMI5IWSVN1vPIVUTaFJC9bnrc1K+hbXbvapGZggIiJ1P2pD/JlBUvqWbReswp21j+jz8FYqVlbduWn/P8AKWT+GRfUR9ZjXWamLyUu+M9Zq8q1FailYKerWoFSyEB5iGSZtkMjaQzaUZhsmfedahI01FaipX2lJdU1FaigR0/7/ak/P+0no34/W8mwpJvNeVP/AMbz9NI20unn1i+3JKFF5L/ktpvKGfy+sUdPoH25GQO8iCgyNUrqPrLHU+dD+JDNrTuBHPtcBtstvIHXqLTH+MUnkZFreK3NW5q3Gtxrca3GpWTTJOi1j5Q0cLppEzM3hvbfuP2B9uRd1IOsgO0kEtRcghtaLADqGupR868hWooEV1BUpG2R9qyfnakbE2sVIKhiWrWusaEoIabSusa6xqdlip23rklLDHOFjjfUQaEs4UqwamjVTqK30hDU8aqDKQ281vNSSFI4zvj+0UOkEiLESCddBvWj5kpI1bJF8S6gyOCQSa8686ffo7ECdqt5tqQyGpm/xBkI1FajwJehuNHyG8Vq7VKHqYaR2ZJeESaRltXZtysRRdiPOhSrJu1JD/xk6i0HU1MwMcDKYvtN+K+lN6eBkKESFyx0XqNWutN6j18HPlMRrKRpGRthlYGNy4ZNtaj6JJNldXdQrUVcSlTdyER2DsZYZSKhlJOutLWhrQ1valmYATnRpNz6Goz/ACk/K3Hl9tpBBM8u9esD4H1+g+rSBK6611hXWWpjqsnrOu+reHakM1QTaiR94P8Ayj1ll0oNuEsmynm1WKcaVK+lXTb2hudHil8oZtCJhp1hqJj0+rXVonU0DoerUelSf8MA/wAf27hN6o2qlQBvaiTqGGjMCFP8pGQVrrUiqTsWti1sWpHUJI4NSOCcbrKjRvFNC6a6gh1WvSi4aiyLG79QkA0P41uapgCHOpjjXqQfjCY9QQXMaAanTwT8a9a2rVuZAZn1SEf4ftsf4giGUGJ1Zto11ogmgCPB0DgNtrUNUhCL1K6pqRtxlSgukmOKwm/c/sQqGpTsBfUNMRXTpvRV08XGypG1WQKGgFuzoIkVAVqL8UcODt8Q+g6ldSupRamkYRoP8P2xt23sAkjtlQ1ICw/EKwYEgUXGm6WjqA76ncx8N60XXVwWEqvrZTEm6RDDBvZVYgaah/Vv40TqfGan/GcRGhbuk9nGjgKWpAVT+QpJdZNab+FKQwZgtDzHggVl/iIfuN5ifW2kqT0g/CT08JfwHrR9P7H1L6GNFBsDF1bmIfro5VlYsV/429Z6Hp4zVJ+Mi72itgyxxiIRetQIGoxBZKnrfpQbc0f/AB+EP5+q/cKlqvYxcKn+G5lOtJ6eMtKm4BNtL6z0fXwi8wkJ6Eg0eOrfWpLcwt0vIjafGb0f8Y13zvYy20LCXXQUn5QruRotr0aEZYImz6Lb/wC3/f7gJFKxLX9uGbrGStDFQbU10pXowSGhE8ddOR66EmksbLCoDKy0F0qxjeWQCMRZG3EdLJsaLTZcxO8MjTLWrGvMeM3o/wCNpGz3ruVkvoOs0iMtR662hq58nrY1RsyoWLUQdNknhaIDc/8Au+6PIsdxvbcRgu8hgH8x62zolaI7zwoDFsD6KaySKLeIERq2lOxcYqARRkAyXUK3SyKBQEztZu1yl1A6g6hlidmazkjLDZTneHTyxUbftTgOwIFT2+sagk20m0yoJT063mtzUu40oIO4+Fqu1yun9A6q63cCJIsWlFSFhlpJCGncmkdurA0ey4k3SSKiHpgpbWu8xp01qLbV3b6hIwWtzNDIbt2pgrzQK4lvnbbKy61rocXaIYdSkSqXqREaE24jp/VHOlbFoqtDYtAxmtq1tOsCkRsQR/QTdMqbOVmmWaMw/ksn+TduVJFimjuoiJoalQOz2+jpEYT/AG8AperiIwSeA/5IX2SXbdV5YdD0aSDc9rZiG3nh3BmMJqePdSReZQqPA+qrurpkeABJTyX7xOg660TrTallsmKz2hA6FdCoUKpNaECGHcC3QSxtJme+s1EMfkK18XjMq3C9Fkbq1t20DpWtH0hh0FlaJAsUzmkhMrizPX6L0kX8ZLVZUe3ltj0jXSNRLrHNbMldPTwsoDsA0H3SdKLKV6a16CIRVGzNTQhw+LWSNsXcoosLpa6dxPUGMuDUWFSGRXSoH6xvsVLakgrW9q3NTSOGibQ3McEpmEsFz1C0xSNw0J0aWOIQSMatnV4WYMqTSR1GoZv0VprLRXhKtLH1xJYyA9OWllaJ3uYmRtzmOAaIekPuhdRL/IBCC6hIzKoWNuvPGekxWOKpWkeUylkCNpEI3Z52iW2lJjiltmoW8ccty8slXpdXoqNv5nforBnaSF2CWczGW0aCulM1G30FuFFWkaSBCQemCscqpS3LsXkkoqxoqVqZ5NDEtGCMtFBbyB1EczqHJ+9vUKx1LsoWedejJNJtwJ6z9NTJHOWl0q3fqSrakqITHLcIzVBHEIFiVX3bV/bNu9xc29xTHY0nUNFZIyCajNtCn7UNtT30U6q8ClnhCMQ9JBDKbO3W2l60ruZwEEwah1IWWVDWoNDTWUR628yl5bRlG0gS7NNpNGh92T8qmcRiaY3JjQuLYSWN1b3qTmW1EJ6tCWMVa30qSTznqQRCUXEPSr1qOZI0ee3kMvRUypvRFmdjpEjXkbtJftMVvWmqW+McgyR1W/MqxTEiGbWpbqW2dJo54NVURS29SP1ZzBtlaMoKk9YP1yLrJh4Y5f4RIpa5gMleX3gNamcRLfP+zJF5Grf8I32sMh01gu1lpHt90phLbJZqmt4YY4ruW4jacGJ23s5RVvZYgYMrIsc1/cTLNdACW+6dPcyTVDEdWhm3PaSyGOLYWup4TYzidpHRFgvJIZbeWC7GyEVFLqVm2S21m8hmJaWVpq1lo27M4EZodOMzXgFNcLKPujXqZG4NL/GgStb2qKVwpuZFpCjlCWEdooSSS5hnizF8gkurbMxxG7tYuruoo4W9u4ZI2KyPGSHN6FE80gl0d6jt1jRYAlW6Fg0UrtNYTqq6oHDxi3u1NDelQTGBYLy1Ihv7XW7uzJS8hu7aFctIohy0kguL90Av7p16pkolQJWJNqxZj9yJTKLm7FvE+6X6FbQOdwRylRXIqa4knGyRoowJ1viI0t8zeQ1BnFae5y6bWk3PbqZZ7vSGSdnkdbdZaS1gZJYEddi1BIqMY3LNODHcxbml00vBobWZ9uqgHSoEXWNSjNGC8WkdG6utJHYMY2jUtrRbaHUFMdJ1STr9y2dESfY1GMEGIgaJTKQYymgjDU6KqwnWrVCkwZZTJtjmMNy9TWq3B/RVCbcW9blUWsUod3ZpxGGcaAqFkWKwjRKQFXjTSxt3c1MwJmCVk9ipj2LvJHIpqIvqjAJIxciQoA0hq0jhhSe+bcJpZSGYm8eQxWEcccP3D6ypubYFphuXoGpIQUWH+Qj2LKNahgArG2TvLeXiloLe8knjaeAXL9UddjUspLJrKysI0li1pBtRULm0jjjead7l6nlKhrvSNhseSpayUe6KBZI5C02v9oaXV3Nv0oIW6yRV1RTnc0bba6wMtQaafb1qSLUKu2OVd1CMgzRsaGoFBiBbQO4t7V5yF6ULOoFujC3vmPTeULbrIu24ddlrE3TuJllqWUCkOoVwhMo2CYCusKMqmnYMV1LSetXOryRWzIyqdIQD4W/kZ5hIrABdSPoJC0n+WlGg+3HGr1KXAdpNQrEs7qzEsXVgELEP5CxeOGpZY9esvTWEyOm0RXTCRZTogGgk85ICVhaNUZkV6jAUSD+T6iJI2YaSUqOwSKQCMv1ZPU6rTywidGSQanasjLUY3UFAU/wrcT9LjctpHoB9vTWozsqQLt6W8CPUz6B2/jRZWBSnBQBpCYw6iRGkYiJFa76dGRpBNW3RfzuG0to3kDeEK7y8upgJmQWgji6S1ZwiSS72JTuiszgmeQSlUj3ptUGtajYpSyhgzbvFI1dB50dRUURdoEWH7rFhUEu+njZUVhvaKJqmRaPqNK2qa2JXlUiu9bJYmCagNABMy0SDHAo6lzJuatDSEBpbeExWkYhjyE6z11Gqxd0kvpWLEOW9KIK0qgkgARLufomgsbUWRSBr4yW5VljjjDRg1CgU/ejbpPHcdaPofyEFTw0YvPpVIm0eEn4QfipUGQwlpoKYaItBd1dLwt4t0kCxRx3ORijEvkaaSUFGdqf8aEfWr9fZSQGo4irVFCFoW8Ip3TcLb/H0hXSoRAyGMIE/L708e9FSWBo8isoIRk1JrQVKhLdJjXQJqK1jrIQlW6barFqssPmUY0yHVV20F3HpNXRqJlWpX3K6gsQD4yEgjVj0zUcAgpY2kHRIpojp0zXTNCJ2At/ONNglkXVd81Rp0lYM9Rowb7cqqkngJCKP8mlt4rpX6lsY7vdUfVkLIULFgDvYMrxVI7y1/LUyaRtubwK60LbeqQhXdnB/nQhTc+4Upt5GkVlrdJVjDHPVwhWaGEA9Natp7Vp5LdiRDMKP5bYK6NLEQN1ulTXYKLGZKmjKKjA0qgVp9xiWfxFKdDrGwkghagbiEpe7gJ4wHCosrowEWoKqAkTF2h/jsIqNSjtEqrHDulnURvqtEjXcu421vDGxDV0hSKY4yBK3SYJoajiihlhvyztIrULaNy0Nopdo0qS9g27WnYQIFjCpTzmWkiFD+hFa0um7SOpZF0Nqs4lheIQzzMts9u9AQO0sQVo4RrIYI1nkW5CROAgWRHMcUhhjmHSp0bckLEEuVELNXSNJGSzWhBLi1Sab9g6JRgYuEnJVmCyCRykG8tCisiBfD+/TFKNB/Qmh5VqPo2b6NupENnb6XGsMkV5PSXwCmTqzXUNtQWZa/auLVoXtrsPBIT+vTQfyhgAV4Duhh8ulb0xgiaTJW6rNJJM0UNdClUKv9n9YfxrUV5ePn99kK/ZFa6Vqa8xW1dTEjPN+u0JRdBG4rZLQhLo1u7UJLyEm6npbiYu17LGTfOy/vTafsT0YpZIo4FUsNEh12+OxTQAFa+ArX+hlMhH1+VCvP6fLd5UfBSdHCErsA1SiUDTnc6dEDVK1SgR0X2kkR6IFANf2o/03/9oACAEDAAEFAP8A0cdVXwLBQGBP/kidKHmZZkiEt7GtPfSFp555Tb3axiKdJgDuojQ/+P6gjE18AzuZqmYUoOmlAGln6VQuGp/X/wAa7bA97Fsa7lc9Zq6zV0WoLtEnqo3R9E1aTaMDqPuGRUpriMD9lTXVFdZqV2I3Gtxrca3Gtxrca3GuotI4NSFSfHcoDsKDinmVTJcxrRySqTktxF8WP7ZqO4Q0xDGlAJnu0tzdXrSMJI7kyCUOsZ29Ot7USTWgNAkVuah/E2jM0R00+1KxjWWZpXOrADaY13xD0T08HcrSylqZ9pMrAzOqJHNC9I+jKdQPVmCmRwg6utMykK4Lb3d5i5qxH7MxSNHIXTbSJsqFwyELpduRFrVuLedLfHi0ugiSzlQi9Q6edLGGHSFdIV0hUkZUWbnZrr9u5cBAQa/sWGkEqdFZFNJ6V6U53Ug0pyDRkBqISaxxQqV03J6HUBp+pJNMRSmQqzsoQuJb3bGsjRsBG0YQM9FGXwUh6jWQFpNomDuG/jTpJaPbXE6yiOPduG7+NdCSlBUCjMilX3iTpsI9EYH7d3+CkbS1JAjxQwAGOIb2AHh6100rppXTXSSPQ6N4R+qeigGkhHVmhBoIQI9oEaxSEx9V+iaeEFBGUKKxPRNQxKKIOuwNRjWpoBrJbiRIoiahjABi0fpCtDTA7oU1qSFdYYQK0NaHcnp9q6/CKGORWt0FQwFR9elaaUfTpVHCQ23Sm9PuL+MSF1kjI+zIm6lj0bxX7dyo2bWNRKyvGTt+2jMH1JJjUxuNDp4MGNKH10rbJW2StklbZK2yVtWvIVbh914HV9slHxUAnav2E+3PuZI1CgqDSJ/GkbczDaa0rSgmo2CtgrYK2ChEFYeoXVJVG7bWygNKI1rbWta1rWta+AGpgURPeuxmrbrWwVsFBdDUZ3kpWwVsFdMVp4J9tgpp4yG2NSkBdKRgrtKhJkWg6k7DQ8h9KgmoyDUqncf4jX7SsN0Z3vedN4y236oo2U/3o1rW067TSgj7j+vj0lrpLXSWhEoP1p6Qj/JJ6yeg9Po1H0xx6m1iCiaMGKaJdfp861rX6D6/3+23rpQHn9tfzX1g9ZddJoTQGgr+9dZdQQZVQtXRaui3hH+UKbqmhP68sPn6V5ePnXn9HnR+9prQArQVqfsM6xgXEZrSgq0gBI8kmYgKS9uCT4n06a0sZ3pqo3NW5vCNGLQ7kHVkImJqVVUf1ANa/Z8q1So03kjSkO1ozvEy/wAYm1jaMIFO7w1rZSIAGOvii7zGdhX+asNizOadt46Q2M2lByT46VpWn9B5V60PFVLEgivPwPjB5FiNyjVo/wCNTMNIfWQEncI6BBoUqsxAIHjFX/yRD+HkxuAiGiyiNjrQIB3rSyI31/3++PBWK1JNoeu1KdV8YfVvyi9f/jm9Ipa1Jq5/NfQVD6t+XjFXrIG2I1yUd361Cm/E+MP5fSfT7p8RT+taa10DQGixybBJJvWofVvyikCL1A9TflVprr/7m/Kofyb8vH+0Po+n68TbZOsK6wpzuYrupo9B4dQKZXD0n4/0jevhuNbjW81vNAnWN2E7gbyKGqlvPwhcIZQgp9xI6moYqVZSJHCkFStf2iY7pJWWNiAQxqMqafbuHlTsdvgVUlY0NaaD+jZtoU9UFdPD+w8DQqKPWWTQHfW+i2vhpoS9CT/Jv8ZF1MbkFBvGlRrpVw2tFDrSjZTTEGOTfRGo2VsNbDSjb4s20I29f6BgSIyIwykrtNelA1oTRBFf3ilRTLIC0e4hpokpNJB4HXTYwev8tIf4sQSv5RfiDupxIKuZgpjZpCxCeH8QuwqvgHVvD1rTwk/ksQIT+hZNaR9XPofBPR/Tx6mjC3EtInTHi34+IpmKiKXyh/K+m6cZuzLJbTkOqibwmfaFctD4Q+v0r6f0Ev4Wse97yG0DpkRGiiAwdJjSptrcEoTKC0cRe+y6I+LyokkYIrCZdeqta6+D+g9ab8ihauka6Roz/wCC7vJJahkd6VxG0N4ABeL+u1+pjtLkIyXCyVoK0FSyiBUYSIo/k86wmL1++XbqaU+3azzJUsKu7PEFtJ1t1/7S1FC7ScCRRU+Tto3vr6WWO30SW5n0uMbfw3FuLWSti1oB4EVtFbmrQyV0poK3Gtx0V1nSeN7a6UMTKjOnUeCv2JdsxdDGXEcdzOrJkzHVpdR3UbwidFMduhuIgFDzyxfl95joCur7xTguA6wpPulYjQyQu9OArJNKlE3DgIhqSAg3cUrJDMpigQkWF4txAG1jEuoB3VoaeRlpmCgSxlYQ0tSTCObq1qut4TFIrF1LsSFXSnUOGfVF1LQiGkBt0jluNJxNtHUBt5BJEg2UDr90kAsQQfKho1bTV/J02aU6I0bKsbssiaNLJGso8lYMhuOqggkLw3lkJZUtFAsopoGs5Va3C6gMq00wUPcXBM37VxUVpJ04o54nkVmmCNreLsFxtkij6YQQ7nKgV06KBRKyGkIDRlTUwKUJ1ErassSFnTUMAdB6fcb1p/xh9KljjnFxbGzlSW32QSw/q3EauWgiIZJFa6OiyEy1E+wu+8x/lD6xXECNLIEG/fUahm6K10VpYhosOqum1qkj6tTWsXQFpJC6x7Ul8z1KMuryx7PCH8ZG6oFqA48qIci0vxa3EF5DMWKk/bOopn0LEyVHFoNK6igsOoWtxIJMUjPNaPUrXaiC6u0q6kZY+tJeVNEdUi/lGm1SzKLCw201uWkVNJpAJGSPQGv7VrSjcek1dJqeIgNZCenmmjZLf/sJZYTRjjCyMisjq4hWE1shqRoViWW5MhtZJE/65jVhbmF/X7knkJvwgjTpgkCjEhIUKGUPW0AEB6u76SNwLKSKTFJPUcE+PcyJLSRwATMitYRO1w5LqGKxgNuSMLSnyPT0pmYFCCEkCy9ZqEjU7SFFLarHudrSeCXp3c9NhnemwltFX/W2zh8a8YjtBqthZEoEgGrExxqyxD+Q+5PKqVOdGB6MImDH6D51s0o29uDrARKZ4j1Enq5sIZabHTKBi55pIo1jjr0oaAtIDWu6ivlpRQ6s4EghZZdp1Lio1DxTJ0z/ACrV9DrTSupYmWg5RneRqlaMrvG6JTTKCI/4CL1+5ktVNmFeElNAFry8CQK1Faitw1ljjYLboBsjpZ7SKgQwWcayMjEfT56LOjNUk7sI+nHcEFm/vVuQ0ZSNgwJkIK1uFbQ1LsWpY1D9NamiFxVvaCIMug2tWhqJGDfcuzulWPYsnkI/x8G9fOv7VNdI4s0kROvZhZordxb/AP1fKkHl9Nxv6cMEdstRxFjFah5PNUFCrHTdL+af8s35CjLtoPvln/5R6dEUi7VP32kEdJK08pXpkeajUHwf1o+VdUVNEWkdSqQAdZlBS3bbGsRDBdoYeQGp6TURp4N6HU15150CRRJqL00qKQKkko0d9W/vWg18qILV0X+mb1i9W9fskkVff8KumkTLSlSo9fAqDW1RTICI4yZnaIMHE6rEqM8jqwUK4cmlPUUnUxopHUan8zuNFj4ef0RelQqHoksxjUfSv5fQJG6so3FQFonU/ayEoSJddF1UW+rKPXeK3ig2o1rzqNAks3SWopElUnQOCSh3hUOiuEX8ijBRTOKPnXrTzMja0GBYjSidBE/lUGiIq7mdwBvHgzhT1RSSAv4lgKkfzhfUfcnhEokXYx12RnbCjNuDBvBiwO563SVuehcsQno/ofSH+IUro3qvrqKIIpvyPkI9rFp+n4AESPSruMaKAQRTSHYrEUS5bQ1o1BARsWgig0SKdmDKWNbGLRIo+9lY0anjuVkBljWKUskXr4Hxj/5P7t6eC+ngD5zTUDqH/wCGDzg+iL86llpCWX6nbavX8Hk2tG5el9fvTAUY96TQO9LrGIJta3E0Sa1Na6RS3DiC2JYI4WSR91xXTel8l8CDp0npV0V6Hl9DKWqAFJeolSuNEkXaXBrXw6i11FppQK6oretSxvokbbYl20vr9tGLDwmL1C7BNPOSBHpYkWkMgO5GpQCS4VFkMipGiU35dIdTzrea6ulK4YaitR4lQaYACtoo+RTxm866zh1nXUOuzqipzCgWfWiAwVAT0EpLyGchdoUBqCgfc08XKsCu00QdNhpFkDM0al5NAJWJi8juLODsppVFBgQrh6upzbvv2Lq21Y3reNd4pTqGukLqN1aCm8igOnU/ko3U6FqntJNsYmDNMyp+yaRJpCLZ1MetKdCv8qS2giIBIVSD98qdXB1PlWorzrzpgSVTUhBrcl0MckgqS5AMlyCIZtVhR9bmGKRJZtGWYkQtJpoaNEuKMRFR+Sl5FAdSP2ltw92zmF5CpYAsNaKJDTGOQC1iNTQrEFZmlbpqvrUPpuFJ+P8AQuDqy7h09Pp10qaaoB1hNbRI3Qt6SKEJCLnWSElRbROv6txHKLm4jr90Ub46pfeTXv8AH98117magJxI0bu0UGo39Kpv/sTSbZd+6m/GOpn6wSHarw+fSCxw+nRoDQf0OgrQVtBqWJhSqNr+R8P12MihVpzvVIWWRToRNpROqUrkFjGw6cddKOjarJTWQUfrDS1sh0GRYCYwFfdsjiZqmiatCa0AojUBWFdNqAIDKWpFbcAB/TD1fQjRKcJqdtNpt1bpLptp/NdEpREaO3p02laL46eQMocs1W4H612kTGIARHWoi+knnTiPU66pp4avR0pdP6L/2gAIAQEAAQUA/wDRzYK2CkieRjGQWGh/8gPOthqNCW7L+3rvL7iOU9r/AIJvdBygds/gt9tnFbfg3tN7BdoMf7s/jU9vPfy39xftN7v+2nPlGBI0+3oR9ehpRqWU66GtDSqdXGo0NKo0IOqqNPpA82A1dQAAu0KTTKAPp0ooKCDXC4TMcgyftF+ETv73luvbz7Te03tm4E1gliL1S65aJduYso3Tvf2Z4Z3c4v7svbLyP2wdz28j9keRZt3iPMlSCFJJQitTQGgrb51qBWoPjp50yjTZ5BdVCrpsWttBQCQDWxaXzVgKABDAGguqqu6tp1C6DGYjI5q/9nXwK98O79r7avYH7c/arh1wtrYrKrSR3NjLI11jZiLvHExZLDhY8/gyw99PtoxnfvtHlLC6xl/9tEZm4rwrlnOsv2++Ij3/AHcS1438BHvxzBxv+t97j7peLf6y99KLD/WV7M9P/wDzK9lpEh/1l+xSBf8AWX9vxA/1iey5myX+sH28kS+/1fpjDyf/AFju/Nrb98/g7+QjslY8h45n+LZYgjx00GxwFBJ49237h8um4N8YXv45+O3/APr6e/bltca/1mO4dwvFv9ZrtXaNg/8AXN9j1lJzv/XA9o+Vwvvs+NTvz7EuQOpQ6AUoOvsn+Ir3Z+8w+0L4v/a97NMXxLgOY5VnedcBynCs7NbdSVrFCj44oLvHxVdYwLV/izuzmOFcuwwe2+SftFadrfcodNPteyz223Huv9xvtn9qvY724cOxWMt0Fri7eKobWFVFunVity9R22wfqrtNs60kWrNbyoUtpi0dnJMJ8Yrj3a/Hx7ZPd/gfkZ+G7u17KraC3e5uPb58CHvM70Yns1/rXe33Cpwn4Qvjo4WvEPj79n3BJMV2749hVHF0SPCcJium7X9j+1HNYObYDjWGysLzwtdXpiPdrtXwbvX29+Rf2B829jvd/RtfhK+MdPc1zvjPHrjK5b2xe2zgXMcFw7sPY9teX9yc5ccn5O1gOrb460/Ykso6vceALiyMbX9qAubxu6s/j2Zfmk7ZF8ER5fa+AHi65f3cYKxKx2dvLpYWEklRYqcJFjirwWqU1mIY1hRnS2R6FlK0a2Yc2tqqv7d8lxU33N+AXvGc1PhhIndDtTi+ZYDOfEpJxj5R8TgMfYRQ20VX+FxVrjSqvXCcLwu8z/dbt32n4/gxG9g11NcSyXlg4F1jnDXWMkR47eaM+7j2jdtvd92S7Q+xnnXJffv2b7U8K7S8JtI8hY5jtFm7/HX2L5TwrB5nI2Ebzvj46e2SWN7Ab7iyHUyGNt2e5sYguds1ZM/Y6j5OeAJy/wBsTKVH2B6sFFf658cUnfTCWm9bKIGrKLRIhIa2tK0cZEcMCuUtRrDbgU0DyItpsRIlAlmtrK5teQZm3sVttayWMJW44RaW/dyPFbLaDHSRF45LimtN6i1k1a4yIinjO0QManswwubANV1YNLTYpmMNvGj2nt+7bcK7+4CGbo3kH61zjrOWRrGU2CXVoHLY+MvPZhUubZ915EQLq2Rje2lZ+znMuftZFr3V4CDOdrLuBoJfsqu6v9drJ/re7LCRHqW1mOvbWqawwq1JbEpFaPMP0ztitdTEiqFt1ItBdbxbKwhsoncY8rQxELTXcGrZHBm45FHYo4NkCr40sJbNdXtFFNjnKSW5Mkln1qewNT2kgp7Lcs9oI1e36bclx6LfYW3kcf8AXq8EFoXR7HdV1ZvGbizQrLaaGWFCs1q9X9q8lXloUXL2aMvJo1jj72WhvsL3UxTce7knzP2FJFfAByGXB/INj49Gx8zGyxyRtUMQSorfZUFvLta1DIltMWhtgwW21P6aai0XZb24W5Nu+iIhXIWRaszZRLd2aLI5gQvPakCW3YV0NXEMQaaBTUsLOETWOe3ch4dKuFGk0B38kSdE4oqzWMNrvWCDRJIwJLmDdV3AqmaJ3aayQ1Naoov4Cpu7c1m4CRyau60Mj433j4Y4H3K/ZQ+fxFc5j4H8h9q52Ywq1WEZjSCHdGiMY7ZdBFGNIeqKRDTa7FXfXRQyQptWNCwEa1fQHTORkxY3WSOSIbSqMBj0Ytbghrd0PQ8ntdytbLIJYEYzQENcR6i5icR8lQSW3ApIjaW0BaO4EdrFLPHFHcJqLy3GjRCN7mNVjvIQ0d7BuN8kjPnY2auVW8Wnc63P/WfJNi5LD3UnyP2F9e0fN7vtn3W4bmrLknH8Tbwwx2Mf8rVCyw2pL21siPFEFbpArDE1PE0lRxsaSFnMUYcdMKemDV6q7ctCGix7B7dArRyxBH6dHaTKf5sg1liQCSORRJ5LcCN1mhlCSQaHk0O617eSA2kEQMN3C7CS3JLJHKDGoa6hCLMmkU8CKb2IaX0QEmct2euVwsqdxIZFtflKuA3uoPr9geump+Jju1//AGL2AYsq8eOglUwoI0WNWe3juJEjjG1IBqoO0QNthXZRWJ6kWQUzDpDTW5CyW99oY8YIQlq2rDdLSqkhaEM0tm6tJErU6R6FOrUg6sk0O+riOTR45GfkttC0HbYhYLNRsuIFRJbd2LWoiFzGwM8O6pEIe5g/hd27KchECudg0rlECCLuFbL0vklvhe+7c+v2FYLSspr/AFpO+sGQ7f4OQEWbSG2hChYAxqJlUQI2gQkovmNCpRWZTJIIdyof5rKVNSLvjnRFa1h31bBCWYtOsKb2VlEisxZd0NxCFMo21LGJHaICpkXe8SC5zhAi4DcxmfDk7EMLxyhgJodC1uKlj3tNF5TxNI93C2l3Bq+cWE1yaBSncqIJae+nLLmfdX9pSpHxFe4+L20++Lj12BVj1JTZRqDbW+xYmZEhG0RRgjRgEaTSNXeGFK/kE27hJHSDdDfArWD6btCscN3MjBwpQnpbSoekhUrN0nSeEKbhGQ3KkGVfOTSaXOfzHCrWG2uMEVNrbQxziRfK5jk1Zd1TIQJbVCLiDal0moyMa7M3GNOQwRxR945Vt8F7g8+/Ku+B9fEDWiEA+hPygmktpPiH94Fn7uPaVh9sgtRuFvIenbwRvJbRhaUbZYTHPQLFY1bSONGoI2jRgLIryPas37GUXY2LljivbjSO/wD8NzYqrlFQKpWGN1iCGSMqzIZTNHGEmhAq5t1Q3UKLNnFUR8SK/ucelX9OxGghTWpodauLcFZo22y28a1dRojTRAtdwwuM3HsHLFkjh90ORXF9ueS37ZLOnzP2ACa8wU8z8L/vbk9onuw4rloL2zsQxFoyAQGTcqyGl66uigUkfmsboYoRLQRhRVyJ9nVBLTZPbLNbzzwTX8MUb4OSOVLSWNRs1qOIaSRJpIpFPs2XMUcSyKrC5B1vFLT8nlleXC77blPBr5TbYxt7bXS4kCmpY96SxvpexyqLmBWF4Hc3ylVzEekPLUdIvfvylOM9hZXaZvsx1pq2m0ws6P8AA58glr7mew+Ml6sVqyARsALdXYpBoVWRaAC1GoURf8kaP1AGCzsu6WTo3F83+K6vUVMbe4+fC4e6QXXSRb9INYSiksJNZWQy6MEuenrc2/Uq8YirlJRNyXYs3Hbb/wDP8NvWgbEXaEiR/wBgdN4WUayxoKuBE7TKFF0Y5xfgNWcWuayMYPlx5TNx32saBaPr9hWC0D/JjqU/H2k+53nvtF74+yv3Zdufdl2btZUVLdGZ7dWVBGjRxhYgITIrqwEcLbQYxGSNs4KLPcOsWRuBs5Tl7Czj95Xz18k9v3vu4XzjjfLLCyuknOEZnm5Vxx+O5WaNkEg306KKuo2arhCsd2WJl2m976c5sO3nbr4wvm1ysHL+3fLbLOWGCvXdYWDTcGt4MthpFDtOWqZWBuFBqWJlGRhcDkUS7eZsET5uM6MR7bdNsf0bDRGh+nTSkY6hiD8SvyR8g9jHd/s53X4z3K4lYXaSLBLG0VmzkwWcwLwdWltGaocRdSBoGkfIYsWePuZVAvLnY185/W+Xv3m2fs99tOe5DleRZr/Xd96v/wDVfb7w7OXV7VjKWOYQct4JPEUUQFqfVll2CroANfMsTPLF1vmn7wS9s/Y+trdIfiB+Y+77IXHAecYrkuLt543rthkv+s5NyTGvg+QXIkhe5iWQXEIqdt8eTkdaz3SKc6tJDj/n55YLPgnmVA82Cjx10pvy+gHQsdxHkQQx10HwefKxediuS8N5tb5eDH3yNWLnXXh3K47YWuG49l4e4GCwuIfjF0txcWfGcJZ2fcDFLi8jeBFN7btI+d2rF/sL+5DId3vfWZDXss91PLfZ57i/bH3q4V3s7eY27aVey2XtDJyrj1zgMqR5Q2wuTnMVc4u5vQJRfzPpdSkzf7G/d23wnam7nd5Fdlr4K/lPzPBeT8E5Yb2LFZZ4LnuzLbT8iuIo5UuhtEoRRe72TIKQM7NIa7iTww2/ztc7jznfdm0J818FXcGbcPAqRW06fQhA8LPeJvhE+VuXm9rxPlkV1BjcgBVjnJUfiPdPMYocp5fLncjiMlcw5HF52/v7XnORm5hyPJ272FzfzdKD5pflvwvs44RyjLZfkWapG2N8CHyYt7f+4fBM8mSg4/n7nE3ee5bc8wZkSIducfj7rlHfTG7L280jrJNHIuavEs1+eTuy/dT3UFS1RxgVj8lc4bIfC78h1r7vuwPHM0t7ZfvTXcNtcIUvbUaXMalryFd2Sl3HkCiUd2CIcd8indlO8Hu9cg+ClRR9dSPoLE1uOn0xo7m2tWEOAyec47mviL+SvDe7Xtbx/kJuKx2V2NZZtAkd3bT2uPuo2ydv3A4jisNncXOJs1kZJn+XH5xe0/smg7h91eb9z+d5K+S+eeLoSVbTTW7/AAafLPbd/wDjeDyAyVpZZJdonjkPD85jsXnu6/M8dyS+yCCQZm4RT74/cDifbz2b9w91yHl3Nc3hmszFNEkkz6y+w73cc29mPuA9ovuc7f8AuN7Z2t6I5YpGaopongu2dY78+eTVdOSKGh+T/wBzXF/a97ZL+6nvrr7anQsdSBrUMMbxY+x1q3tEBjxbg9su4/dTsZ3C+Ob50+1XeysFmrfI2+Nd3PBOFZbk0/M8LhsCeJS4OwyndruVgXh9/Hy3YmIe6jtFmsDyV3DVDC7NlLWRW0NQ28j1225pyrtdzH4iPmD7e+8bilpkLZhBOrL++Wq6vpJRkZTszGUx9gvyp+4Dk/e3ujyfh0ObwvMuM3dpJkMHNEVsWlOOxz20vx9/IP3j9kvPfZR8gHYb3j8StJjKscjK3bnH8W5LJybH/wDVX2XCAd0eWYXhPHPld9/eY973e52LD7qAlsdjDstbUx1Z2JkHa32/co7gS4/sxwHgCXtrxK+g9lnyX9yfbxiu03ybe2Pn1cA94nai2zHOfeT2l49jPcH86fYHhV/7tvk091vumfAWt1jbXlXtvm7p9me8PY3kvbnN/qoi3SSSMtkdWtxDX8iOLcl5JxXO/Gj/ALDNxjMZ2k7ydse9PGJp5I3uMmYE5DyvHYvHe4r3f3Hcu/8AfRYz8e59M0/T5Vwq3z55P21ylncScOaG4/6F5J8H245BIe3+W7tdn+Vez75qe7+A4n2f+Vj2T94LLEd7O3FzDyXuJwa2h9ynyX+0L254n5NPlx7p+8vHchw5xzttagNSRoftDbswmOeQ2uPXW3x509qPt5ue5nILbt5h8TjMphZcjlmwDWGQSw4+bPsTy664Xle5PMl53yLI4lSuT4Nj7x7zt9krfIZTGz2dvxLuZznE2XPu0P8A+44HuXwO94DyuTFyK0tsUjeJ1Wxw1zd1i+MgJY4iJI+xPuO79+3bOcX+fD37cMluf9gf3u56x7Ve4/3e/IL3E4pwaC3x/wAkvt0vZu0FnGL6ez4O6SZXieMu4cp2bwC3WK7b4nHzcfw0GPn/AOutI7m25be4yxt7LGWtxb3ssNvw7kWUvr73C9lsR3F47zSwv8DectuJZiRoQdKJ1IQlfsAa1jLGS8ubDGCKO0tAqdjOwme7rZ7tN2ExfAu3Xevj3LMXgmtbm8W2ypy+Rs41e/7VYbEXdlyvsRn58Pf8eydjPZ8HyeYm5ZxLE4W3zVlKzS8bsRXt6HbjkT+8n2w2vdm+5Lx+8wmTkx7O1ph553wnGnu5uxvsa7gd0Yu2fxz9o+PQ5X2OdhrhO9Px95DEzDsL3Wtcz7FOxU/bDgvD8Sl83vL7SNc9j8JYvjuR3mQgS2MqyLOkRqKwjC4eyDS5e1aMtMkkH6Udzc5ThGTtcdiuQz8eueNXWDyvGPdh2StuQ23Lke1uG9ftqdDxLEiG2tbWNj2W7Mck7s8t9uvtjwXbfj2C4jGtnku2OPyFj389vd12r5ByGC6t1w2WyKy9qOXkXPF+71/ZcIzMltDmOM2OY7jZLmPGMnhM1mYYRBLdw208GQubCfshxTP5bOe87thf8O73WmCmu5uz/so7ndxpezPsr4B23bAY5MVbnLMguOQWiI2bxRrGcX47nbnjVquLHHciY6s8rNfw+/j2y3/aXnsGduQ2FtreW2nsWnlTEziLjeFaeKzhW9nzuMjxbdIKO5HuQ5Ffdnsxl7q7rA4bKW1nY3t9lePe7DgycR5440b7eIszf3thbQxJwzima5pnvZf7T7LtRw3jfFYbePG8Y21BgBpyHs9w7nthzb40uD8juMn8RtzBcY346u9PC7nuXxvuRxDFccsTm83z3trf9obV+cS50ZHJQxQ8g1Entp4Ta8yz/H+B4vilt7gvb9ge9UXbX2I9vuLSWnBrPillkr63sAsmXyL8Y7d5+6lh7LZy9e99vGa/Xs+0nJ+Oz23/AGWLfAZMRVg2eaDnvDcN3G4r7lvZzzntFcx5KXTF8ggioZ6XIr2b7eZTk/HJcyd+S5DcXUF3yfptlMqMlXbbsF3f7nZTi3xl91cncZP2fZbjeF+VbttjuKcULAfUZLb9YSBa3t9HBrAAWkEs7fGz7L47DH4Diywph8N0HxuMRRDhd9R4Ig2OBkmlx/H4+vYdp8I3EuX9osbnrfuH8ffbHlre8X29d3uDcAxnJOT4hMnzaxa7wdqnIJ/Zn2VyOKwme4lE0MfGP1nfHm1h5ZNJFHxLt5l+RN2/7EWFkuF7a29olt29j0ft5Mwy3a+ea3zHCAgk43/10+BvZYri3tA6PxfG5my91fxfYjuHedu/iQ7wZWXs58YHZfgcj9g+zd327v8A45ParmWzXw4+13lNYL4dPaBgX4f7FPa1wAQ8PwnHbLkVpAidz7i3trf5kuSf9lkG9fo0J+pAC+C6aY/4+PbDe9/O6nb7gdlx7GYzBQrVji9tWOLKpYWrKtraCrGNEfGXVojX/LxksEbeaRuOYjH8gvu9vb7A9DuJ7POxvNpu9PxF9u+SN2D+Oi74TlcVwjG4LF3OBtnyPJOONbz3uBkkfEdsYMvdcS7d29muJ46im0xAjrEFMWFxOREecvsVk8TyXisV9HnOEyG+5VhmxFxwMNkLS0xO2E4f9hLHjzNHj8IwXH4pmlscREXlxkdvG9ioaS2hsIsnLGDym9CW/e7OxNa/LJyn/uO7XqWXb9CttH0x/wDJwLGz8lyPx4e2Kw7OdnsXiFQ43FaLj8aCIMQClpjFWOKxYMICBFEAuAUQ3sWA4dmOAXa4q7mvMPlb0ZPjdrdNecNsWN1xS0Q5zCpDbJxxxWRxk1xPbcPjmfA8QSJMZg4wIO2VthMQ1hAZ48chbJ4qGx7FTWhUZG2iRb+xt5x3AwULw9t4dsmMtFeGPExyVY4h4ALUJGISKt4ikNxJvHb3BYPK57vJybht5n8vkooxzLM/4e+l9PZY75DM9Fme+xUitSfpsEsZJX27/EHQ/El2Iue83fnhfH4MZjsZYiOsfjTIltadFraGFljtnYLZ7mTHb3sMYsx7f9u7/MXfMebx48YrD8pz9xw3mD8NwHcA4ds4sqyHLWscdXdheXUl5hUTEz4NP2bPBtEIcboO0fGLC4zfJcpBn+QR2hIt7cCuT81z/IOOX8caJl4YQLuPZNzPHrc2/CsQYWw9nqLeKQFoI4khRd17wPP4LBsGLbAkGQuNYshOzDOTmM8zuViX3OcxlsOLe5zk0nKu9BO5foA1MkZjbwkgliX1q2gluJfhr9sS9pOyuLmRKw8IlFkkSpZ7VS3t7eRrK33Jb2wM1hiDdycf4Jmsje5Th+f4z2/ykUN3c+3v9q3PuIzebx2O5TkMJcxpMkT5NzOtjBvN0BcVPj4xdWVpuS1tEkmhSCGzgt0RIrVGLkEXskgS70UZVSGu4Wlu+S2yueP4lErF2LJDZ2iyvOEupe3vGbHMcw78crhzuZSxkjt7m7uZp70ORkCUTNyog57fW8MfyL9+8V2/4PyC+kymY0P1anxZ2YL+XtO4Encfvt2JwVnxjhWFmluZsPciOse0LpZDVLfRYrdqs2da4PlsRa2/b6y4/Yy8wusLNibq1jmve1/GoMJxjv5dwpjLtNJLS1Dx5CCkt9LNY+jFFZtO8EKRVbW5c2dqq1bRBCgjWjB5Xkew5OIRnKyxmk0/cyjda94/aQOtlDsVXS1gtRGzWV2LCJbnVslkppKvJ4ohkJ+ol9cxJHyfKvDB377lY7jPHfkN9xd33d7hs2tMNB9kevxoy2kPuX7fSo2JwBLDGBdbGR4pLK+ZktLrqLG4IivBGsN0StrlHQRZzI3wbHw2Y4r3qs8Nj+e8lg5nkb5FV0yLWrzbJri+AhsypY2Kq00ccdzLb2jMMdZ3VxVp2S5ocXKgjk7d4yzynKu//GeO4DF3kcPUypRgxZru0RrvJ8fh2x2oLVFEyNEFAvLwObq7aRLy62reXLNUOOu8hZ5m8SId3e5mO49j/kb94lxb4PPZSbLXjMAdp0+lo3QfR2U7g3fbTuR7OO9+P7l8Dwt2jrZXKRx2M8RFndBKtJlSrS8mIhutjW1wGNtcMwgjCCfIyhUuQ7Pa20VjdSaiR2M0RYS3l01w8USLW1AthB+wqY54K7CcIsLDF92e4DcozXWlV+zObw2J5P7geU4rP528ndBm7nbHbzKY+Nwos+KVI0FysVRXCtTXDRtPkEUz3Yary8QLf5FIzk+R3Crz/n0eIs/fl74cRxW17qdzsx3Jz182tOtDX6pJpZR9CGvjA95tz2mz/aPu3x7lmAxWWjuKssigFleOFspjJVpdOwtpnJtrjWrS7ZKivWiRLhWHHY8Zc1d3ESPkp5IyWkFubkpBbsy1ibyPJqwd58PbnqcN4vPnr3uD3GiXDymImc7Ql7+s2RyLyNk7ptuevx+tAwOMwFksSwXfQSCeeVUl2Rz5AGsKbe5ky+fhE11n5JBls6qLzDmtvjbf5AffrjuE4rul3I5B3EzmQfablw0jErG/8STqfrl6WtRLvkx0xtE9pvyD90ewt/7VPfv2s744XDcjtbtcZl5dtjkD0rTIecGRXbBImzjdmt5kOYHHWeQglljkxbXMdrmZgbme40GQnjhga4eW4QG5igWCG2tSstYy7dQ3K7mO3e5JqR3Ie9EIuLwzJNfRRjK3hMeeuLgxTZWK3fBZJpaF2Kiv0SS4yZeO4ygq85F+tDecjiDZfm8ECd2PcdxThNh7w/lGsxF3F7h8g57m8lcAVk55Y2Lhm/kKY6qDp9KLuogjwzuLTE31WZ0njdWhtJOmeGc85NwnK+2P5e+5Xbp+wHyRdmO8sfFu4OLzUNrn4ZGsr8kWeYK1juQXVoz5SW5W1uItuK5RYx4q8vUle7vIoH90HuVx/auXhN5c32BiMW15tZLORBSXZVmyOhGRaSpb59slxvGFxN7yG5yfUsbnJ5JgnOuYWGCs+DfIDiuW+7vjnJIpoLXMpOs+chSJ+SxiPL88jtly/N5JpOV938FxO09z/wAnnBOAQd+/eZ3L7zXV9czSQTTq9ZbJIGuZmlfaNVOpYeX0xyGN5ZDLJTMCKhYK9tIrxQNGpin0MNwRXGeVZvjt37dPlK7zdppvbZ8ovajupacN7oYTkNvZ8ih0g5BEpts1CYoMtHujybCpL4xR90O7mN4RgsL7r09ynvx4pmLd8ZHlmkaxuIYg91rEJWCG5Qthcdj7K1zWf60c2WcHhNzlw+dzU1zd5bK9JPkb9ylh2i7T8U7yZXjfd/2a+9zhfdft+vd7FpGO7lo1ZPvFYRWnO/dxwDh57o/KT26x+H71e+Lu33VkyeXuLyac2pu8lyN757/KHW6uTMT5tptDigw2hS1Hy+1aXDI8MqCoZWq3mBW3laO1huGjPHs1cYm+7EfIv3s7P3fYX5j+3XJz2391HbfuJbYrm9hNFYcjilEWTUx8o5rY4rGfKt8hq38ns37sHtz357Oc5tM7xewzSTsMzjWhXL2wMGaUi0yEE0/Ke4d3eWFzn1JmzbLU/JURchyeLZ3f704ThGA+Qv3e5T3AdxZXLN217o817a3lv78PcFEMf8jPfu0h5D79O+ObXlvdjlnMbi5hntrC8yLavfppfXqhrq7SKrq4MhigeVToKJBZjqI5QigkfbDaVbXbLVgy3KW04kNvOGaG7DhbqN4oZJI7SKaRD2y7m9yeK3XbH5Ve+fbK77T/ADY8KyCXPzI9iLDG+6v5hOYd1V7vX3FbzlEV9JaT/Hd8o+JwGN453xx3PcNYcpjtbcc0hjEfMolafuPFGtx3Ahmqbn0Kre9xo4mzveLFYeDvJ79+3HALX3nfIjyjvW15eGSWGUme3uowFnYvLfMsb377ZrtNsvIJHinu3Spb61UZPJQkT3Rlalc6P/IUo3GiNPpKkeLgAeG1gNSK6jrVvkWQRX8VW15Fr1wx/dK1BfRuMZyUY6K6vzdS2E8fXvbm2hxPX1pZgrZHkEC3nH2tDP2499PfXtlmuM/NN3WsLdvm55eEvPmp55ctifmlkMB+ZjCSVnvmMuJ65P8ALL3Vyh5373e+3NF5FzPkfJbm6uS1ZDIxWsGNyi3BtL7aRcpob4IRN/je9ZFlvXapb9ikl400mcx6YrI6AeGqiifDXT6QNa00LoOl4Zaa2uL3wbfpQ3Udah3BoJLoPbm8NElRGbgJH1tIml0Vpi0jZgxM0ut09+sFgZWykBuv0dZw+6emNztBujGjTCraGB7aUTLHq4a2uJ1485nIuP2hWZaUmxMqzRtcqoN0aZrmi10RcGXZIZSsm/VafXWjTa6/WuurbtW3+P8A/9oACAECAgY/AP8Aw75k5Ht1RDX+qTGDEHm0E7TuG66lkkt0Gf8AUMmDKZ6cCnQysDqPJVPQhKUOU/8AT1iSLMrCwfBGhr+ZM8Eaj7Rp+9lcG+X2OEaEtDhYKysE7MmKnmXGFqZWCqphM+rZeVlb8h0RqelHlwjLIjJ6mLwLe82tjpOBWnmOs6mH7cyPZlln1KwlOhhCb1IvaLG9LyDtPIQ1BECtzO49T/I6T6NFae3+UFOp1ltvGi0HRJMXlRCE288E5ZCE+kprrLOj0LdKtUuamde/B0lXMzqKzbR6met/gayKGJu3Ce4fU3Mfu6u3Mh6tIr48MEuPaaYvpernPYVVFlamCy7C8T9Xkf8AW6r/AHJKzzMomCcKCaNbzRQZbLT/AG+Qk1poLs4ZRjQhsRK0GurO86dapKyfPxk6dW3zFLcGEanqHuY2jUhMc6j930itpWhtnBZp5jgnOY+XsamvDcmLPM9SLvlJWrXka1/mV6VfTD7zpM/ma/mTviO83fUn4nd4mpqakyjkam1aCnBKZoyHoRuQu4kyzU1KR3kNmpqjVD93QXgLxLeHuEiOKH0+Tz8hX5FEn2e8a5nT7c/IqxZx9o6baUFI/wCKIY0l7byS8krUWeC8BuORrgruzwlMe9yzThqampqampleY6TWufkOXlGmTNuKW41+x66Ofv8Aib28rH4Dg3Twajhg0NCTU9SNTkTuyyySG+/hllqWcJaPtLprCeOPpMrIoR6T0nlcm94b+/Mo0+0hkzkmcjQ8m/camhlwVatMirBoaCvGWyt+b9250Y6t5kbG+Ek00PNpxh6ijsMGhoRHIsr6j29pl5gzqdLZrGTEzz9jA5JenBb0NV0L/U1Nte8XYLtHKyOMESaCNy9Ip1E3oamCvTXqTK1XqXu6kLg+GpCIeg3PI9T9peA/iPPPgkJQLGuTX2FHMiDBqWSLZyJtOMkNGhIzQ0OYlkYl2mgvHg37yvV7oF1u3BHbwfsshs1/Q1Nf0JLEd432KRMrGou4+AhtvJuFnUfm/Ijg6lGnhSV6cmGZFkWRqT1fmer8yZ4Ser8x+J0yvvIalC6ceVZG0snqHkykYSkrOknlRIm0aGhoJRg7xwdWt8+V/oVScV7BKDBujJJlFYrCMvQ0MGonziRrkVtHmNBShxpKKvaROOK46FldlVX0lHz941Be1rYePzHHUyyUSanqnhG+DbqkS3BKc5PSeka0H5uQ88oJTlPA9vTwVbvDFzIgjbqeo2zoPPFGnIm1tSqt1o15L+I1XqyayKxFsQYtnjEGhoaGFDEts5Om4x/Je8y8ia5ORurxXI4FI3XQljh5NPzFax5Zgh6cNR5G1pA1VZkVVModn6ilkRf1E8io9w2tPYQxK7zyK9T/APGvvoJ2szAk9RtIVXPDzErQUkrTiq/1SdOq1T96kdOi0s4/Hi/EXjxWeQ+D4MVe0d7Ll+ZbGWW7INvYxT2cK+Jb4eyhlcG1kLjf4CsuLUcxYH4LihPv96ku0ph4E+xjfaPx9heBJMi8S3iPjBKLrvH4GOwteMNHMa9rpdKfVJu6Km8L5SR1lDNRD8BX4zA+/wBjqeC99gSbwPqdNR1F+guksWWJNtnLeSI4eUixCIHGo739RWz1aMaD3LBH9Ejpt84r9NRZvJWrUyhXVoK+bEdx6ibPJk7uLP8AGa0TfyOjPZ2dxO2TAp1EuTK1WnDV/f4CrJlkLU1/Lg21yH75M0LdXprzDd9VgfgIc1llscyrnkNPsIVR7X5o0KJrkaG1VyWvbLnwN/foWUR+Zatunmugq16rSWdOz4my3UhpfiOKyOrrDKVSw/yFLwIghPJLq2kzp9RPT+BLUjubkjzLQ37ojkan9ox08D8ontPRw+pMzgmdfsCTYlXTb2EplrckjXJKYvAiBu1sx2My/wBsT3eR6G+fKK8TT78iFpwvvcFurVeXmO69Ju24+A99S9n2nTfTrKFvrCwJcFu0Z17peaVH5l/quLfzPKh0TyOtlkr9L48hJ68NOGWkQrqfBnqRoJ+Io+wtWXngs628sDrZ44WU6MmTffSDatXj8eHTpyOh0VpasmzlA+LouZs5cbeP8DpxqKj5r9BEQUrGJKNassoyOODcFoUje32NCdvCBL37fZwkVTdzLNrlxdO1iv3iq8Ji6HSyK3UrFWT09Ehrmaew6LXh3ERw0HgyV/y367/Jx8izvo9PmSizfBTqOtnnkW6UeS3yNGaMVGu0Vo8rJjhYhe+yWT7DQ7hu6/c8XobVbEDT1ZHRW3qeLf6kO3mSN26Un2I+gtVnTsEkxX6lW7rvf+x1KOmK4Op0LehsfVp/bmBp68NSq3YFbuP3K697+Qq/47jpT4/my25+UX08RqSrZI6ilmWdKt3ovmzprkiaOPgKzXmbMsmrK2tqtDa15iE4NUbWslV1qNvlyH9NeUnqIjp4Xvm5Nq7RPcfU3Situ1Fa1cIrW1dyf3kp1PVmYH1OnfbXs1/gVUzaCXpOg1TpxeNdS1ecan1Op1ZUFvLqfV6d014Eepdh5untXCZE9EuEoapTdYi3kfeV2f5Stu1xEd2pC68Pw/mP6ltzR+5baVr0+tPw/mWrZfzHbeIiYQ0rnmvJKZ3miN308l9/S0WMldtfLJjHv2m8jHnJt3ZFrA+dt38C9P661mC3Tt8OFqp5VoNqpl+BZNRaH+qLJLEfIVH1PP8AEfnGqOUPqKs8vxHvsld6YevZobLYv2GyqyR1Kw3oaCfX6iUrHx8CatMTdkmy09VOfEdtw3VyhrqdRVLfTvNFp9/xLbqxVad45eDDbEurV1t9+w2u3mJTM6GqgrS9vNOmT6rpHTfMnp5G/wCo0H774cH1bemst/Ajolem/UsPxRTqVflgTr6mo+/4C6vbngvp+vn4i6d3qK3OBMeMkllfWR0SLOMpH/YHZNw3PwJ6y83IfTrG6G/wHWfT8juL07GKGbJTMGrgr1G/27M6N+nrGSbaGEKRqPvBVvnwt4H1uaKqr8pVrRlepf0I/YY179WfaVstK54vxJgablwefBt3KBOtswUrD2yhdZ3i1FPxWf1H1lSSraUtEjdtC22+YfM+i1JXpKsVpgVW3KN1VkxiRJMcUlCdqxBDI6dZUC+rhczbXNUK1NJF1HbK5GuSeZez5/f9Tqf5OWlHzKuuYH5TFMH1LIizNytlDyNV099H9EH0qPE/ItHMwajSfMmV+Arv1LP37iWx3vZqVKyKLaaYKbr1+monyrQrT/Gbr1Es5efgLorqV+l4L9TbOUO6flRboKfqTOvYXdplaZF1LrzHUmyz3IvveotlXMlW6+Znlr+ZFqqEWVYVUPqP0kQvjkmigfS6+q+ZZT5LR+X+5Kb28z92Z8WhYeO8T6DjsK9Gt6xbD8q+/wCA+p0q7up4J936H73+K2+7B+21PgjzWr+CH9SxKtkeTIvD3lrLEMt1X03bMYZ/2XitnEc17EQJI7iNjKLpdWGksD63U1WIEo2w/wAuz4jf/wDOX0+olmcz+H4H/wBqWXs+jZUb1lfwKU6SbTWc8y/US80Ma3Qp+Y6VybE9CjstMEJKtp1KKvUWDQtXYb62io+hZSN1cIcImnlsdOvUtNrfkKlqyjBqWbtNXoN3tjl3CvRpXXxHt61V/wDEVU97fYelkNQbpk+o7QmXe2IbF7zqq9obY+ndqJk2U9KG28I/uD7BzeHJixabcheJazerKq6ikD+n6YN9Oi7V+A6OsWPpvG3BtV9yeRuzjB1Opse2Hkra68vaWvHlYlJsVtbDv1bwonPB2ahM/wAm7XmxHb8C76ijI84JTE01MlNqwvmJusKOEpCd3DK/Sz2iq1D7DFJN97p9TkiyVcjjpuEQ1CNvRTb7hr+v3rJa5EpFlwWORkka7Y4dbqXXkVmfS6TylHxHazf04Ha3oX6cx9foCdn5nrkUPkbG+8dJ1RDKrsQhW6iwkx9Po+lfpwouw6XQT9aFRLDFIirejOkum3kqrvy8H4jodTqquiL9T/iLx4SWyVpwfb73TVFk9SJ5icjhiU8uFs8jrdSJaTaIu4Rbpp6KC6hbtwry4bRXJ5UkVflbghRPcLqPtEqrC4JyRyJRKSk0MpfgVa1QpYuFqDnUnIpXLgrNFKrRSNJJGH7G5rQmRe8mwlyHWMDcCwo8CWeU8+sijtI5PUb6cFt1sss+ovLuwVotFkdLPCQ68hJaCryj5iovSbqzLRmRVWiKj2vMk2bOZhvcN315Cq9M8PMWlPd/ITS0NvIwKRV5GOZHstdoo95B2iHeEkWWMG1UNCsV5GBOJEliWeeyZVrqqtV2z8iqrdWcaohVbG0PxE5KVXOvzErOXPIWOFsxA3sflZij1N1+rVY0NUOsqEUSWIZPMmD9tbTz1bvzIrWOKmr0J2tCxxd11EkiVlCUalVKyebL7veyhVnI4rgtk3St3jwfDL4akRtXabek3ery2uXcJ3WRp9RJwNbkVa0K3biCFpw0Kqrl8yv02m2sx2jdaTdPTn3la9PqLcnpJzLXtVqr/MTrnDJacGDzKDcKCq5mn5GLJmx3UmFxSpeaiorp/EUKRPn792XB2nhEZHoaInGvFFv/AHHn0I5v+I2lkSfCOM8pLPqazj8CKazH4i6va+DVfSPePgkjbt0GKz4aZPqX9TK1przHeDT8jRDwVjVi9+lWuTdL8JcH0upRVSzP8y169R6dpls0JrpBkzhCm/MijaRSHyFjA2lkzP4jU8MLJp+Z6RVhShLsQpS5kNY4oiReZHlcsV3VS+40/I0OZoxanpU+Bufpg5EOaipulrnr+YssTbfvHWunHkbmswKvUmu1ytuH2d+Brp2bqu0iyJUbOXhyEnrB5VkdWsM8sx3ld8YEuR5EpMxwbrqO15ldhK7BJQch3c7mY9PMVFu+rnwPL+ZoX+vKS0jH8S1K+laCs50MladKXXvc/wACenEMs+qvCCL+g9TNGKV5T91vuyPp9JSn/EmyyfupJdx5PT36kr3rt2+zI1euGeRNFv8Aing/dT3ibcp4/mK2Gu4xVicIh6mWoLYUweZwS81bKtc1I1phjq1zNLfgMVWtT/sKr3/xMVZ6WUtXsJjK7TClkWUG/p1cCq8CmyNz6ldhEqSW0x0rS274QNp4R/6hJrI11MoVqYr9krLxJ61+RC6c/AfUcVssR8/zJrkt9WrrVdqHv6tFnmxqnUTzyaEmowS6uB2t1Emu2BpNKTpRVuq5iSy4ItdK3YWsnLNGWirgdtrwbHoN1qaCrBV1ox9a1ZjH4m6tYR6h3o8M5wJPqwSrNruP3OpA6pprtQ446EL7RA50NDqLovRv9T/7D884nsO8puzR2U+B+zqQpgTnys+rZefmL6Xp+RgZfPBzoaL8P5kkJ5Zl/tkvgkMfDPsP7Bn3WDUwxuFLFa1E/gVrXpUV5XJfwGlVaEqZM2f5lt6nx/mfT6dnTnjH6CS612p52Zh2/H+Y0934lK5z4mKZGkjmV6jbhotvqnbvGlhGrM8fSjBp9kW+qSn3OPaeXPsOEoM2afcaJ+JpUmlau5T61a1fKPuxbWmx+WpmtSkJGcPuPNZwPa8cMcO77N//2gAIAQMCBj8A/wDDihmGTZij/U9CBu8kQ5+/eP6foKZWGV+pufgTWV4kIj/UG7JZNtKNzzjH3/Ie5NGLKTCEKdDyvAmnlx/p8vQlPzHm0WhrwmCHqV+Japp+RAn73zCyQnk58NTU1NTXjrweJQtqhR7ClChY4LzcHXbMGKwRoZuZG66cEm8DxuZuS8nZyGul00r9xsdm4MqWaETwypMHqZ5cFW3zYu33bslJuajEYM2ZuTco+o7ORew4RoiIK4USTTJmzQ9unDJA+0lolm1uHDHW6iq7DJ1Ol1qpVrzXMvWtU6ohVhnqZKsys6kyXScPH6o82fE+kufPmdTqVs3XvjsOs5yo+Y2kmf268E2zVmrNWSitWubF7vP3gbXBrmbMyRmV7GOwyStEOqmSy6r8rRNpLbdJGNoircpksTUQQ1l9gm1g6bpM4MSb6ass+ZPLhgVlBrktkho2dJ+cuv8AJfl7i1+lOdZFV8HoKr14Q5k8siSkXYR7tmsCh8yz3KY4OdJFHCDVHIaklIynwfiMsm+RfBgShj30l+A67Yx2DpZYRoLtHCYlBoSyEjKNVI4WB9T+o3Wq9S0iyLzGhoX3YPjw0Hgn3bHa2si2aicae6aNBtiXvkXY3HuVgTj37lHllIm06fMa95bOBS8HpUmOPlMvHD1HqNTU1NCEYeOZCcGX7CNPsdlBEcxMbng0R7CyampqajtORCUjyamvu+1sSdccNTU14tGpqamvF+7hMwscGufCzf3yYNRJa8EvbVeZ3HmNfdQytl6VqN19WORn2m3xn7B8PYycuCfP3OnIXBezr7Vvh8y3Zj9TD+1rx95YXB54JdnstrQccMLgjwLPw/UlafadDQ09zutWUJLpxPBNLI5Ny1k15G6zmxL14s0G1oamprwlaD7Ta7vaWfMwv9D81ZR/aX4mXA1IlGps5Dc6I+lGO0iTTjqJ8xY46m2NH/MTiB21ga26iwb9xoJR9riqyZ9uwo0RufpGp1QviWEr4bMcISyJPX2PiX8fkhGycj3cIbz/ADMcNSKv239ibTIRoJvVr2beIx+JPcxMk6f35i4v2Pii/iLwE1qSxj9i3DUX2eDUqu4aIXFjTfMiePVOr4+w/Z+JbwHY04NiG+MSVj7Tr7CFWcFvEwSS9eHiTRajjURh5E7ZsV26HfxicCq3hocamotyHt04PPGWsjmpg1+xyO2hM+z3i8TfuHadTCNDThMjxyGoNMEcKtPIkN8FaSiWn+xu3cH5iHXI/LEDNTU1Hw1JgTj7DCNlnFmStDTjjgiXYbqyzt2kWv8AkyaZXDJC1N0Y4rdqLPBkLUnkUTt2iScnm4J25ityfHD9mEJP7FvHTsQ/alcFTtMoaXsR7M8MlmuRZN5RXPIl6cKrvOl4cbfZ2S35SVfzSPo69K2G+54f5C+jaUTLkhkt4E5Ui63WtCR1Kf47mqcItT/JxdvHgfVq8MXCfZZK4c4HOkD/AMamVX/f5lq3Wa/MV50O8bNk5ydRzrHzNqevFXejK9RcxE2G/sFazjhnsP2LR0/Ccm+X9bm5cR4aFundN7lH44F00/L4t/qQ9Vqbui/KsD+q/Iba1y8T+g+n9Ty+CLPrOVODp9ZLzVUKOyStOo/3MCtu8ppxg04NVfmP3LzOeRqOR06SirOsqLMrOHyXaWtbV/fkOtPUNXbbHXf5fgTR4Onf+plXW8PwRHWy13DdcWFTrWbSfLH6FKWfkWg3S3m5E/5Dnp/h+hC0+wVv2Gg8wOjrNm5kjp9Tb+YlZbn2/M8vUj4Fq2bbT1NvTvCYp635fzIspt29/aZ6kvwKvp1iPzLdPr9KOpOHPL8CtOl11RpzMThcteZ9P6iTqvGY/ST6iXwE9vDCH+3g/ccE06qTGup1040xp+YultnvPTg8i2lrWe5uCdsGyuLH7i3PglGh06R6RJPIvq9PcOvTcG3633/Eo7dac9hO+RdNV2vt9/qKGSzBoLc8bf4m9eidRt2N9a+UtZrVspXdmO8Vm/KKVE6HmUHTrtmsI6dmoW35j2380FrNtVgTvbkK1F5Hp4EWcM3UzYcdKfwIt02l8P4lFZ5E6puj1fYKyUsWCUslP+fM2u0WJqjLNCbCVHIm3gTnA92CFfJV6lVBs6S3WFKz9gfhxfSslvH9T+0/1G0sQxdkF7V9Lcjd/UtCsv8AblHTfY1w2LVFW3mOFU9D/rxjQaqvKiTa+GgoLQboEyGKiX7iLK+j0Ny0LY4OrE+3ghy8m8hDVH5+Q11noRB5NPeakCqjL4am6r5EX0FettGQpNlem3VYXgjZfp4edCvU253Ioq19MGENkNZPKss+v1cYlffxF1pwX6j5so9IXImBkcNRVRoaCbTG7Wfl+Y+lWsr+A+ndtMwiLW8wnW2ptsiHY1QlV+ZFq9OjdYJtKtB6WVn3s8zf/UK8edkcuDbWSK6EMlanmK9LpJbVh4TKbul+414F1TSDqKyWzPLkRWsEtPdzyKtNYE+op6e18ufIVX6e7B9Nekdf6ESbbekeeDSG2hQ8wa/kao7i25mEtw+r/jOLv4nksp8B26znqPXMeGh+5VtP/wBTHStWm+9j2Nr4n7iceJvsrbv/AHM/YSzrOf1Js0JtZH71VerK9BKW0nPLJRPORLbr7Wo7dRptkLUV+l11E6ZKK/TbeJ+ZPQ8njn9BeZPHY/4leq+qqquIaeecipE2XPjLQorBCwa8NzwinRq53dnIl3nBqTBWUV5yTVwzNpZ+29o1ZyzL0JSySmeZbX3jrRzVcxtrDGkkJMfj72kIV+p/cl/gKWSma8Ms1NTUl9RaDavzIreWuQq261VafvyN1XK7TZavlRV00jg/YxqOlbp24W6SpivMo/qTnPcKyzWOGCta+pLPdkt9RxZaDrVczKNTcbXaLPQh6vgla22BVrmi5/qKOGhZte9rSZKruFnn7CknhgfR6frWPii/1edvkJJLeXukt0SV4P2v2/XK/A+p1V+4+HUsdV8kyONy2RfflwZtOj3NnTGaCX2CXoX3aS/1wQrNqJK+AvZZ6St0okSf/Eyl6S6S1T/Q+jzLJtyacEjQjjltmpqxwzUc8KpJT4EuB4iTPDQwRzI3eysn4e7lalnzK4hxyHltC2i454NCo5g22q/Lg7lgdlMxAktD6i9Ru5sta2qGjc9TkO3N8I468XwtLcIvVvCZuzPsr2a1b8otvaYJ93t2tti8CtpxJu5NCNDT2F1OQ+o+jZzks6dN1ScZj5cN06GBZLJrUZD4RHFJdC1vCOEcJPS+Ds9GdS04Y0acGoNCqj2dywLcs+9SaLVaiGVrzkouYntwQnwhI0NDQr0305SH5YO8fbB5sZFkXHKGOzflN0+XtIr0txoNxgUEDl8jKg2p4LYPTg0NCWs8JXDUe1Sh7lBWauBe+p9NRePzgqn2Cd9PmRJ8DQ09hj9hcVwkuPx9lcJbwJmfYzwdpNTQaHnQXv1K5m6MiUuJ7RK2qJJk1Zqy1oyl8h+TMFLWeWiGhqeTIPUxJ68WZbEnqJRghaewtorPTJohykIwzU9TNUaigysHoJTcGZZbAveeZZ4vQdWlqTzLNzJhs/cjZ+ZNNDzPA0mtD6dqqIFHJCsuwfV/qjjEomTU14yyeMD4MXgOrjYmJVZu5mh+23PexJ6lWtRJyczb05kgcmPftQRwa4PfZOglSsITSYlDyZZZK3M815fxJkbRhEWq2n2fzKTb1KTduFZ3NGaDZ9LY5+AmtODLWSk2urNTA7qygtORzVmjM2yT9RR8RyJkonp1aZMjn7Bg0Zk14rBkWmvaRRNid00u9CzyFFoyQrZYvKxbrLcvxKVbwlgVa5t2HocGgyKqUb3XJ3wZq0viepSbXE2Nqr5e0T2s2t+Y22MVlv5Dq6wmYZKP/wBZWLKfExw1F9jSJhezPMfaKr7hK2rU8LOi80P7/iIlrzcy+71yO1VgS3Yng0mOTA41InI1zK73poJRwXiXUrjY2wKsIr2jfFL7FoaEQYFKzBhcfqNTTsJokvAe5TbvHay8sC7JNGK06rhltoz01+CPQvwR/br+CJrCgndI4Nzu5/MW/qTL7SjmZXiNUbTFuy+/JP8AUTbNjCIMN8IeooPM3tML7MjzGovMYeS06QRtWyNef6/IrDxHBSvKanms/v8AArDxwUs1fDBhuT0zUc0Wn35mLWmPvyK/9jq3r4f7M6aq26xhvX5GFk9K+/xHuUD8z3ffuFGgs+bhoeZ5HD+xf//aAAgBAQEGPwD/APk56/3f8sZT8hl/yxoRGZ/RFlmP5Kp6YIYEFSQR6gjIgjqCDiB8P/4jGOo/v/5Y6gRPUwOh6mIH49BhvEfsx4DzfnnObeg7rf08TSibLidkGK/veZ5bePtuK4nalslbcXV6z9IMHGz3P3C8t+3v2629zo+54/bby/zDn9tSYLoauNG34mu2ZQ//ACmUN6nGy3P3A5XzX7jcntwr7yvd8vXwnFbi6sgkDj+FG0vrp1OSFbc2yogmTGKuL8B+0fgHC0rt/wBtfbX4xxG45HcIVYM1/I77abjeX2NlLM5OZzxyvO8b49t/tl9yN5RaKvL/AA/arsttv95rR0s8i8dr9vi+UtusXS9yrXeF/nnG443zrgzueAO5FPEebcSll/jvNV26jtWS4g2bHeXVpnt7gtikEDUBOIMTH+GX9pmCP6/Q/wADjMZRgwDH546HHQ/wOBIMfnjL4/8APHQ/wOBIz/PBAB/8sZjOfmP6wnoZ+X9+O3PL0zxkPXHpMH1/hlj4fjj55ev9fIQfz/8APAGZaRkATmTkOnrONrwvB8PynOcxv7Fo2PE8Px+75Lkt5e+VdW22Oyrt3W4d2IACKTnjj/KPvym7+xv26f291ZxNybfefdDntowBWjYcEzX7PxldyhkX8i3urOW3bpjYfbf7S+OUeP8AAbNq91yG+Fv7vnPJeSUMH5TyHmb9vt35bfWazDNFdQOmtVUDA9uvSFEtCrEKc1OgrkpYn5Ti1VatZdgmRUlbAr1qWGrUoZJ6nrhya1L56G06vYNZ0M5IBn3SJE+nTFivrZHqcae6HNgghmPTXPaBlGRxzHg3mnHbTe+N8vtt3TuTulBspcVtZS+3eul7qL67K/02QBlsK6YEjG+8O5FrOT8c5AWcl4b5CEYLynCtc1a1bqB7dfI7JhouUZahIJBgf2QPwOBlEf0gfE4iCfnGI6E9JyH8cZkCPX/xGMhI+MjEf0Aycj65/wBGZGMiP6Z+Uf3/ANGQzn5nEzHXKPhiZ+OUfDAy9B6nHT+8/wDPABzifznEj4RGM8dP8f8Angf+OmWNR6D0/wDB+eDGQMD+GfxwSGHSY/AfjiZ+OUfDBziMRnGecYInr8sbTi+H2m95Pk+QvTa8dx/HbO/fchyG7tIWrabPY7ZLd1utza50qlaMSccJ5t/uO5q/7I+Fb+vb8hT4fs9qnJ/dTkeP3CixG3vHbgPxnh3u1Ef/AOULdymsaqVOF4/7PfbnjeE5B6Vo5vzbltXN+ec6sJ+4bkPJd9S3ILRcwk7bbmihSTpVRER2W2r3awsuBEFoGnIg5yJAxqNVtCaiqi2K2CqRmFBGoMZI+M4LLXpJACsBUGVyDqfTo/mHxwYpMqG0sAoCkeoCkLmvX59MBn27uXNSJYjQE0rZW4erSxcMSpBJER88MGS2dBVhYsgaWA1fTAGrPrhxVUHqQuS0J3My97kFDqPw+BxzPC2bPbr5RxG03nKeJchbt1st2PKbavWtSXdrBd3t1NLSe4N8YON3x++os2u92G5u2W82ttT027fdbaxqtxRbW5Lo9FyFIMdP7QQJn0yzy+GKOA8L8X8g8u53cz+34bxnh9/znJ2qsanXZcbRuNx7azJYqFAzmMU7/Y/YTkvGNnulL7a7zrnfHvEbbE0hjZ/p/Kci3KIgBiWpSDimzka/s549Q7AWf6l9w7N9dSDmXNHCcHyJtGnoFZiT0xV/qf33+zfH32BDZVtuI8z3y0rIQslj8dsVuEfACSc8V2eX/wC6eqCB79Xi/wBsrSdfqtN3M+T1GB8TXn8BhG33+5P7qX2KgNybbw7w/a1zLZq9263LL2xlB/HG4NH+5D7sAtQBtzb4p4cfav1qTZZWNxW1yaFYaZTMg6vQqN1/uC+7txKKWang/DKVVlA9xlBruYmxgYUzpHqeuD//AN8+9Ybuhv8ARvDLgPQFlr2S9vzJAwrD/cj92RQCS1T+J+GtYVIOkLYlioSpgmfTDnif90Xnu3cFzWOS+3fj27CAz7Rtba8xtGYA/UBOWLDw/wDuyjdHV7Q5P7VkUHMfW+18qZ8xMQuGv8O/3F/a/nHAdattznjHlHj7W21yQjbihuYrRXmC2mBEwcbzmj9p9n90OB2itZbyX2k56nyzc1bdSA24s8etp47n30E5ivbuYPTI43nB+TcJyvjnN8da1HIcNzmw3PE8psrkMOm64/e07fdUEH/MgGOkdf7v6Zjt6EgZfgYyxMEDMicsh1j5DEAgk5AAySfgFGc4q23ivgXmfkt92n2quA8X5vl7HDHIquw2N5IPx6Yqbx7/AGtfdT2LQti7vnuIo8X2orYldTX+Q7zje0kegkRii3yXafaz7cba01F28h82/wBW3tSvp1Kdj47x/J1m6sNmpuWSOuEbyz/dD4lx3X3q/H/t7zPKFWXp7du/5rj9akg56RPqMJZ5n/uT+4fLoHE7fx7w7x3g1tAJJrF3Ib7mLay6z3BTBwG5fyn75c6hrsT27/LOD48LZpYi4f6d43rY1jouoKWGeWN/X4B9zvvH4b5A9K2cbveW3/AeV8Xt7ioZRvOPfiuIu3O2ae8C+uwfynFA8z2lHmP215m8bfxr7qeN7PcV8Dvbyx//AG3mttc1l/j/AC66gPbtPtWxNbtnGlhp6CPnAkGOmeMhGMhJ+HrEdY6kD444XyTjvErPth9m+R3FFu4+7Hn223HG7Pe8WbFF93hnAOKuY8v3DL/2TStW0cnO8DMcduvt/wCCbXm/uPRtaV5j7ueXbevlPNN9u/29de7v4q21X2niWz3DGRttgq6dUNY5lm47x3xvjG33L8nZXVsdnWUV7rrCx1TpipRWrFrHKqizmBjlvGeUt245bht8+05BNreLKK92qq50bmuKdzUA0SgAExEg49+uv2azpQhmOU1j2yJkMfdUx6T1wNIGgObXCFGPuvWveSyklrOhP8nphWdVIAUltR9wv3alYtpyHqOvTBVRLH9RZbNs1XSO0roVmBIJwVElmLabAf1E7j7aoRlo+XoMMzs0MhrOkvksgtYgk1hm9PngqEnSCo1NFirn3uB/OVzJ9cbpywga2ZCjFiCIVgBBNYaC3qROPJN9snpXi/uJW3me12tdLUtsdzuLv2nJ1soARhdv6nsET9WfXA+P9n9u/sqOR3PC8P5FuN5yPlXO7OlNzuuF8T4LaXcjzW929VhWo7uyqhaKS/at1ykzEY4rxD7S+DcX4zRQns7rkqtpRuPJuW3NVJNm95nyLcK++5HeXOSzM7BSDkqrpAVRUrIWKsoSvU2klZJEyTOZIJIET1xIqVpjJAIUjIAKAAI+AywGKKXXSVtKEIAHUlJb+YkAYZ5MFV0qqrAYdco/HEOB1mFJUETWoDdP82G9xJVSksp0tDTP0n0w4rrQ2KjBfeJADljp1ucyPaBOXTCIqjTYvt2dwLENJZVIzVSVHzIwF9tlbMaQGUaoIYofpgievpgxWTqEgs4lTmJH5YbVt2dtJIYMpHUE5R/lnDOm2sZFRQw0+4EBZFFr+3kgdrFXPMk4XIBEUOrBTKWBiQEkga1I6mYxuuN+8n2r4blubO3sp4zzjhdtRwfnvBEoAl/HeR8fVTubVRwGNN4tpfMFDOOQ+5HhfNXfdj7IU7sjc8vXx9m28x8I219rLR/9w43bV20brY0sBVZyO2jbqxUuqAjFe229dt919qU0VUqbLrrLGVK66q0VnttsZoVVBZiYAJyxxPkfltniX2Y4PlqtvuaNv5Vud3zHlQ21612arfH+Hp0bK9abAxr3G5qsWQGCmRjbbz7w/dL7mfcXeKtJt4/x88X4XwxfRNy12UVclylla2mB/wDIVo64qan/AG8cV5JZVVUv7nzXyPy3yZrLBlaz07zmf2it8lQLPpii7xT/AG0/ZThdxtfbO33Nf268d3O5RkIKWDdb/YbzcF0I+rVq+eEXiOH4fiq6nVF2vGcZx/GVBDoVRXVs9vUoBzhVCxhbgFDstRLoQWOmtQz65ZLAxkkx1JwhG/QUmr3N1cxNldKrQLPeZqtQUnWAQY9M8cnbz/nu58cTiqKDfduH4zYUe+yqbRtP9RvJ3aVM2m4hQFaAJzI5rY8B5Lt/INntN3dteP5NaTtK9xWm4FKbr27WyqeSCVJGUzDDHu2e2ustqrJr1VhQdUzGbYuY1kuR9C5liNIhI9Ig/njyj7d+fcBsPJfE/KuJ3nEczxO/263rfttzVZVqrJ1Nt91SX1VX1mu6tiCjggY3/DtRyPMfaLyfe7zd/bLzV6jdXuNgHdz41z25rRdvt/JOIrBR1On9zUvvIILAAaSWPQDqY+GZxtv9yv3n4Qbj7DfbfmNHjfjfK7VH2H3Y8+4y73n43c0XSu48O8Xtqrffqysm83JWgHSLgvC+Ncft9htbeT3Gx4zjqyqbXa7cLcNuKzXUqU7fa0bYKEWle1VyA0jA8y8ysq8hss3VtHG8FRvLqV2o2dz1XXcpSjV32m+0KVU6VAXUSwIw/mu/5LaPw3jDcryG02vDbOwblE9hn29m/rStrrKU2htUhcl0DU0TjmOVdC43/L8jyAXQa1Ne/wB3buRC/UqnVEEkgDBEFVdGRFDElHLKoUJAB0AEDPKcOLn3NFSpYK29mux7LbEY7Ov2mtq10PeAlhU+4gcFVeCMWsUNdgh2GttXttAQkHt1Z5mJbCNEqhcknuISwBVMgZw64dP5TWQphe1nkmxgSpVQBniEToJAcn9IzBKrqjP0zxY//aPcCbELK+oZwwJJaOk4trBB/TbuIDSNJykiZPp88fbX7nUbctZxPMcj4vydvtqHTa8vUN9sRuGRQFSvcbJgvzc4U/Gf7v7PznyE1rY3jH2T5lKnJedvuee8l8b2OpBGnVZtts659NWXXCMzPWaLPcASP5icgv8AmVzr+Z/HDFi9YOpi791h0fykCAFZhE/DChAXUqNYE6IEjQXyha2B7vXGo13qrAogjtVyy6KSxmsNAOiSC2cdMIRUoYWOivYzgLYjaGrYaFIJfM/CMSXSrRU9o7GZrNRC6SGkgdxI/DCtmRYgYGsq06q5AYSY+r4dRgN7Tf8AuaQ2fa1c55QCJw2quIHaWlQTnMH5Yrsr01io6GNzGtBWPrZGAZn1MIEepwnaVKnR/M5r1lnUE93aRmPxwgsZEpedVqqJNjfVMnKGAEdM8ct4P5Vs9s+x8r2x4vVuK6Wq/fO5u2iC/wBovU24ZW0kP2vWD8Mc7xl20sNPDck+1t3FZF1aCx3baNY6qqKN1SE0kmC0jrhSBYt5gymhl0g5JbMsrCf5fXHNcPymy22+2HIbLdbTfbDe7avd7Pe7XcoUv22729yFH2+5QtWynUH1EFYzx/t/bwrx4VfYXy77i/8A3nyHiRtXGx8D5Hw07/y3f+NtVXCV8Hy93Do3HH/sV+4aWYsNOKBQpNIU1Uo6GsP+3AVjoYAoxI6ECTnAnACUCdBGj6dJGeqQD0xxG623LpyW93u2vt5Tja+PvoHDXU3BKabtxuCKt2+4q7ia8gOmc4BtqKgnTqq0qImNJGUSMcdV5pdymy4K68vfuOJsVd1ttCFq3WspazKLVWSREScscPyH238y3fk27ffW7bebHc7d7KG2YoRq7DcNvtqlagtouAzf3PQrhjUvtguPdoQuKzqgs0Gw9QIjF19Mqlruj1uoesM5JJLtOnSWP5YllN7GAoBE6lIZvbIkZADr1AjDmwmRqZuxQkTOTdSJ6fHBdqnNbQUgZH1mTESMFtEEi5QsAyWIC6hBgTnjzP7Ref8AFodt5FsTZw3NrXWd74l5Zsq3fg/J+Hc1vdRyHHXMNcNot2xelkKuTjgv9k/nFF/Hc5xn3Tt8S893/Go11ex8T4Cyzl/IOd2t6k100ch47tvc2txOgPuKhnJB8T+23278Y4nxHwnw/jauK8c8e4nZNXxfHcfQLLFp0MUsvuu3FrW32ufcvuc2P3E443f7C39luKlvB3ikq21YVXVJbTpLlrnqsCV+gYgdc8cXxq+QX8Dtmd6TuqvdW/al3VWFz0+05ltSqXtsUZEBR2n7kjk/JOV5JNz4vyO3XlDyQ3ic1W1LgNs7a9tttunIXVbhUQ6XNTa115scWWAWaHsssr1qBY1bOxrdodsikCDBkHAMswCsCpEZFpgGesDrhVKaQBpZFIJrd8p1LJ0z9Q9VxY1gTSUQAjWzyt4Oeoxp0+mARXrt1ms6rWStaydYhQCram/vw5VSjoWQMS0gEqrSNDAzrPyxcrqweWCl2LKCDXLqntjWGCHKR1wVrWpD3tJVsjEzB9IwSp9sMjVuGUMAozRwCerGYx9ztuV2jXcZxDeR7Oy5VDpuuD3m23auwBmqy2qh0XI5GcAkjMkiDPVUbP8AJv7ET0nAj5znOP8AcHqQe8PtV4ytXcCdLeWKztAAJ7lUn4ZYUOpV4zeI1eoy6HL1wQzMFNc5k6nIEKk9YY5fngalZS4D2KtbtJPVCwbQABl0jGhDYlYNZeJXVpkrJRge0jIzI9MB7HSQ1ZOZzIGlrHmddrzLMSSWzOEtH6gBCdqMw06WQgRkYTA1BSNBlQ6DtUsQVAWSQzRir21V+06yYgMRGj0BMAA/A41lQ6lSpQKrGuwfUJbpM4RT+kKkKDSgMyZLRmCZH5YFQTTQCLXbSUnJlzadIBkmCOpwVStBAStbAgJ9sA6rAhELYZgnqZxx1T7j9vuN7d+32SIGNj3BWfUjKhWp1rQGWMBemOY48b07nbeQ8dTxvL0bsLuFNW1uS7bbivUs1bjbvUNLrmAxHrgkitDZMUqx1WCdRZTlJEyR6DDKEL+4HZz0CgiAp/DqPnjhOXfZoLinKVi5kBl7NtdUZsKCSyudUnMmTnhlCQKSx7pssbW3eFLFn1Mxmc8sEsGJUAMR2kkqDmfUAf34GRCBV9zLMOhLhDAUuoIkTOZnFZ0EB2T25kjv1ZsCR0gTiCmp4NYlFC2uBLCHUhVjA2i7h39uthWu4zTSzozvUwXSjN7YmBnGHcpqLEadYZSzJ2kfSuZ6/hgEroBYBqhmmk9XJPU5+uFOnL2dNZjuXudSBEFS6gZ4b3CV1iUVCrxozKlQOmWDqrLqCNOogACBkFUkQMFKq5IY6bO4H1ZgcwTqA/jhqW0uLIQrqIsWxQHqZVCu2vuE9ZGPuP8Ae/gfEq6fuD94dv4ftvMPIU2e1Nlu38R4+ziuKo47cU1m/bNvqAtu5QN7dz11uygqkaL67lKDuT2wLjpWfbCWKB7nTNgATjY1lRr92xQ1KPfWWqUXEu4AGgaQUB6t88BK7HRbmIdymkg2tqV4ZSQ1bGZGYxuKb97tyi7W/YqHWy/309r2jVQjHULGVzqOSg59Ri5tCxqdzcRm7O5hXY9oKgdo/hj29RQ6LJIrY67Qi2UVVs1bIH3IcqCclZc+uP0nqDAge57b2Bgc7CoJqlyDlqGWNPt9pj6SGJznpOXTDTW05y0hWidQ7R6zg+5Stra2jPSdLFkB1A5wGB/LBdRpWtLJhSSqoIIQEgt0jFx01GlayKyZ92QWDQDIYFQDhv0a2RQyiwAliwzY6W9EBgD+GPuBxF1ZvHKeI89sBVYCtfubvjd3RU1gQEyLXQqIjI/PF23sUizb330NlHdSRWwA9CGQ5f2RziMfc/hltYf6x9kt9ufbJGh34fzHxxjJnPRXvDAGZ1YVmEMJBRgdOkEBdMgGNJHynEV6bEUgIoKM0AKWBCsRWytlDEHLpgrSzT+mzqSBpnIgkT0w9KyzaV9DpM55FsiF0547SJJ06SimAszPxkCMVVwiV64uAUhhUFLKFK21qG92JMfTI9cKvsw7QEsTSDWoIP49RgKqmVdiR9MahBn0nOcaUrUhixsYxqZ/5mQESFAImemAQQF+Sh+0nTkRkcj1+GN5Xu9vWlAvr/Z30trG62liVP3ozTXbRazoZyIAIxpatpnJvdkeoPoCIBn8sVKrQsBGJEugQPKV6kOkuzSWGcfLBcg6ydKq0FdC+pzyLA4p3F23QWJrFb6kZ0FxFbKg0/piEHQzhwF7s1RfRtGbFiYAgZ/PHHb9Kgx2dvuQHCA1vFbVBSRqLu+X82cnIYauv2gKiQDqd2ZFRm1F9ShwCpWYzPyw/ZGgnooAPpmJOWWArCytVsrs1Vv1056GQDNDPScHWvtsHZWQrOmTMr+EZfDCqg1F2JLNBKdvbB/6vXFJaFEED6WnM5x1xXaynQj0vA0qrGvV2mASA5WD8savbFZOohfqQFc4ae5lJ9PhjTFfuGS5VdCs5IkIDJCAdB6YdSFArOmQo7iwmBI9D/HHdpkHTnpBgSegGX+ONQDqTl2pqYscgcgY0zOCoQlUIauxlUMWLEaXEBpIAH4DHG7wKyOAqkoS0HS0FVALnvI6AkTlJywlz2NZrBa2y3UWsfSvXLOAnSeuK7EXr7b6EQksVJIYqASAhwrxpYGxx3aXXUwAZW9SQf4YBDagFZhqCmHIIZugzgR+OGrrzqf27LVyA1oHMEFTLAtkfngQX1ljkWAlpgEmBlokY0nqrdyoRpZI6t6apnBIqDBQQQAQZ6NEf5MOigBTmoKhmBJ1HMkzmcsMK0IYSGDLBGQjS0DB16iVRpTVEALNg1DPM55fDFn6aqQgskjUSsEkzqmXSMvTFpIbN2VdIkgwCCQM4AGOUoK6E3Gwu1gtpYhltRm0xmCbIjqcee8Iy6f9L8z8m2a1xp0LVy+6CZRlNen+GCfif7EwCemOIorepbOc+0n3D4apLaqrFstWrh+SqX27a7UsfTsGglSRpmRE4VqwbS0sqiBYVZtZlUAAlpjplg7fRRpXc+61xop/dgtU9SVrunrNx2lajUE1ka3JjpCMSUJCM0hdYkwOg0ZMcK5UgsmcARHqe31YkTjXOkyAoMwGP0qRHw/uw7RVrZTJ0ggwJJWR9IBxXraxHGhvcrIIrkyGKtGoMMo+eJWstSFMvmYB7pOkQDB6YUeotE56TpOrKSJgxgMqupsDaVQdir1Yn5Rlg61VmXOSdBUQOi6Y6YMVgzA7gdelupA1IRKz/HCEvYWBArQ5JDEIS66mDdYBnLDq7KrVnVCqGnT0Ro/zfLCSqjU2nJYGpTqkDMiDjTX7Yd2BIbVmD3dpHRs/XG1dmKKu5QPZaVC1vLDWS3aNGqZwixXYDorrNQEPoGkkxkKiMz6ycOEZwr2au7IElu9F9NNcRhtIzBZtX8ukAwuoR3jrgsG9xdYLWGSpUqs5no0mMNJY16jmsF/gNY65HpghCZVSYeYBLAfCJkYyIIZkDRqzGowDMj1xYquyzW4V0esFWg/SrD6pXAPclhqUsj6CVaDlbp6W5Z4EhI65dZORPqM8N1aWUadGrTBOo/LrhIbQdRaRIMBgM49AD64sYMCh0s4AJY6HLTBGbOMsbbc7ddN9Nla0qXs2xqcXFy7ujqUKBQA2cFRGeKFBsOgTDe4ADk+r3WYzpGUznhq7FVtaNUyWFbFLESF7pUEgGPwwTYSz0wiBIIZVYaZz/wC4onVhmAb24EtBkWM0gD/pAOfyxY5OQOskwIGQZpaMsh0wdaEZ6lKRJk6gSZjuUYsgMtdhiSYEdApaCAZHTCqxMNrJ0Np6jvYMI78vX0wprMIQRXqt0lyF1GZg6iMxhliwkhiyMxcLpjNesZ4NmkhACehBDzBmRkuWAwiNUg62Q9xzMD0IxaFZDrFumVBWtlDq2sg9dSxjdj20ZTVarMANQcU2BNH1QGePlOPu7sfS3y3c8j9IQq3I7fbbyxIgTosuInoSP7KPj/wnH+2vf33V7fa855VyPhu6usfQgXyzx3leG24diY0tv76h+eWKoLAdohgCZZRGTSqwsZRhGLBw0IzQdUp2wTJlmMGPQdc8IrAlklW06urH6QdPVCcsJqKwWasKxJeBpYELIyyzxpTJtRMqVYaVEMFBI+oDBUnJJrAXNwbELKGEmDqX+/Fan9S0As5AMW5gAAdBonDBWissupO4rJ6TBEFPhhgQGBABAy7T1GfSfjhtJ0kqR3k6XcmdIAgiG/KMKQmokDX7eY1AaWQkk9Cs4EKFbTp1tqayFBMdYAMZ5YD6dUMCGgyB6qBB9c8MdIUudcFiWzyDEEZAgYRmJ7W7joyn1PX1jDwdS6bDAEMy6clSf5gvwwrpV+pHuoHA9vUpGkPqBBmJCnPLPFTu9TX2V1ObAFUF21LYUCQEgDIDKcVEAOwQmVB0hSSNM+rTmcWUsrKohx1hmbIkGekemKmU2DQHUoJNL6l0j3VmDpiR8Di0hqKzWp+ppNrExpXIEsep+QxcCqH3Y7NJZ0IYNqBJUxZkQD6HBlScjGlcwTkG/I4BbJQMiHC2KBkSesHDaCG0sVJhS0A9WZQsnP1xpBBjMAqVLL0BU+pDdcMeskxlEfCM8PYlZQk1gqVnoCHY/AEZ/lgsxLCRAVROlW1SpHVmGFYpY596tVXOdVrkmQPQCf4YphHDCwB0C9rCCFVWZjLSvdl6j44qciwK+pXH6akOCO6yVldI9fmcbiy9W9tPdaz20cvpXuhFrBdmJAyEf3YYM2hKAUdiSK2bUUUqbFryLZep/PEMGWCysDp0mG0sCSCQCVywzaTYNVYIAzAVSTEAgyBh7wrA6wayQEdVBWFVlAOnUTh7lTVJLgDqurIqPjIwKyEKEBtKrLKWBHbZGpDpMEYJVTXNisQVVgQZJUag3WcaCSFRCoEhVyZmkwsevphtOsabFYiQQFUaSAdPTKcWo1WtTYzhUeEAGvUCAoMMbZJ9IxvEDaK/bdFFalrFE6tUmdRAEZ48uZ6kqr33E8BvNua6VqFlI2jbQmzSqh7Vu2rAt1MZ4I+B/sR+Ix9t/uJsXNe68H868W8rqIYL/wD6HmtnyTpqMhfcr27LPzxwfkmx3O33Gw8g4fjed2O4rcOtu35faUb7b7jXEMPa3Ur6MIjCLSfZBtsbWoVv1mfU7QUTKxwCMzB65YrYD3WDM1rmwB1nu1Mgycs3qOpwjaU9spOhhLBwdP1GD3kjDANWGUKSmlSAS4MCYDAD1xYFUIbHR7DpVe9BkVg5zMZY1aNeg6ahq06ZOUn1g5/PDHqSSG0grDlS2rKMic8AwW6mCYX8z0GCVVVmtYPUr0gBuh0zgO/tqf5zWPbU9gVWK5DUQvpg2KG1V1MbcgCKlMMQGKkksBEZ54HaFE6AfSR8PQmPT44BbU/p0Kx+MZnHaM5+WR69fjjUSclIYdMjMkH454fRmMzAg6GAJ1sGVgv4x+eNutVjv7VVtYtIsDKEMklBrJXU0BsOnVjVrrJkAsoEAhWUmD1xTt/3K7h2op3F3t13KtLWyRSRaMrFj+UkAYK5QJORGYiTI+OAAM1OoEEyIBzAAOcHEWA2uwkGwkWacgq6gBkoGQPpiwiz2wrDVIyYHMAZj/ywoUp3sGYyJBA9T1gAYs9tSygEsFEM+XRGORJwhZLElQyI66bVDT2MpHaYHTEqGQnPPM+sMY6YVbRqMQzKrS5j6iOgGfTAU6kDPWBkx1ZiQB1BPpGN5SraXgNS2olVhtJtdUPuFVUNpgjPFRUSy2S3auRYqdRdSSSR6jrGC0lyAGCKdRFknSTIlgwyOUZY1IUTc2hiFt1GrWpX27XVQSa3Jl0GcCMBfbLAqqMbAHClO4ltYizWjkTEAjBYEtoDCcyA3zEZx/disOdRYhupUDLPKYmMsGVVADbIJJ6iVKjPKP78SVCVliSQGGgGP1JP1av8vpgxY8p3QCArCYXL/qwUnpkqwSWnu9Jggz+WJIcAA5MEgESSS06iD/GcOYIlZAzGWo/PBYIzKinXpBjPKYWZ9MXGFYwzaXLVDQ7aXgoJZ1WIB9TjldvqJXa+LcIpltRD3PvL2XoIj3B+eD+J/sR+I/xwwy6N1Meh/EmDnHrGP9uHlO/3NO65bi/C9r4PzDvuqdxuG3/gm8u8RH7sq1jpdbRxa2FGhtLKSMKG1ZKlrQQADLCtp0kgKACfjitzXSdQkhXRnVnECwMQpc3Jlp9MZCdWkorIuSk9o9ZJIOCVhbCwhQpElzBJIyGRJwoX9LTJM6GLVkypllJ1Qc8EwQ0htPwzifwOEMOpZWYHUdLiNLK2eUxGCtekodGokdxOkEhR0yLHHckVgyDkDmTGQ/HpgFaa7tJyW3OTGQ6jIY9y2oDSyHRUjMcmrCnLUdIYCfTCBUQqh1FnhOnUBchI9J64dmAVApLPKKq6QGli5yGkHphiGGmAyN1BVgTIOQYRhX1SGaRGWX/EYYBQM2VvbyZmBUNqg9y6T0wyszLrsZU16qzqkWNTCPIVkAIJME4ZciJMH1EqSwB9MAfSUkBjMsUkL8BMTgaQ4hspEMWiD0mRh1WK3ZAyEDMgnSAWmAZH44rsaSRWR9QMssZ9OmNJHaq/CSRM/mZ/uwGVA85kRLKB2HILP1EHp0xdapcJTY1azW6gsrDUYYKTHpGWGdAzIGas6gZb9vAZmBGZJsgH4YYsDUWJ0qVB7f5WyyE4UdzNLADUQRHrEegxSHE/qLlPpPVSDOqPX0xuXrVVs9pkDppWwqxJZAzSwCk40X22ZXunuM62NrWzsrgQdKpkcU+3W9gcKSVUBlTQ9iMxzB9Me+ys7qy9ijU0MCFj/KJznC5OCydy6gChBzluh69fhgVFVDQHOkqVYWFszp/DDAUUsV1aVDgNYVPaFY5KWIj0xqepmbRmptB0l/qQ6IBjphVbS1ahjAaVDQQEcEQ04LqxnSihTBkTJ9Mgow5Ue4B3BzkA2cqAfgMABGdiYbtEKOpMmS3Tr64ufIoFA1dAIkABeoIxaUBVdRDSDpYLEjJpJM43Wc1hnfKYUDrlJOQzjH3EC2e4NnVwuyY9IarYI5Cicl/VwfxP+P8AYmZzjEsCVBzHQnp/wx9/P9vXKbzXvPHOe437m+N7NnCvXwnkW3p4Pn69mhsOmunl9hTY8AaTfI6nFShrCZrRmLZiNOie5pgGPyOLaNtci7qmCjXL7iarD7ZivUC2lCZGUzj2z7n15LWNJrZJDPWWMA6h0nIY1R2tCBgZ6AEao6aSWB+ZwKyTqdHYAKxHYAIkCJb0wriQAFAYRAYTmR6qRhWADSe4dVK6QIUfHWJwQFCn1gfj1gYCAyVj0PdkS0f+n1xEairRkWE9Onp8cOKtQ0tGouB2uwErKrmCBiRrbVpnU+tCwyQ6fpHTP1wUtRXBnWgUGqwGDocMp7ZHwxAMhRpYDtKiIKJlAGnLpgISIqewKCy5IgAAAIGLC2uE9wk15sQUgFhBB0k4uup0na7VbDDKFuBuC1jWw9r3VRQSAWMHphiu31IwZ/ZrssUagZhGZ2Of1dAZy6YRTSvt+z32e4AgsUD2taTJdvl8M8EhSXQAoxLQp+WkjCzMz/LMEt6kHB0qS1aGIkRrzGfxMfljUyurMV1DWzGplEe2uqQATm2AGRgQAdSD+RslBEdxdp+ONOlwwiVcwvy6KuNbqFuAZa9JfSFMgyAShOn44V7ToL2e3X1Pe0wDE5EA54LT0eUcBg7EqRnJPZBz+WNoVUqz2SVdmAWUk6QMgE05DFp7JU2AhVIYntA1E5HrI/A4Irge3ukWxlUMuvWQ0AnSzNAmcuuKe0j9NVetgoDIv8wIJ+oz1/DFqWCGBJd10lytfetBJy0gLA+RwBoglTIgBS8d4UDouuY+WIKPB1HURnOXafl8MB1KagSAjZsJkuGB9dX+GG1KBAc6goVQFA7THq2cYJKrapLGAQc2Ij+Ef34JXUj1hD/29dWiNRVVgCWBzMmMM2chT2gSrXE5MA2YVV6+uC6jVrLKUOXco/T0dFAJy/PF1aEWMjr7gT+QPJrYzl3wQIk5Y3Gp9Bb9QMCVgkQ2jSGBkdZxvpWCtNr61BkhFd9TOSg6pnl1OPvHu0cWV1eTnYIwMiNjsNlQy/LS4P8AZ6SOvrJ9P/0x9pfJeS3j7bxXzre3fa/yyLVrpXj/ADR9vx/H77caorNXG85XtbW1GFQMcsKUbUrmuxGBXvVWdRpZdYYaiTlhXNihSQSxYBgpIDEwgIIJjPpgiwVMdBbUWfUVaSzGJgk9OmEu6p/7YkhTUYaWAIzC5mRM4jszVWTS5H6hVZ1QcDK6XEHSsrpOcn5Tg6QSqyAyzAeAxDE5AjUP44A1Aq3a85Mit0ZPi85Zz1w4ZawVD+0iM0FTqiWKxrPrnGFOnQSohQQxPSTPXrjrp0KSzROkswKIQCCCpXFZzMMFYAadWXwziGw0KUGWqSGn0HTpGM5+k9s15iDnAOrF7kBhWDYYGpyCCHj/AKSSJwWUOoIBkEBwwj/MGBiOkY5ClQossQBm1q8IZYKKwoZ7XAOQ6CcMgtkE9qydKjVABlR/NljbyBpsRgxAyRlIyJHUvOWCB1Iznpp9Y6ZziW1EkwqkZqygQpj1YYYI661bSyKZKBvpVwM5icRGuO7TqAJ/j8ZyP8vXCkqysjsJXNTW8KNTepRhhijF9RkScwFEn1+GBqBgQ2kAAyfVwOnXLAjOSSCACEUSZ/KeuNTOmgjTrdFVgs6iO2RDAR09cCwtGm6vsaAy60YE5x6kfLPFhhjmWAIQaCy9ippJn06/HF1W1YtSdwLdTaGaq2zc2bjdNYdRLarGCqP5QBiv22XtKK3a2noC7EzkTpj88NMAFnhZM6U6H5qx6/LDMQASWL2N9NbSTCemh/8AjhQ0E6l7V/CQT+QyxEIbAG1CBqZmbTryhoIBOHXTOf6muRJGcpEYMr/ISdIznKMhl6YTSYmYDMQCR0193x6ehw7Gsax2kI0Z+sA9ZHww5rDMCCApCFdR6KkGT8spwF9sKCA9jBSGHYwUmGWQATH44Y1ltIrcQ3WsDNh8Y0ieuOe3dkFadnuNLZSENRJCk5yC5bH3Y522tU/1Dz/yexVWAFrp5O7Z1KNMZe3th+YwfxP9TqB+ODBBMdZ//T+qPz/wOKXpd6rUtFlV1bmuyqxSrVWVuvdW9dqqwIzkY+3/AD3Jcodx9yPAaNv9v/uZsS+rdjyDgtvWm15ixCdXs8/xBo3iuR3Na46ocamcBFKSsodQgyJ0k9xMznhbFtkVwCF7G0sD2qAo1tl0PpOFBgFmTQUUPoKkHOZDTEHpjtBTS8tqAKAEDMHtDSxP+GCAW7zCEMckz6DpEgYH6jwlLp2F2c+5YNQ9sEVksBAJBIHQjFqV2O37W5KrfdVkHuFEtT2WYRajMAs+mAsENAEdYIHw0yYwC57og9umfWYwVVApjU7yZgEGY9c/TDa2ToWRA6zpzzIOYOFOpxOk5Qfh1HqM8MDcgULBVhpY/LpAk4ZX9v2ci6QWb21MXhe5VbSXHXPFqiyFR2K64QtWTCEiTDHORnAwhU1aNzUEa8amAKE2GSrABq3y/wDTi9yvW+tjpbILZ3gqXCBgZnKYwN0rOl9NyRXrDLZQ3vU2GvSCJpurQn4q8+mZQFrLM21HQZ1emYnLCn10RIjUG/mZhmFnphtFSo5ILOqjWzDoxYQ3r0mMCGzYSQ2UGDmPlPpi15ZzcoUiFNYKqdDABSVlvqz7gPTDLFbKShAFLHX1NlbwfpyP5jBcmwl20F3VgGCEgasiPw+JwSo1qVcSpAgZByQTPbIz+eAdT6ysBvc1D81AiMVNP0lVn0PcXLNA7iM/TF8vBVgPbZHWx1LOysuhQNIRV6/HF9AIVNYk6yjStiMAIVVbtM5zh4KBIQowcNqYkkghc5E4ZtZQaWaQfqB7ZGRjNumCHYqSwhn7tVZDgkg5DJMSwX3CdbAGf8wVAfQRnPzw1sFXrQISNIb20IIrB0z7akEx6nDkgiEGSmGgiQYgySCMK5EKRPcSJ1SArQCRn1+BxCqpGqGYz/MZCgsZAzyOGOmtnrbUGDBioHoFMSWGU4dgCra9eZIaRPTtgzM4yQ2mBWzs0MoViNQIGU/DG4MsRqYoYBLEEF0A/wDR/jjzDk2KKux4Tld+jfTYwp2t1ksgmEBqjKSMc9ydjB7d/wA7yu+taCC77zfX3FjIyMsT+eCfif7HLHwIxmfQ9Z+WOG4vyjlm2X2n+893G+E+ae7e6bLi+Vu3RTxfyO5j/wBqvZ77cHbXsAB7G4JJhJG2vosa2rcVLajgISyWIHDDT1Amcsh0xVOlobSASdQsC5EEdAAfzxI0gGSQB6g+3CiJCnrjIKUMBtTsA40sNIgFQASDOOzSSICwsacwZ9MsPlpkyYcTBzBKgE5DOMLWoIggIMtKskd3SBqEH8cNK5oJdxDgzkNKCSTJ9PTPDoe507PQLLmDB6HSM5wUYFCgyaTWbCPXVHaMvXrhQlYZVBEyNWllhgzZF9RwxUKqrmqdykkLAWXjIzhVsKhtAQIXUhjAOZ6M8EE+oGeKlqYBrCViBbKuQSsBhDMQPTOPlh9H0uCsZ6nLP2hT1BI/gMbfTWtla7ghqwYT2ShPualEMTrAMGWxtGosN1bbZDUjprubRq9x0KuZhpC+mR1ZjFlJQIm5relGAea3lXpfTJkteBHyaOmAPbEM5pQ3albU4VivdB1hiRHpEYIyC6xWRqg61AIGqZgD1xMkAkkS2rqepOYk41kMrj9ODnKNILgEwSPjghJRSoj0LIklmVevTqfXAJrlVOlCo7gWMZjqBJOePcYy2lAEN7BEZWaQ3VWBn8BGLLLEAc6aqWrf9ILbfpJbs0gvUIE+pn0OCGAbTXqseAIeIKAamLgKJ1Qv4YqUAkal+nLJpMegLEA5+mHkTc1RMMU6qhrWvL6VNYB+BONz7ZY1vexKFmKpaD7ZWfpUMDkMV1sIFiHPS3bprJEE9GJYR8fyxSqiYZG9t69YKhphtULpK5jrON1tbVhqbXqJIHciTCpm0toPofX541T7XuDS/wBJIYuh6H6Qq19fnhTrW3UwZsiQBIJB06QRHzwxb2tZLw0FFCkAIgljq6fgOmNQatLVdCztJq9tVqNhKMQmlQYJ9SfXGpQunUrEg94mCpWGYEL6GemLAos1IUEMAshtFissAaiydcPa7Sq5aChDVsr6SDnNnuAE5DLHa6kwZLjuJaSJnM4vbTe5Ia1S1g0jV2vpUAaTA+WPuzyzWmi7aeH+QWbVvrIt/YXlTBLKoKq4Ajriyx2LPa7WNPq7ksxOQGrU3oI/sj+X/HBHzP8AxwI9cs/xGFetijqylHUuHVwwKsjVkOrhhkQRHXGy+0f3B58bj7zfZyjbcDuRv76233k/ipWqvgfIKbbWFu53FVKLtt0SNXvVlv5hKsykNQQH9sq+vtANhAOUSPxBwoIlq8masFgQxJzzOlmPXCaASk94YZIsDMKvfH8RgA6CpZu4EkZMqjIfI4sZbFYDUraZUg9FBJLZRE4fXn26latSVZlCo0iSRpYfnOMyawLFWsGRq1dQ/wAvgMLpI1e4iN1CtHuHJiTDnSJ/HABEoZmr+UkzmOrAj8cafbdalUSSRKwDpGqIAP4ZDC6yLSzNnpC6FkiNCsxPT6pg4YfUweQUVZrLpoZxMAAooUfLC2IpFiObVb2ickKSToJEhSY9czh61AIVxpJ+rSHDwSCpJCjFoNwosq/Zs1rsQhYoLCdCTHpMT+GK79rbt9xvdtd+zCUQ1i7a3VuFKi3Syrb/ANwdoOWK4dDSzaWth0sKWEarvbU6FsRiWEGAVxNmfvILYIYKltbullNQdm06bQxBzaGHwxp9n6JEkmWDHssMA5tEfxwYQ1kGCucahkSNQmDh/wBIkBQAQo7RrjMiDpEYs23vqbKqEtNJNhStbvdCuXA0kMUGUwM5xpZUBJ0FlMyQe78ADGPbathrGpTYuqr2+kEO0EyMssUgX31Cm2ajRZ7SMxS1P29oCy22cWy6AgOQpaYw4jQ9hdFV2U6oB7hpJIyGKi7VIqmVRmkvCe0VyXMlmBiRpGeeHcfXezSVsUxUlho1MGIIKnV/HG73bXWFDvbbClrfpt3sE0DWdK9DHxxXQzonYkgQwlRKMp9GCnCMxLho0lihhFUquStOpZIB+GC7kGXQ1mOljBgzHuGZrQemGsShypLVO7QVMBdJAIyIz6YXQrWANpCo0BFOUBTpWApwncy6lLGgmM9OqQEeIn88aVqDjRpB1uECMS3thQWU2KcmMZiOmNQSIJlVJIKrMAyARIGA9jEMFkDUe30A65AKIHyxasnSwdQ+qJ1KF/TbLQyjOcbjVWzLm62tYHViIGhNPQZdPjjdhirMfcaqop7cdokl1MkKegx9yjW5Szf8VuOPs02AkLuAuzcKIyB/ejEBg3xI9Pl+GD+J/wAf7EzOcYn0k/34kfDH4gj+/Hh/3q+3+5sXf+P7xKeZ4lnK7TyXxzc2IvL8Hul1BT+6ozqc/wDauVWE548N+6Xg3P073juc47b7s7c7lE3ey39dYo5HhuXUBbNvv+P3mqq5XVFLgaQFKjAKH9LVpOlAs9ygEgkMPQ55/LAMumiomsiNNrOSNM/AAYJ91oZqoaQY1sP0wASdJ9fmMMSoA7oVwdL6ixBJXUMpzwC2hq5ALu0qoEQyqJ1KuqBOGVCwfWGkhPRSDIgiSDg5ZopSJzYv2iBpUD54IYKxGZliHjKT2gj1wrsUVY7l0M5AGTd0iZj4YtNQWtlT9MFCzK5mJFcacjPzxYGBXUwDOWYe6YzZ1ntVD9I6gYYWsE9t7PacazFdaqtQnuMw7HFaWMWV9SLZI1OFUk2a1WEcjLM/L1xua926JaaLACDYnvWuiWIHFZAolYz/AJT1zx4L9nftzZwW4+yH26888UX/AHBcjRtBvuY5xNzvQnlPjnE32HRshwHEbyr3wimxt3RolV1KeE8g8Y5nY85wPkHCcZznAc1stxXbt+W4Tl9l+84nkNpbWdN1G72G7W8FREzkAMbQ22sWstChJJNbsgFhTUpiy0qoPQYXbW11rTuL6aKHarWaNw7hHuaWmzbtOkp29TBGLthZan6SpZ7lKtXU4vrS73KksJK1gWBepAjrhiFWwAg5dBqHoSOrTJ+eCYCjIWAzpH/9pSY09x/88aaxWgUg5PmCesZ4JgkMcyOpU9fzOA7sqkgL6mbCdKoAB1II+WAG9sOFMmoCTl6HqfzxX7loKhLjJC60iotLHMgyIGPuD5/vyte18Q8O8n8itst9tVb/AEThOQ5NEd9Iysv2wEDODPpij7Qf7rfJjbsea5zdDwr7p8y62ftm5Pkb7tt455ZuiARTW26Cbbe9oqUaLNQhl4/kthftt5RvaE3K7jaW1X1xaA6lb0c13K0yGUkEHCDT7JI09rlp11AhnmIj3I/LDFnW0FAzfqKCO8JpGYOsATjy7iXTXyA4+vldg6VlrKruPssN71AsRWXouAA6SDhmpINkKzIgIlU7YYR1J+GWLkRRXA1ahWWZmOmTXkO/P5dMN8VLWSGXp0nrPrgllhWMM5C5M3oQZJOeHZ00MxDM0KFBBZZJWSS4y6dRiK2Kqo1LVoAOoyw1EzkY654aVhgQzR6FjqYL3r1I+WeN0imQEcVlm0ENnIJnpBPxxzu3GhP9T5PiuGqAOt3ffcntrLSY+FFB6ZhZwwPqyn/H+r6f3/8ALEf1s8ROUZfjOB3R8Ohj8AcVcP5Tv97uvsT55yO0o8w44WW3DxjlHeujbeacZtpOlqUiveqiln241gFqwDwnlHivLbDleI5jYbXe7HdbS5L9tvNnu9sl+13W1uqtemym6lgykHMYXU0he0S0aYEwCI+OCVULEJPbYrvSeulRlnnPTLEuQUCxkxgBgCe0kkmD0M4rtSiyuoIHA9p9RSTos0MhDVMScyIx7lf1qHOisksTBGp4lQJPSJBwGZST7ahjEQy6n9IhgM/jh7VotG2RyHeGfoSChOZGef5Y/b7UOxrMvFepx7fc4VQsktGKLv3C7lt3T7m3JYF7FzZ1dw7FbUHoYgYcEMKzqHc3uMScmC6TAgZieuNLMz2SrJWgVgaSDWjuMiGAknDKmlhpd2WxtKLqB7AcgVGmT8MeWeYVb+kefeWUb3xb7c8f7mjcb7yjkNq4o3x06m/Y8HX/APLsOmHWjQc2GOU8i8g5Pc8vzvOchyHL8xym+te/c8hyfKbrcb3fbu661ne1tzuNw7PP1Emcch/tv8r533vuF/t23R33iR5DkGs3XMfajyHeMaF2iWLrt/8AqHLs+1IDHTTuV/l0gVrZebrCTccwtitWysVrWVWTMmYyGUnLFG4Fvsh6VAPurDuhLPYBk6s6/T0zIJ9cbPkaaxfv/GbKNhyFiEW23cdZVrL3MAz/AKSqoYt1Kk4VbdSpauusdGYITWWGWoqWH4YVrF01k6QEdiXXL3GMv/Io7T8cWp3qfdY1FiNXsahoVgpPefWc8EdSJB1ZKo+JbKIGGTqB2kMIEkiwWif5QEgHFlzvrFaOwWtSxPaYVQW7yzQB1JnBDIyNbUbJ9oEKjgOVtGpnWxSIyiMff+3bXtRuue8Sq8Q49Uv0WNyPlm/2/CpXKEdybbdWMQO7TM5YrJLooasiwkEqaz2OEOZCHPT6kY8a/wBu3+5LyDc3/b+7cbfi/CfuRv7brt14kHda9lwXkbuXa/gK7WVE3GprduCFMqZXiOd4fktryOx31G03tW72e6ru2m92G7qrs224211X6d9O4WzUCjGBE9RiKoepkW8e36AtmJT4gR1xxu4tYftOQZ+N3IdghKblRSwYGNTIzrpHUk45HjT7Y/abzd1oSq6PaLBqFJ1an1Ustg/6iR0GHARkVMwwKqGUrnYAZJMsRBwQQBqYwQSmoKJXMFZE/wAcIXcI7AGcj3ZkkoXiAfl0wzVBG1WsNPdOmskPIdjIDdfhgvoUM6FBDETpEBlEwYB9MPqT3Wz1k5ksVhQv/oInLG+3VVdTujFVqttCkvYdSsqJDFEUEE9AeuPtt4fXaov5fzG/krq62g/tuN4zclSwWGJV7vXKDgg9f+ImMZ9Oh9PTAj5znP8ATng/l/h/VnE9MA/A4XODPSJ9RifWTHqAQBBgyDn/AHY4j/a997vI2H2z5zd/tPtj5Vym5y8N57fW1ovjO/3V9mivx3l7rSNu9pC7O59IZamIG3KsBea6wpDq1L1sAVsSwACxXmVaM1IwrFWZ1U1lVbsErLsJybUwGeRxkdMoA6srGJUKr6x2qZy+WOP3W6rodf2R2V9KskWJttxZUiXVOCLEsbSZ9NWKt7bw/GW2bmkJaw29TMUaS6M1aqDp9YGeNpdtNvRt6ibtru0YMCVKV3VhF0zNVNjZx9Kjrjb8cLRtdrv2FN86dDl2JZrDcSNVhOlYAMkYfb7Xj9vShrWt2Sqtb3NfeHsuVC/u6+pk431Vdlhrr3xtpKsbgNtulQ0Cu11KXIUVjKEhSYOYjGkF2DrqA06jAIL5ggN1joMawpgsQWkqyrPapAUwCcpxfTWsWOgqQEPYLr7AsKVCoFrXVm09AT8sc79seP8AKK+Y8H+xfjfD+J7PjeO3As4zZ+a8hsjyvmFlzVk07nk6r92NpbYJ0pUKxBBwAABAAEyxy+eWPtz98vFWuuXxvk02PlnD12lKfJvB+Vs/a+TeP3VABLP3WwuL06p07mutpEY8J+5/265ujm/FPMOI47m+H39G5S57NtvKq7Up3Ggsa93So9u6tjqSwEHPFb2mqbFW2kUWMRWlgJUJMAMI7xjlOA3z2KnP7NhTE/qvVWyWqQFeD7NjHV9IKQTng7a2oCmzVZtLahqqfa620WOxClCK7FYgSTnl0lUAqZV1DWGAZg3qs5j/AI4FYEa2qqTsLOS7gGQkuAoHUDFtF9DgkV2ISpX3KrAordQ0HQymSfSOmChbQaSwcmQzkE9IkQPT44JAUqQxYaRJCHpmYzPznC2qfarUXHcNaWCey+sAt2wipp6kgN0GeWPAvtZtt3q3PnH3Bv8AIN2F1hbOH8S2rJtbrK3dHSs8jydb6GAPaJwXVz3TGY0aWBiFjIx88Z951aob4/iZj5H0IBxwH+0T74eR7jdeGc/uBs/tH5Zyu6d9x4zy7gU1eIbncbhjo4rk7Dp2ruey1dE6CunbbXc2rBh9rdWQ9TUfWAXP/to3QkZjOMbOx30rtNxTcSbPcFjJZW81hxCHWoHb8Mbff7B0tTf8Txm9taoo1Zc0hUuFqkw61OpOWZGKHrIFqgpYHchHsbU2lYU/Ug1EmJM4dWUHuKaW0NpXqWEFgDOHPdqBHYqKdSgdulo7W0/jnh9fcT3uxAXSSoyWtT2lyM888BhWk6LSO2CM+oIgj+OLAQUCv1VzBM/MNiy9bWMJabCyqpQqpCgQB7gYnPpjwLxJNybX4Px7kuW3dKBQKn5Te17ba+40sQ/tbOzKMlOIifzwT8X/AOH9MzGfwxERn8f6cxiYy/qmflGPlhXVnQoFYOhIZSh1qVIIIIaCIIIOYzxw/wDta/3AeVsfOuHor2H2u8v5reQ3lvEbWpVo8U5De7h193yDi6qx+2teGv2ylTLJnV7tuhXXSGLe4VlhBVTLDUOh9Rj9JtYKgmxlMMAJVdMTpPr6YQqbNKganQgn2XYBgEJ1LoZQRllGKqnSvcbZ627XdACdZCPWrfRpCuGPQkx6HF+k7h0a0br2+12q3VdSVV0o4jQq5T6QYxt7jl7F1O403wawXsKVsabCA/6g6ASMj0zxTZK2VGsh7kp9iu25KdbwDY6jbbVJawxqsPavQ6t5suM9inYbMe3uuS3Ibb7XZPUtdu6ssDOHRA5JZRrsZmjqRps26WrY23N1PuVOu4Vm9zSLKLarbKfYIGYUkZic8PYX1CzKywrpCqNTEMQM4ifxj44332e+zfMcdyn+5TzbjH220NFqb0fajgN5VdW3lvO7ahiE57d1WMvF7JyGyXcOQEVbOU8h5zfb3lOY5zkN1yfK8pyNz7jfcjyO/tfcb3e73c2kvfud3uLWex2ObMcenWMiDmPw/HCsPTrmRIzkSM8xljbf7Wfuz5DbR9rPuFzQs+3fNb60ftfDPOd9Zf7nD2bm8/8Aw+G8scgoT2UbsloJfC1vdrW7v2pVkFdUa6qwIYj9T22MgwRlONtyGyv/AG272loeu6qJVtLVlAgIbvViCv0kEzjb275trTZXt1QV1A11C4LWt27AAsVGf207QZ0pHwwW91HplkWwIrF/bgO/cBYCxMyQDnjaUcja/bN7FmFdLmlRZVtgQfquYgEjovTPHH7iulaqhxg26lBpBau+4hBEL21mflGDos9pO92VihYham1PJM6QQMvQ4cEWM6yqT0gDVGRksSMz8MWXWlvYWl1am0+5VYXKk1MFcDSBqAJIAk545fhuOLWcP9suKq8XoVK9FacjurLOZ5UKmohLPd3Va2+nuKwBKgHADKQZBIIkqPQZTP5YaQM2YjUADpAXoGzgTjZ8nx25v4/kuN3NW82G929pqs2u+oK2ba+ooVdGSypTKkFQPyPG8R5Vye0P3k+11Wx8e862LWIN3zFKUGvjPKVrDBr9ty9dUWlQI3AfPouKQrr+4qKxYoCrYM2bWAxPaTk3U424OlF26+yAVLGykAFYJBOnT2gGMlxZQwIBSy2yAWYCsaUyWSFhoj0nB9orXW2l406gQwPWJ+rP8D1xCrGlCoUFgytOWtgpDZfA4sPtEs50yCVHZnnrKhQAcsMldmlgQ2lmJOgjMDJiNRHTFmlSmt9IQvI1dPqYIo/wxupZWZEudVZ/01VQWJZg2kCFPzn5Y+8Hkmzva/ieK51vEuGsFmtW4/xqtuNLggldW43CO7FciWJOZOBH55fh/QZ+UZTgx0nGRP8AUgxiMoz/AL/6yhROQn5ZZY1BACYB/wDSsSRJ6wMcVz/jvIbrieY4bf7TleJ5TZWtRvNlv9juar9ruqLUIKvTcgYfMY4rxfzHm6Nt98/Adrttj5rwd99G33vN07euumry/ituLazu+N3iVg3he6i2QwUFZD1bjUSdL1llL1ysrBOZy9ehwgNbEhEUOxXvDEswMFgRI+WF9vbVWyi++lwRlb23tQDbNFV1KvTYEszYzWCZWIfcItjVPcE3NbaFtSxbHdrEF5YOWXLLIkqR8xbunu2WyWxH1PWWFdS6TSgKhmsYVKFJHbqIxseL2XIXczvbtsqbfbbLbvXubjZJM2u1Ve3DPZAYtqyBAxzfL8b4zRsuG2x2o3G2Tc75LdqF3FFm33orvuoSzcbq1u+FsR5BOeZrVBpSmptuiu6qtWn9e0S8MB+4sY9zTJiYgY8i+yn2V3fH/dH/AHKnjW2e42mzuW7xD7V73c0MaOQ823CsE5Hn9lAdOKqZW1wbmrWFfyX7k+f+R8h5X5t5jzO+57yXn+XtbcchyvJb20W7u69nhESxwBXWqrXUqhVVRliuxYCe1odAoCrYzgxAznThqwIWdS/gwH8f6Euotam6m2u6myq5qb6b6mV6b6bFIau2t1BVgQQR8scN/tv+9nOps/vr4VxW12vi/M7/AHSVj7neL8aq11HbPZpFnlvC7JVbd1Fp3azuASwjG03ND1C8oj3KCkWt0JQDVmSCdMkkHrhVNorEgaSolWOpLACR9IK5YUh0A1L3LI1QCNPWA7dTEDLHHWcqLbKE3VZ3LghztVJJS0JGtqycjn6Y2o407j2NpSakfcVjbiz33e6xlR2ZmhhAMfSYxDAIEY3Fhb2kKQVECcj6joR1wBUXUqyj3K9InWCJbXkevpjyfzLkbaW5fb8d/pvj3HM61vzHlXIVMux2y/qFrKarbBbYBBFCOZyx5L5B5Lu7OU5TyXkdxy3Jb/cbizc2bvkt+xuuse1iCxQkoB9KKoVYUAYtKozQ0Lp9F+rOIbL8cKbkjtYQxY/UYOZJPpiwqrBWI0agpGlQYMEfVn1x4t93/Er91utltbDxvmXjqbl9vtvJPFN66LyPHWqg0C+tVF9LtktlQIzmfFfun9vOep53xnyDaVXA13j91xm6/TTfcPvqCitTvuNtbTajAMWlgChUmpl91qy4cNIjS30ZaujEEHLBKF69asGVWKvarsGsQFYyYKB+AxauopoJCK9bnXOekZLLVEQc/XBLBqhqOjUO5rCdUAdSCvQYEKq6rRqK6Qx01NZNi6ZGQMYZjaGY6DmnWQSATIEQcaVqWWZxEGU1I3e2YmNMjH3C8w5PftsvJ+V4zkfGfBdpUVe/lfLeX2lu043bVVBvcrq29oa62zV2VLON1vd3a9+73l1u63d9ja7Lt1uHa2+53/ne21yxPqTP9oDiR8MQMWAv+oCoSsVsxbUe4+7qitaxn0OrocRGbKAAyznM/EemNJBDe4G0QAYAgj4T+fTCGk6WP8pLSTqJntaPXHj33c+1XO7/AMf898d3h3vHcnx+mz9wpZVt23I7Rga95x27qGi+iwaLFMH444D7Zf7i6Kfsr92b/wBnxu15bd/uj9vvL94zV1VNsuZdQ3j293l4cCndgUahpFmYGKrtnudtYNxUjVXLcLqba3E66rq29t09JUkH0ygkGu9dSoGMOkKCPm2Q/wCGEq29uzXSZvezdg9qRFxqqsax1QnLt6zMDA48co/M8zTb/wDuC7etE4vjKLcm2fuAtZduX1EEagFXGw3/AD25p223V1uRLl0Ia9nW5DWqGtZ1slZQddE/LF9Xjtluy2W3/d7zf8puNydrs69ulQ/cmvb2Xjb7DjqErDW2OAAoLZKJx5D9lP8Aav5HXueYG23HC+WfePjbq323GWMpov2HgO7Q6N3yNRVK35QSKdMbYlx7i8l5Yrb7lE5XkL99yfJbu6/ebncbzfWu9++3e6t9xtzu91uLi7uxzYkx1mJkzpIjoVA69PTAUAjUQAchEHr1GEYLkqBWAI6j+br1bERJ+AzxOmVHUeufQicumPGfOvBub5Hxzy/xXl9rzXj3P8ZuH2vIcVyO1fXVuKL6z26RIYEMjoSrKQSMcN9sfuJyew8N/wByPB8Ztdrv/Hr7xRsPP6dkNul/kviGtv1bGZRZutgGF9DsShNUYr3KDUNzQGFgGtgZKPWrZQA4l1/kbr1GEZ0ZxWVtrOsqVdehAgRBGNTO41abC8h31kZ5SBpEYUtYbtMlEdVDAnqywucj54VnsUZP+nYQsiRGrqQB6Rjf73ltzTt9hxew33Jbq2zcDb1j9rS123rNthIz3a16lAkrMfDA4Dabj2vt54e25Xx+iu25v9W396Ku853dAlFDuumqgBSFpn44tBEbxV/TscE6iD+nqUqclg/xxdTuKNFigs2qkqDAKz/+Z9Pnj3CDWFbMFQoOU/iTnh06a9JEhTJIylTBnCMQWKGSygAGVERkQCD8sbHlfDN/ueZ8F5DeVJ5j9u97uL24Lm9u2kX37WpjYnHcutKE13KFUsIeVyxteQ+23kqbbynZ7WlvIPBeavq2vk/Cbhv+7XZsrHLb7ZEQybmmaysdAcU2VugUpBsJgBgNUFGicj16E4Khyz2LrIaIIMqwBB+pQZxvPHfJtui66a91xnKruX211d1DFf26WEihg6MGAfuJED0xutmSjLt77KRYhVqtDGxarF0kkV3IxKqJCj1w2pwsCsNBOrSylW0xEEJ6+hOOc8o8i5TacVw/BcXuuX5Xld7aKtpseP2SG/c37i2wMqVVUKWZpGoj4kTuv9A3N+1+zX293W84r7f8SWK1cnar2Ub/AMt3SJpR9xyJq00kglaIGU4AMyI/w/toUwTln8yPxwHhS7KxY5FiACQRlIzwNP1dsADUZAzHSQM88IWVYtYKC0EK0gMQ+liRq6dQcU7kbV+O4c2V/wDzLU0GxWYg+2Il9UZR/wA8FjxzcxvRKXWWIlgNyMFsbIEAD1HQYG2HiPF1AnQXO2oLsUJUMxKwBAB+XXHFfb/zHjuQ+43264pK9vxm13O7ZfKvH9rlFPGctcXG94+kT7dFxZVACoVGNlS/mvMeH8hcEji/LuD3fHudw9elq23u2XebOykuTEWzGcDCHxb7xeDDlGoZhR/9i4zabj2LVC2qK+RspHc2cH0GC3mH3a+13i+x26nd2B/IuB2qsI1bnc27ejfX7/f7u1T9bmxs+z4HecR9puB5770ctt/c0cqL18R8UruHuiqvb7/kqb+R5Gqmwd5q2tIeQVeMscp4/wCSeX2eDfbfki9TfbzwQ3cLxe82ZvNlW18g5A3Wcz5CE0js3FwpylaVBzXcqLgbLc0XuIBKlgYBY6goH5Yu8mb2tzWNs9ZqJTUx9sgsFCMXZXT8sbi0cfdZwj7iwU7zQ2lNLA6X1RpOkhRJzOEsZHLxkDX3Kw6jKRl64K6MtJEuF0/EZqIDfI4C5MoAkhIJEdYC5CfnhhIYiPpJzyn+U5kDA6+sxM5f3jHG+ReK8tyXB+QcLvKOQ4rmOI3d+x5Tjd9trBbt93st1trK7qdxU6ypUj4euOB+0f8AvkXebinZjb8dwn3u4jYNuty9aD2NXn/GbcpZYaKqq9W/2tb2WgE2VAjUeJ8x+2XnvjHlfivKiqzac7wHLbfluONVmtv1n2tj+wykqprfRYgPcAZxdUt+1vSomtbqLVet4P6bJ3sSHRgRmQR0JwFtyY6SNXuDtACgr0BBcQYyByxyPK8vyOy4nidhtrd1yHKcluatlx+y29JJus3G63MVVqEUxmO4R1ywn28+1e33Z8Dfl6X8h8wcNVd5TXRZejbbiahpto4IbjQfcYqbNMkFCDjbbmhGHG77ZrbVaQ6iGyZESAobUoAHp6ZYRQLCbFOlSpaVYdyuSR7YjOfl8sXWOqDcsHSmxU0kuDmti5dI/DFi28e7Vk+4tuk2oyMMgSOysLH8euCz7ZUZYh2AmxBlDSIBxXRVtoYpOhNTagIJcEQcv4YF214y4oim0zWyuyEKrRqzYQemOH8z8A5XyfxTyvhr0v43m+D3F+z3lTqwsIZ0IR6Xz11srIVkFW6Y2S/7p/t4/mHGbGimtvOPCNquz8hJpQltxznA2Muy3VpQF2ep6GsaO0TnXZwX3p4TguQa5KW4Xzmt/EOYo3G4Optu9fJvXRetZhddTuoORONryPHeeeH37bdWVLs91t/JuItq3FzHUlFLV7sp3q0jSNRGWNvyW88t8eo/c1tfuK7uU2Wyq2JDsiUe9uN37e49wQxCHShaOuWNzu/NfurwHLc1Wlo2viXh19XkvkW7tCmKa9rx9j7an3HGkNa6JW2RJ645H7X+Bcduvtl9k95dp5Ph6t1r8l8tSvcBKE8i31AKUcYYDjaV6gG+stli73F9mxWem2g6lKOApMqyofQGMgD6YJJBMfH+GQwMicxgjpBP9nEEtqOQHpHWZP8AhhdwwgT2yYkT19cNCBkIUlwWLyDPa2WQ6RGEisz/ACwskr/MXMgqoAHxwvMctsXs8X4u2q68Ohrr3LpqYhDp16NEdJk4a7TTx3GbDaRVVQrVLC1e2gChAzuZkZ5HG+qW+6jZ3XMtFTISHVSFJLESpYnP44pqvqq9tbshBV7EQLqkGCuoDInqcVW8XXdtN4jKLdVuvUVglsmOlQenTrijnuQ4KjnNttgqVV7hUYqTrAgsrywYETHQY3fL38PXxlLOBXRQqIUUKAHrFKVQZPrOPdZFvpYoNJ+qrSWgBDrBGkD09MWPUv7bcD9T3EUpIOZBrJgkvn1AxtLDU262Dsp1irU+snumC2WWNxs66VrcAspep0I1DsUMyqNQOWU4Hi6cluqeOpvQfttYCOLmKEoGMWAlpOWWLq+fu2nK7HmdvuL9NdRTdbW1k7SpUDoQpHTHNcDbsnG2W3cUUWbqgPq20o1dlDXTpuUiPcHdpyGWGb2yrO8KIUK09MtP8x6YOoZAkAhu/Vl9RjNc+mD+kzCxjlLywRe0alIgKwnL1wrlToJGoF2LGfiBpn54UmlEVNLM0lWz6sJkmD6euNQ1woCZ9zZkS9akAFtQkTI+WF5n7Jfc7zH7f8j71b7qrx3lrqOO5B1DvWOT4azXxu/AVtOmyspHpirivKn+1XmVvEIu03D8t4Zs693bYlaFl3O/4HktnWbDr9whB2s8Dphm8e+2/wBqKzSl7Nds+H53lL9vt6Ns+63G4G03HOgimnbVuzEq6IVk4r5j72/c3lOR+3XB7z91T4F45Svjvg67pAvs3XcPxqrVyG426MALdy99itJUrMY2lVO2KJUi1jUZCglhKggn+b+GON+4O2rqd+BNZtFNys3s2WVgCzSRqDR0jtxRtQX1lTW/bHdpVCOp+lmJxpuUvW0ModzMMBkBpME4u2n7et63R0yU6lAiRJgkgnrGLW9m69mBIr9zSi5jsJXMkz8sJbtuOrpIEGwL7jErlomzUczllHXFaHbLpsB7BLqNQE9ST3EYps3G0qtrgGytl0yzEHVJkDSDjdcRtKjbs92NFlJKqjKUIOn9OwD6v7sOz7QE2taSCyKQXZnlita6is/LFPsbvc1V09yhN1aAIk6YLnSykSrDNcV7Xk97yl9R29Wpdxvb7SKiFsFqF7WAhwDjccjwlFVfP7Sq6xL6YF15WsmLJdJYN1zOeOR4zkNqat3t917L1lnR69MhmZgYaXAwWt9xrCHaxrCST2xmTMszZz8MR8gf44kYJPrjVlAMHMT/AAJBP9jAxXSFOknVYwg6UX6if44VUCwuhQQhBZI7iNTHq2G0qvaerJLKD8f49MbavaUP/o6XJ+7vAiU11lkGRBUfAYo47itlpvSitdxcqFGJ0SQTlqJME5R+GNvuOF2FjbPaPZ++VnXTYtYRZ0xkVJGZxbyFW/uW6tmsv21qVqVYMIRAkSJ9BlgpvUem6gLtmL1EBkXW4t1hoGkkZ/EYRK7QKbLFW5mIdXpQAtoJYgO2NnxVdtV253ZrVayFkMx1LBDSrDUYiIJxzHK8J47ym4fgdm/Jcrv9vW5or49WUtuCGbup2tNhstInSoJIAE4Pu7cpJKdzqUY/UPZKqwsSB2v1b8sIq7Y1LeAmu5VUIsgh5cLk0fDHH7Tb2M2929ZbcMrhqw7IZgITEt0wVekWJUispsrJgIsltcZEDFfKVhFsrsPahfVUf5mVBA7QI/PD8Z5erU8hoKbXcXOBWQamCqquxFZrC5x1GOT2fge12NfN+N17jcbR6dBO/oWp7GqtYGWWwICD1VgcbrhuVoba8lxe4u2e5oYHVXutqURyw/lYMDpgnLPrgwC2fopiWk+sdYwAwVaq4MiuGEyNMxENinbbHa3bvcWQiV01mxjYpEqAgcgmY6YTe8qj+Mcc2h0/cbZffY6S0qjEKDGUx0wj+VDeeQ21VqbG3TGQzMx0KirQoUiCABkMXrs/FkrS4lFsRnSytQGAYD3J1FWj8MbjlPtzuWv22b3cTfWpfSqsx02KslmOROZxXxtPj3LbHc3Gygbqr3KAq2KabaWsUy9Vi5EEQwMHFO25Cgpye7dbdxYiNW369mspOmYQLpjpAxt9pSo1vaKwG0hVLkKJLghRJ69MeceDXqb94PHbuU21+0sG7qsitn0Fayyh9VXQZ54uTkVan9tvn2zo4KlLaSQ/ug9M0k4parqa002L25gDMNAME9I9cPZpdHAYn3JPuapmMidLHB9xKwztqqYs+o9QdRyJMHCMUHUMQhgEgzI1GdWXU+uFPt1sPRhWTB1D1BADCOuK7lpHt9oYANLBV+pZBAJb54LEiv29PthaVcvGbB3DKUZQZy+rocILWequ5xFiiDWehy6wQ2eLeR4+jcbriaBtk3fIe042O3v3DCrbUW7kVmhb9w0+2haWgxkpiuxpBdjQz2WKVes6QFB0khe2PwON3e/J7avkAGsp263VnXqrlqgn82o5HKMbryvgK669/UyV7waxSt4iAXyAAV4LNkQB1xuNtfpF9F9tNxS02K7UsaWAaSYDCc8fl/aT/D8fnj9xaP1b2Q9qywrMQAfRSQZwEsTRYqkj1EzkS2lVKjqfljj/AB7h9lbdQ9ivvt7XRYduK3KKSlwUobVXPTMgZnHH7Ojjqw6U1G2xUOuywVoIL5j65J+ZxVs3oL1vCKoBUgEAgMehKDL8sbzZcjx9V+33VDU2K6VlTVpNcklT+pI1Ez1xvLEFm74Hfl99xnt0MzmbHdtufZBBalHE5xpHxx+/2VBNDDSyojVvW4Gk9rrIBYT3ehxTWUapls9yBpYDp3NIM5H1xtXFlabisiz3RoXVYBLHSAAueeURjkdqlr73acjxzUc1xv7lKhv9iStN6yFLiv2GatyrKWWyGkZY3tfG7tr+Mp3DXcbt9zYXu2SNabP2Vkw7ewpKqTkR0xsOF4+3YrvL6l221SWqrQw7G7eXViyzb0UhId27VUg9Bjd7PkCBbQyGxKr13FekzFguQkNW5U6QYJGcZ4sWsJrdGJeSS0iCuZiczli2q0wttlhAk5MBkAIIgxjb7zjd1elotCJUjNrXOJAA1SwbFHlG73W4uTd120bwXV2F663UprJcFyoW09fUCMeW7m/abgcby/J37/Z740WV7ewbh9T+y+lA7A5EZxhKaNrddc+mK6UstdoAIIrRSyrpYaiTC+uNte+wbheJf2m3G43XuJY+3fW7GtG9tNa6Mpb1xVurOOr5bk6lHubzeoLAL2csxQOzqNH4EYoo2lFdZQ9yrWiVB0BAQEFFGUSIwRfuNuthUgIjqbDaDCppHqB1wpO6se0dzVV1sCYyKy3Qk5YRAlhaGJW2sO3f1BPdAzwN3+zpN1el2JFYsrYNKtpOqJ+YwlNYYViWhoklyIMqF7VnIYqKFjKor6TpTWrgAyrlvTG72O6sr3e35DanabkbnRaWFtZrKBrnJVmVoHwxu/NvHuJsbxLyK99xa+3UtttjuLQ/urdo7V/VGEovC2odK1lkcLWzMIObBZ/ERi7cbneL7rQFrdiK2OljpHcrahpwjVVFlrIC9zHWD1cAnsA6Qc88I9lWnWVVch3dvQEsM5MYco2pUP0kgFdLKGnSx9G/KMfsbnRKVIQFiSozg6SXJJMRmDhhA9lyGr0wRJAJUZHKMa7HZELyVYycyDpC5yC0R6g5jpjh/srwHHcVwXg2w58eU726mkXeQc55BZQ2z/cclytor3Nm1VLCFpnQsAxPWmtrS61HMFs2JI1HtjMGMDe08sNluHrWxNvdcVLOSQsMWbQMgchn0xvuO5Pj05GhqrV3NzvkTPfZqZCCA/8AliemLbtnQ9PGcuv7zaqE0V+6xPv5ZkWE5n0xl8Ac/mP7SihRlrUuSsjSMzl84wiKIVRpGj/pE5gEwccf4/wuxt3m/wCTvq221qprcMXZhS12Sn9GovLfEA+uOLs5HbJdzW+prv3TuEVktvRLHKKZdJmDnMZYUJUFULmqrkJKgemCCncbGMdVIBlSswPTAZFkwS6BAU1KBOeecRg7LyXgtru1ZWNNldC1W0Mx0u9bLmhcKCf4Y3bcbyvLcZ+6sbcE7RNrdVWCohDt7yusgeoIxfuOA+4b2JYunb/6rxEEMO4Lb+23LLZ3ZFoGXph+UO04fynYUarLF4PkbKNxdpDOgTaWVLpYgBdGrKeuLbuR8T5Tx7YU1Ptnpr1NuK11oAtyldYLspzEgx1wlPIcyOLNlk7j3qbGsqlG0H21ZLSQ5EkT+eK+Q8O+5vD+Q2b3xvlt3ye3FG94C/j9qtQst2AvvJG/t5HZFWrFfc8EKDDRtdqy8ftk02FrabSbd6mtKq23wS5BTTtfbC1AAjSTImZHu3VNY1i1aUnQrWZDRAjRHqTj3arR32NrrYgEAE5mJIJ9MH91RbumSbERwHREl2OpWEHtHT8MXfttoKxasWZKCSBACVZD25HTH+keQcQt9e13Xube2qtU3cVoDpLoilyYIEfIYpv2vi62bisIv7vkVWxyh1EhVdXcKQVPRfwywmx2FVKLUkAhFLwV1Mh0ogCyIGAqNr3BBJCsAkjohVFZpPx+OGp2qbj29WpVCWGwwZCKF65+vwxTuaeNu97UtqC2R+q/e1hJU5oc4wbnoqSxyxss1kGTJYs8qEdmOWWHaosxMPXqvOk6mgow0sxAmZyxYDdTZUCtgtBZbXAM6dIUZD8c8JVv6LokQa1YoobNXYmSBlhdVsMGVkVlZQ2oiOijODj3wKvbDAra0nuGZZk9vNV/9XTHJeOc/wAdRu9vvNtdXt33NC2UVOa2WuwoSxFgY9Pzxbz3GbVue8Z3D2XtZxm1cf6fXqLMj1KWOhAQQfl6YauyxaxUGLgq6A1L22T00lAB85OGWokmsSQFWTHr9JJXFaMJJUMghQ2o6lCmNOlvbXH3D835HkLfH/D/AATx7c7/AJLl7aCKtxylw9vieD2jONF3Ib+6Mlkhc/XDXI/t2a4KRoKgiV016Vkfh0w9d7giswCZBC/KQMvwwF7tIUHSLNXvH0MgEAiDkMVVq0McijfXHSCBLZL8R0xRt/Dftz5Rzu2Ntere7fit3Vsqww1Bm3t1KbYpBk93QY2m/wDO7hw23WlXo4vi7Dc23bt1LeXZa2JmTpMSMsb/AGu3vqSvZ1xUgrGrcOjlFNvUM1oGX+VvjjxTlN1tF2/P/wCpDZOUCIWTQy2WOgAILqhH4jBXMxIn+4f3f1jX7BO5NysNx7hVVoCFTV7AWNZeDq1fKPXAgZj8xP5nH/56/wD8v6lm7tlWiaQJBaBAH4E5YorSthba2hVVWc62OmAACSSTA+eON+6nmWxnl+Qp21nHbHdUH/4VdlgapqjY2kPpIctHVvlikU7YwABp0ViNOYXUPoluvqcVH2nK9qnJWClhB1D1AjLCkLqIdl9CQv0ggnt7v+OEZFKqQVYkAJn1JKwQYPX5YUqpUVodZECT1WCpmJxTrXMgFZQgaGWA2omAUfG3T25RdIUmsN2PqIDo0Syg/V1OLuf5F324d22+2bbJ7bVvaLP1NzVYgqsRwJ+qYmMX7DyDi+M8k2u6ipU3ezruFqMPbEqYIetDAESpxbdwXHP4lz22se/acnQ2tUfWpSi5SH92k6dOhlgCQM8bjiOY4zc89s+Povt8e5ziNjZuqm2nuoLOI5IWRutu1bWmzbiwlUUMMPwPN7XdV2Ub17n3O9o12U0aK1TaVua0epVvUsUFjoF9BnhNot4XdIaywQlvcts7lZq5PqJ64S/cMa1tKpSHRiF1NpVmkwwIMfPG78h3G3Syncs37Uvt2qvIAZWddWXsNWe0dT1wWUW6wQdJXSdVg1QOhbSTP4YvT9hXc99dddltlC2W7Upu9tuS9ABB91k27APmRqj1xYKVHaFXQwCspAhngdwWR6Th66yLb4ljWf537VAOeanAF+19o3jQ9tqEtqZv/ZAJUhVEyMVsdkHcFWF1iw7EKQTmemrCfoVN7aS2hURlIEAZqenr8cIadvT7RJaxXKSzOB7ZrKwZRsz6fDDAmtzphNYOoLpYaYMhoExhxVTVYtRZXLKrloHaoLQcz+eeLEsqNVyg1mj2wASM2mR/kWAcWXVyHVkFlLsCQJAX2uh0uM8sgcVbe1bvZsdpHuTXomCpM5jFYrXUhAYFQpD6iwgoTHYqgfniza8nx9G921ytXZt9zWj1OjL7baq3BQjSc/jh/KftBdxnh3NBb23nEXVunF726VdXHtFhVY5r7dICz1xWfOfMPHfHdnM2DYNZyO+9r3YDR+kq6gAVk9Oozxtdxzm23XnXIVWV23bzyLcaNgWizWu343a6qxAzUsTn1+GOO+1p+3Pj9Xjib67mOW45djR+35LeRWm0uvRUVbDtqUATUTBz64L2fbTidkRYXc7H9zsrSTLFFG03FaJAmJ9MW7qjZeQ8PVWQ1tPH+W31axJLhKd7YHcGf5SygevXCbneeK8lzxLldPKeVcju1BriGaim36SR69pwicD9l/tztrq60vN254Tacjc4JH6rXb2jcqGzgjKDmYOF2nC8bx3F7WgBKNtxey2m029Sl1hRRRXVUsKYBAkgYtBpSyIZnsrSD2ke3plZE/A9cbyxaqa0FbM9FaLXAgDIhmUkdQSZBx49tddgD8raK6mbUStNdxJIIkMGIn44/IfD1E+n4/1cgf6yg9CwB/Mxiqpi1KipG1K5SwwQw0iMwYj8DjYbve7bcW+LeN7urdb26xQ1e4vr3VbrULLQAwUNmMcXxO0oFOz2NNW1oRFgLVUERQVkqI09cKPbVSsBRAEzJlwIkwcKDSCI+oCBqAgZH44QqqrqZZTVBDAgwZykRgKO4hmVgO5SoDPp/HtI/PALVMF0ozhhmqqIIcfyuSemDZKnsKhSR/2yPVT/ADQcoxWttAV1YMzK0EqDKDV3T8xjb8JTtwm0pr1W11garfbeQ5ZytbWlSVH44d3a5Va1bUlZelWIL16gvbaygERIOmMJXzm32um232WuVVquKEs+qK8pBIk4/wBIq2dNm2apPdquWjc13GXYXWbfco4YWUsqkEEECcXv5L9tuB225ZpO/wCL26bHdM3pZFAWqLVJBGgZ4blvt15NvvGeUq76tvyFI3WzsJPuCh7KCphnAhnEgZYO6+5G64nm9hsPabY7TapZDWizWWtrsrIfOMpiBinjOP21W12dSJ7NVSgIfbXRkAYUhTHyxSl6fp2A0DtDKzMNaup/lcj19MOtCtWodNILJ3LPQMV1RhVXa0parPodILD3D+osnKLIznp6Y1WbVdasHL2BCAAZb00mThCdmjeyZVVCVgr07TpzJUyPwwoRFAWBAKsBlIMsJy+HywQUVVKwxKAsS2Qb8MbrTxXG762/ZXbVDyW3G7r29d9eg7nb0Fq6qt7V1rc69JgxhdzXs7RtWtWsbizbxXbYwVbEE0qljQnc3UyemKdkninC8Xy1G795ud4n97s3t242w23+m38Z71nHEF0FrWqiWM8kk4dv26h+5jYFUuxfIDURIEjFAZZdbW16UVsgZVSQOgGKrY9sAllVSFBbVIUiJEnG3ZrLLbNOZsVdarEQRGnSAMssJ2qSE7u2CQSGmZiTOeP01IKIWCso0MQJKtMk5RhHtrr9x9XuhGZ1ZFI0GCoAODbo0JSNEaRpkiVAnOD6nFlpAmyRpkEKBER0GcYe25ht1km61K0Yqlawp0sE1OQSp7s8J7u3KK4FlNtiaXapo0NCnuRuuXrgoyhQ5HeCMgc8jP1Ytut21G5ApsrVd0LNai4BV3NTVMgaykjsViy9xJHTDBnZACDZlqRHHqSMtK1mfywCj7exy7mxpfUVBmUBEDVHxxvtrUwqNy26rV+qlQFBBP0nNpxw/E0E/suOp3Lg9v6t5IVru0mA/oMAfgMDOZ/qRE5/H+snyZSfwBBP92OG4Xjvev3vJbnbbWlK6wzC2x1CopMZhDMT0x47RbsPa5nltrt+Q5K21QLfe3SG8jWuZLM3xyIwa1rZsgJZe2SswSB8cKfbJIVTmApBHrJktnhdatpUdFWRqAzmBlBOB2Eqc4LLrNnUHMAga+uEJQqwdj+kxCrIKSw0/qDv6fLElNVnVozWYIBM9TJGEZGrDA6bK2VSzZQYBznV/fgwrIBOnSumS2jIyPlihrKlt2ocG2ti2qNfeVIghmHr6YY+P8Pwabva8au6rqsroutW5K/euptuZfesG6TUuue1mwtvGe9s7zNVm0tUf/HtRjqOsKNdZ0nSeuWNxut3tN1bTVpSrenbtbT7ZBCMtgD9giIMRE4ew0J7jMVNoQyVXPUhGREn4HEDXuALfdWtyR3jNYYjsQnpOJeoF7NTaNKlaiRLAH1gDHt7fSo06EUrmNQgt0kCM8X3a72ZULV1vpKUZQVrBkhZH9+AjEWENBcg5R+I9MEOi98MzemnLOAsgH5Yq9xKayRmKlhsmIEkidUfPFTCtQu2cPUA8A2ma9D9R7IBkfA44/nvKNyNptuStYbTi9g+13PK21lCDfYhtNdFYuX+dpg5KMatuLBUDFS26Cy1fyhivbq6Y090lliMxJOQyj19JnGyG9Frb3feROdnUK2Va/2xm/3HusAUvU40FZBOWGVUEK3WdKv6dBIGlfywWKMDrJc63Mr/AC6dIKxOLn9krZ3MTIBMjP0xXa1cqloGkQWzIgsSMzPTBsYKk9ixkPbQEAEAH44QQDGfoSJXrHXMYHuIJGSggj6shEATOeHQglK4Qan1EwRB6HIAf34WpQO4AmPnnpPSdU/34DIurSq5IMwvTVAjIEYZiZKq+tQpBdQxKLM9SWj8DjMmCoCgLrFWQ7rPRVWYz+GKW8p5bb8b47siu85CzdOKHvrrft2u3srD2E2gCQBms4FPhVaU8DRttttqjUrpVvN/VoN9ta3abRXoYoQQA+nVhkXSUJYQMx3DSydehnDrVpWRYjlukjLp8MvyxydhCnVtbHYuAgBdDAXPMMF/uxydVLEV8ellOiICsbmDgZ5w6nE/+JxmSf6rrv8AcWbWn2biltW3/dP7y1uaaxUbaFC2WQCxYaRnB6YbT9M5fh/UnHH8pu9o9vB+HXbffXWMuqk71vZ0kqyGpvbq9DnnjY7TbVVJVTt60VQCoUKoiOnQHLBMIilgUC1sGAUH6y7MJPwwGU5MgyLBRqzygDIGMBFV4sUtrAOmRBbMZZZRidGqxm7u6NWg6svgQRisKKwDI7pJGZORU9BP44CqAIIYjp0MwCR1OCfaAhiSWHzJyMT/AH4dW/TjNSlVjlnz0JC5TYYUSR3EY9/cIm12NDkJbuAqNrQK9jpUzk2IslW9VbLPrh+A4Z39nj9w3/zdso2x00qUsWsLBbVYTOokfLF1nGcJynJl1Fr3bLau4ysDliyZB1B6D6hkcX8P5Pwtux5HfbxpHL7SxdudppItU7M6dXbOnTK55xje2cE+3vptssuO82FFlHHE3N7vs7Xb3ktTXTq0x0LThqb6vqIPuoFWSMtDx3EzhyF0MgJykyOqzOfac8V1K/v3wwe4hFUycjCOQAoOeWNzArF6IlbsI6x9S/ET1wEGlyXZLEbUALA4GtTkYdThWC1KQ4A7XJAy7QZzBE4WsMjZgsTKhVIkmcs5w/L87wB5vxzxvZX8rzG2Xdbfbm2n2bUoCLfan7pltIJQESOmN9vuL46viOI3Ft1nH8ere6m3oV/bSoWNqLXWaSx6Z5RlhYEy4Uj1IymOmeGCJZUFlWMZ6pjtBy1/A9RjhfGbrwu04F1OyPs11O5qVVU2lQfcK1ggk/HBbUrSAuSMDBaYn4Fs5xclRqYKH9wamLizRrAzAgN/dhSAQCqoQWYgywk59DGNC1SIE5SSQ7AEnV6RhF9vSuZJEz1H5ZDH/bgTEmVY9O4H4ZeuAGCtodWWCDECQDPU/HFeUXMpdAR1+LfMgYJeDqYKgkj6sgWboonP4Y4vyLkdg+14vmpr2Dm6trbZDW1GyrXqpFtYJGr0GGYMuogrpkhmA+ldETIj8cWNbSlljVu3cxX2/WVzBk/OfwwrF3DuCdC6yqj0VwgJyjI4UWKJIsIapnyChVDMrjUrsWj8OmLGGgIQhSDJIgOSwOQ7hGWLXJlnV9IRpIawwSVmQRq6Y3y7ncrp2+yvOuAQgFdigs2R0rP8ceacizq6Jytu1rYLGv2C3uOubAoXsPr6YPxGf/j8v6oGWZAzMDPLM+gwyMVLK2k6XDg/MFciD/TW7oVS0E1MQQLFBKlkJABAYQfn/QtNSs9trpVWiKWZ3d1RVVQCSzMQAPXHG+T8tslo8h8rSvl95ZdVFwFqrfVSC2YVRbByjLCVINJCqNQX5yQPhnhHcLKsAoIkNJOZjoYxoWcisQpCyczHwAJwFgmbI1ZgKAM1J9A0dfTElTWjElSCZ/VJTPTnkWwpCyCzKAZB7Tp1S2kgQB8sINYsKjV1cQGILh1IgQ0ROIVGfTL/AKYU6VAVZKqcpZvzw1fFUvZuqyXUEpWDZWVsrUFyATqzGDuNxvNe8a+vc8invO1tddwes1hwxBCgr9Oc4uet/ZJKlqszq7QCoY/U7ESfXG7pte9NqygVU11sdo1wWbFYhtKWoB6r0nPHH7Tb7SvceP8AINTZvLfYD2ruabSRXXbct1ak1Z6Sg1es4S3g95vLLdzRWeR2+72O02lW0sKqbdptjWlaWD3EHeFHXFlrlxVtwxYadWZBLuNKnWdXSMOul3DkMSG0tH1oIIkz6/DDOGsp9oaDHpq7jqJkAZfhixF/VRmyQES2U6jHQQMsKWr09qgkHU4ZQZJ9cz64ZnDVkRmVnWyEaIGf1A4FliQAoDyYVl+kj4Dt6YGx2LPVtRWV3FVbuw3K2MTFofIhT8TGK9Qsv0sj6mAQtYqkAnSYAjLCTpUf92IOT/CZ+GNCdFYOQoBbUIyjpPrnhnStrW1LCPpXSCQHJIkINPxxYVZFldKlSraUJkxH8wOWJ1Bu7NhkSukAA9CTnjb0jNWskRMmGBIg54NUqpBId5yIJgQfT/nirMiSbAQzrPSAYmc8IWB1EKxMls3lAAesaQZwAoLFmNdkD6ApjUx9J9PjimoIaVqr9pmDaZkuGbWAYyfp/wAscBw3KOtHGXbhLdxfcSFto26vY1DXNCobvZ0gmInG08c4tweH8ZUUoaCrUbjeNWEuFUSvt00AUjMwZOBddWSzIbBq0lqz/OYLDU4B6dcXUmh6k2tr1LbY9R96sopFgRWlV1MRDAHLBCuVdpUEdzAr1bSJyz/DBDNnlqGkDWTkJMysdY9MO61BoaAdUqojSZB/DF1jNWtVVbuzmArMEaQWPTrP5Y5w271Kr97TbtdmikMxttWK3C6W1Z+nSDOOR5O2z3bN/uLt2zxA13PrI/Eg4Y+mk/1up/pAZmIWdILEhZ+AJMYH44+3/j19Yt2bc3td9vUZdSGjZ312wyz3AsBljx7i9lXXVXs+N2u30ogGltIER8lXG4N+2NAp3dtFL+/U/vbVEqavdwo7desnT19MaCJgoVzgx6mOpGeIVwTCkCM9Xwn0zwytkjCWb/KSco/GMBhmpBrH5GdWWY6ZYWT/ADZZnoAOkmcVg2Fra5kuNAvmxikkdP04/hjfDfgrv921G1qSsJ7S7cnXbaWI1C06NI+f44bcUchRedxWllVljJU5tuYAlNTqewZR6Y3Ow5He10pdRa7qLKha1dFbvpVoaCzFczjVSFZJlFChW0xIJb+Z+7MxjbkbncWvySpyFtVq11Cp7Y/7a194U/8AUZONlx59w2O9m6EupV3zqXUGkh/QGMWKAvcWsjTHUkaC3xBB/LFptJqZydMScjOYWSIg4tKwxNhOodTlGWZMYaQosetcxW8OWQyHH8xn+GHtZCrqfZ0AMNS/5gDmpk9fXDWsoEGBJlmPwXqJHzwzCtk1GGBE6nymT6DABz1CNA7SASe4j+b8MNoXVJ0dAg0jp69xY+vphe3UoZdTFf8AtZHL/qk+uICqwmSSNWn0/hngGkk6tUhatKiOmpoPacCqxAvuVWMWrAt1aQBLlY0dx6Hrj266xpYMFcBdCqFJDMMmkx/HDhQIDIFj1EQSRGR1LibZpVfcsqs+oglSNHSO6Y+WKUsCCt2HuFrIAVAGLMegUQZOK7awrhtLroK2IEs+mDAAB0H8cDSpBAgDSoggEL06fVglQrX3e2l8KP00ACiGAgyBM/E4skZxlqHUBhIz+HXFm5toFtt+39rbrazBa9BINqkHMEZRhrrbPcdGMjMqXBLNOUEyZJHUnCn3CiHWTWYhtVgkZLILevqRi/6UNtjO3aGzaCTJljn8ScsWKtjKLU9s3iQyKVZW0xEEhuuCKySASSZYy6rpLw2eZExPXDogLrpsOsyYMAhnAiRjk+W3+8/b0bWi28UN2JbpWxSrA5jUy/wON7xOy3hu4jh91cAKnb2mv1wtYALL+kK4GDLaRnA6j5D8cH/0/EH0+XSf7Ifjjxz9ylLO1AXbteQFRjfWLCCfXRjjgPaJNFFg9omBoXLUT1zbCkLURbqWxhkV0n6hPUnV1wrBdREKWYQVSQZBOXUYLAMV7Tq1DV0EA5iZnBdSSq9hBykgrMg/CcACBDEmMl6SQR1P/PCMx6dykTqDT8ekZYDh65rrPdaSF7FadR6aTgEOp7VjSTByElYntB+WKlovtU1Vhga7mWHBnt7R1mfywKG3d11jNpFt7ksAxgIGYZr6Z4uTcbirbWbn9Wu1LBK6QHsCFdUGY1Z5gYTjed225uWhWq22526S+lK1RVcOwOicgfnje8yW9nb6a9vtKA8su3oGVjVBzpuJ9fhi5hqBJA0FtQKouTn5thASINYCyoYCRpIHr0OCAztL6liFERnkOueEXUS2k5liWAg/BR1wzBy5Ofd9S6c8vhkMsBCXcM4I1GQQASYkCD6YNdbFRWbCQAQYLdDlBM4rWVDIQ7dgLNo1aDrkEdxz+WKKzQtm4sYKldH0i1jo9pQQWVCMx6ycJyu72u22FNO1tvs2283ldW4FdaFwLNuAypY6/SC3U54NKI+kKxFrIgBZGIdPUhkMTjhdlyOz/f7e7kdul9LMF1bc6yz91bA17Z11QpUtMTjhreJ4bZbC2zcbwXW01aCUrFLKHgqLFLODJ9cWstlxNpqLS7EKKFKVpUpc1okMSYGZOLJRFIjRpEEkk/8AcPqMbr23LChIZCe3W2oBR0Ort/DADommuvSwhWT0DqUIIaRMiIOEcVj2VUqhVOkiAERQqhayMp+JjEFncKqyzAIX1DSVIX/LPrhwCXVWVoclgiAZD4mTOEGekjvbTqdVLDURA6mYxTQWTRVURSpDKw1BoZiozbQcvngBWVNPa3aCpyMNBUZ5Z4ZyVaNJkg6SdBEx+OGLxqIkkZKQc5GeQH/DG/5AE1bfZqXs924aTAJC1pkSW6YNg0iADk2RUHUCAD6j0+OL7bN0tbGtyRLVyIbtzHc2WQGOU4rjOUrfc3B6KK9vbqHuEGp/clv+oHpE43vIbqzXfvbnuex3Es72PY0SFyl8Rn+WJyjP+7+spZSNQkSrCQZggkAMDBzEjL+r4t5btb7Kf9O5Ta/uWQwTs7LUTcx3LLLXmPmMeP8AI1cou5G52O0L212sXTWkBgBK5MJxWASukVyUbsIfPSCfUevzwAXBDkKVk5iQfj8cK/uCAFGkAkqv8wmTmcKjBZYnUwWVPwEiII9cG4suk2BUEwYg+4YkHSZMYALKK84DKfc6+sEDpgZDNGkEEpnCkOCSNJUnCNDK4JhuiwVkDqQF1dPlgHuWGMFv5WHV2PopnLBsNzKwKgKrHSpVhmPiMCgH3F6qxOoo5mSSeinBUuGsZVcgAFZmWaTImRg3LuClxgpSqjSVzLZj1f0wxvUoTq0lWnVmQdeWRC4dkKvXUc9J1MrMDGoH0IxrDdJIPovyPoIxEzWoIIaJB+UehwCuWYWB1k5gCT1I6YTSGA1MZ06jChjCwZzY4DU+9TZaFYvpAaFYBlIKmDZJxpZ9bEdwCELUG6B2zllnPFvnHKNt7d3b7+32YvCijZU7ZobdanEJayEgN1Aw+047dbj/AEvaVXbamtLz+13DUm2b2TUBa7sgADAjpGHOrUzszAnoNRUEdPWMPueb29c27TTtt6EdxtNzS+uq1YBUa9ZU+meNptuJ337qnYce233FoLWbdrDa9hWpSApKrkxAzIHwwA2gIUGlgACvqAfgPhiywOmn0ciS0TIB6ZY3t5GkMxYamnXoJIHQdGM4stkvZZeSEk6TrbVq6zpzxWHCQNSkCZ7gCsZx249pQS6wzOUhCDBEGY1TjUHCAESCs9xjP8wMh8sEDJFbSurQG6E5Q0npgdYCMCGJBzJkSTlJP4YOlfb0HMGX1EjLOYWB1n4/LDZHVplp+iNMKQf8x/44sYOFWFBUgtrAgFRnlng1awqudPtoSiZSZMGDEeuLtw24ppRBYhcuBoNcl21FvgIxynH7Xka91uwHoAqv12M5rUqlKlz+odU5emN9ynL7q9i+4st2m21u23pB9ksVVyVEoP8A+sHGkkHS0qMsszn+YwCQeokwYgz69Bhl9IaB/wAvj/WrFtj2CpBVWGYkV1qSVRJ+lAWOQy/q6c4JB65ZZ9PnjbeB+W8p7XA331V8buNza/t1oW1WbR3dmCtq7lMRpJ6Rjb7zh93t+RpvFZNlFi3aSVZ11kCdJjqs4Qrao7ASSwIB+pgTE5AHB0uveoGomFYEZE+gEYStrNNhVSYOoTnrMkdSCMStqgwTXrAGsp2uwIJHcwwvuMA0ZwTAz6dM4xpNgKKwDAhu45/SxGYwdNhARoIMypJlR09QcOrWNoKMDpyMkjTGXpjQC41Ap+r9R0iQ055zhUZ5A7m+Nk+h/wAoEYL7ul7oQqtdNnt6mC9s5HSDnOHrqZ0UKdCu6MKxBhA+UlfwwQTaWd4YlQ6gNGkgDp/xxe5ZAXYrU3t6GClG9wsZgtqj8MWBng2NqhTJIYLmPhEYZyjBgATY7J7YAT3JnUZgdZ+GHuorvWhLtI3DoqLeUAZnoViHNWv+YjCupsipWEAKwc9ZYaV04DuNRgMsgKF6ZDOMV0F69lRcHS/dbgj2KqtWpmayY1wmU9Tg+A8RVsU2OwWnb7nktnZCbobYrIrp0foi1s3JJLN0wzFnY6i1fuMdWqZaW9f+WC5b3ArINKKC3d6wPhhraWFdrIA57ASK5ZASwAGgiR8DjWLQWEMG7WLKyKSWIybUWJxOsK2kMCSstGbaVgjpP4YJFrErlJAHUsTCgAeuPrM2u8a2glWkZCOmrCWGxiSD2rpKghR1JUsAcCBqJRmVYk6ggMj8IxrIbSzQ7OQrBiZC6fgQZGDq6FlMsQrDTOTAkGTOArEFfpUH+UdZB66pHXFm737BtptFcn3CSbiVKrWPSFjqfXFz0l66nuYJVlCrmJWPQ6evrh4YqmgfVlIEdMs/xwe7NySQWPxicx8sXW27gaERnLWME0NBDkyYC1x1xyPj3B8nXuN+9VlQ/bbhRbrAYKVVLBMlSDjd8vz29vvc3u1FT2O1VIZdIjUWViVgz8csNWxBr1QM41TWG1FoyMnpggRllkZHbK/xyxo1Np1TpntnPPT8cKevX/lif7AGvWBCgh9M6oMkBei/jn/QiyRqaMuuEFbCtkK2BkNi2a0J0OlgBCMOgA6TONhxu+5Hdc94tVbT+lffYL9nWAOxGZouAkiCDljYttOf2W05WxKxuNpbZXXatpRPdraq0o6k5gZHrii7b7ge3p01V12+9TZS4kEiDLqywBMQcX22WPSpJsRmsFhfb11DNatGqtmg5CScsIauq5KjlgGRjrLzHa2r064YsBLFiIsYwNRgd0RlhGz0qpJAaS0EAAT0OfX5YOku7MhYdxWQwJ7o6skwPXFAvtRtujL7oKsQAHQspgjMKvXAXZutW2VUK2e67INQ0hcg0FpwGUvfq0q6i4CsUyW1AMksxaBl6HHvV7e6O02pozOojS6FRq0xnlkQMOqgFmDHWrSrwDqZQMgJx3+hXqSfwjM4V2atFAFk5AangaSfnP8AHDGtwANRRk7lJiAjf9IIzjMYTZklaQ1T7p69I94+2A1C6slrPr8cKFPt1pWEqHSK1EaVj6oHWMfpE5sZbVCuAJA6iM/jgW27JnUWBSBaAulPogRpcMeuZxZtNto2WztesCkOxsewhjYCZ6MxyXoMfqsHuaRp1kAMsEuPSD8B654Gt2HX6SAFBiZnofzw7tqs0qw0LJLKolSIKy89B1wPegLYr+4oOegr2AgE6WIOY9MLQGQN7DMlcnVFQClhAghVA/M4YqFLgOquVITXpJgvBKqxyMYqV7FS1wpcVWBqtZA1ospmFYxONpshdWbSnutWWUsAuRyLCAMKaWoAUtW5LDMxGaTpAHx6RhENqEpkWEKAdMsCwJBUxkfWcWhWJYaQ4aVAzJLBmy1KykH4DBb3AYauVCozKD3d4gkSpHX0wueZUs/UQekD5YsrXcFFfN1BAnqAomC2o/3nBBZ2JJ71cOomSAQCYjP8MWAOjhdYJWzVEmFlVPx9PQYu3HK8ttdo1FVjuLLUq1NVnoIZwyN8flGOR8c8A3Q3m8va7bG7b3yqOzW1li6gqAGYZeo/DG45zyHf37zdWXs5W25vYrR2smtUIIkFgx+ONCq1kdxZGAUGSTk2RAB9MKlqAapkkMx7TpWGHZmvwyjB6DMwAMZicpg5/ngE/H/njoD+In+qenSBPxJgRiDkf6Dtq97suQRqdvuE3PH7gbjblNzQly1MwA0306tLr6MI/oTIHMdflhEVbC6uzWWCxdBV/wDtqFkntAM4RQpeTm8xoAGQM5euKOX8b5ne8LyG3ZLa79puXAaysjQLFUqGUtBMzMY4ziPuSr+RcZXoqff1R+7StIQ2NUysraQP5cz+ONmvH+R7LY8hcyrZtL7129ytA7bUsesmFbOB1xXudlyG33G3dlKXJuEsS4GGD9pMgZDKZOB7bK5fJAAGGoASZI+kjFeo5aY+otnIyI6euPbrOqxWUlBk2lo0lWnKG6/LDWUWvQ7sAwUsYJkGQWIzxdZfaXAHvFjP1AHv69VXLCWvdLLoYPEFg4kZf5IxbVZcBelEVyo1OIKqmqYIEmMPYkFZAENDVBh3KRn9RxDH9RIXRqRQ1jZg90jSq9RjgOD2pG85ryDk9pstpsK2FtthvIBetVZdQoB1sY7ZAxxu83VVde53O2puuQgrpe1QW1DOWMzOEUyFDKYAJDEepzB9euFrjTXUjmsSXWSfU/8AV64FIKiQHZFAlY9ZM5HAhwfSFs06OmenoDhimpFjSLGYWSDEzkIj8MsKmquyOjk5j1zjMZYtkqSq5Aayrd0ANAgx6YBdlBByDTIP+YQRni7abF6/drRrSGsRWZBmzEM3p6jG729l1Nlu3eyosrqCFMB0JRj8PlmMWqrEaCXZUgrmY7Q5gqR1zzxbv95pXb7RHtsd2CFUUAvksiAehx5J9vH5as8btaatvxthtApvL2aLwisoXUg9OuKNxtLQ1e4rQj2wuh/cqUrAUwAQevr1xWTdOhYRnRbRTZBX3HH80qxEfE4VqrJZQBp15kLq1HSxKg6WMjBdbNTW6S5ZgHKUqFJbTkwCwB0w6hjdYqwBqCqRIGUx+pn3D+XDulrFQulUWwQDrg5CQWB+fXG53fK8vRtaak95/d3VaMzQ5sUAv/LAn8cchx3i/IVchy6ruAqba0WsLSrGQVLE9RGR9cbpN/y+54zZ37q+z2aNzuK7txtH/TZLQsBlVVloEmeuGe57NasSj3SGl9TFzZmzH1BOGZrVdJ90szkhmZpVQIBGeR+OAUULKOHrcatDEOhXuJ6gzl64lmZgB2gsxAEmIEwPyxOc5/34DfFSI9Ov/nhvkAw/EtB/x/rK6hSVZWAYBlJUyNSnIiRh7CqKXYsVrUIgJMwqLkoHw/oyB6/0An4j/j/zwgBKw7FgonIrAJzETg61scx9QJAj4EdMLqUmQGr6aXnPOPQTn88AODIEHoJmdOcggRHwxTv+G5fd8Xvtu63pfs9zbUy2KZksjhykfOPkccfx/ke8/wDs3Bq1StfZaf8AUKKkIFYLMwqdIJ6AGD6447Zbvm9rx3MOlNe4p3N61kWaO9VFhUFeg/HFO52XJUbqq1AyGm9GEnNemmSVB9TipleO/UIOZOiQCfhixVcQ82EapYSBMaoGc4FbFtJUoe7Mh2B9JE4KMxYAAHQzGFVdIBMQSFGNPuMRoDkGtUqVTAhWJkn/ABwWICKYIcAah66iRlAGeOQ5nf7lattttvba1lxrrVVWt9Zdmb+VZmMcPsV3qbjxnw+y6nbxapqfdPuEqe6kFDrZEUAR642C1XNYF21CBdTBAK66tA7VHcyDP54ZFlU9sKtsEQSe6tpjribg7O8aQzQDGcwDEfwx+n7dj9KnUhGdSZKrHokxnGeBpV2gDo+Z+Oc4AhmzKagzFW1DNQY6g/lhuX52jepswtj7OlqJq3jrBUG0kgqp9PXDMlWz2u3Qn2qq6lV2VmlQXUA5Thj2iQM9UnI+kwIxvuV4yzj1sp21qH99vaNsYVJdwrEFi8QIzON7fZ7a23WWW2rWRCu5JdBIHajgwOsHAta0qg0i5WOnKwShEGMsc3cd7XVvN3sbqtuvuEs6WsUWvTqB1PZYB642H3H/AHe6G7r5v/U9zZRdaC1Fty2+yRkCAq5D5Z44Ba/Ido3K7TZUV793anbWe/XWkzR/7ZEMNMaRkBlniRyW3UTKmq+nOsqhQsFYZ5nDKm9d/dDWo7W1mlAkIKwwbIWzOeGduS2lTjMO+5qX26m+r25k5iD6DPF9nL+SbL3KA5YfvKjqKA+4pLHLQYk9Jxy6eM8nS/KUV7sVV17kG1n61tVqXSTrT/j0xu0fmr+O4uy19FVW4YW21B3mtmUzTqQjNZOLd3udxfurLC1tll1j3X2EA6Z1MRMNirkLqna2hWqQsHhEZ1sYFAQpDkCflhFYVbdK6xXCQVtcAlQwKiAegOLB2gFQWKgB9StkpHTtjGbM2lfWMpMmIJGeAw6aR+PTGfowb8un8cT+X+OIzmD/AH4y9MR/ZAF9CsMzGqYHQA4DajYIGWaEmOhUYBC9mbAN/wC3J7oOliDPpjWWJSZ1zmAvVQdIOqemU4G5S9HDXna+0GR3bIyzBtLBSPUfDHuKC/0kBgJbQIVisgZgfhONtuf9Q33HKLtZ3HHv7d6wpsXQK7ADpeMvlja1387uvIuE2zoK9vubrK9y9NdjBClncpZKSNQb+aROWNrsPMNzuOF3jKlVn76xqVZmAV29wkVEAHqDEdcU3cH5Tx1q2VI+kbzbMyo4UrJGo5k/3jCWbfe03go2lq7RZkMg0EFYK/HCH3mUFUT0yLMTqJX4g9TgH3kcdp7ngwMh/MARJ+eNzud3vE21W3qZrHe0qQQrEZHtKgD+AxyH2u+3vNa95YLtvye5225Oja1Ga7AdLFK3aWies48S8i3+7K18hvq9tyN9jNCvbaPbd3E6v1cyfi2OD5OjdI9W72m1atg5Yva9VcqROUx0+WCUaVFsN3g/qA6WGmT6/wAMV7am0XbitA+8AknbixqxSodQV1v3tpn6M8EC4QRJaGBUIOsLMSB8sJotYqQSiAMQVBgwcmIwKt2RVtC/6joqXPWsd5kES3rl0xtPHk5MbvhuNUjYKUFVhBUdtqaiWZSMmMgjIYAY6lEHTmZk5wRAkwMNNgbNsjUA8EyBp1yorGRnqcxgzuSodWDjJayFHaPrgAH+/BsNrgzrKsAQwGZcsMyCOs9cclzfJ72qipK2tDPaoFiVEhRWS4rUnSYyyxv+L2G/ufxfh9w9dRrsY137hCqz7akr7VWYcT9QkYAkggyIOc9fTr1wnIeKeQ7ziLYBZKrH9q3IKS9evTYYWIIzwCnk9m4Wmr3LEaUcUA6GOkOpLCxhHyJwab+UWwBfbrZrbl1OFP6rqsiUYkDqCM/nhqH5sbWp6CgNJtcooNSnNip+kH0xfZznPclvdVmpabt07JrcRpZA6qQ8+owd7uLLKrrGLV6ZZCpJ7e0nSyxLHrHXLDk2B9ShnIEDKRnP44VbDprGkW9yqyqPqCkgDVGQPScWWTYqvMgx7RSe3MdDpifn8sEK9bGxSxkN2gEECfRpGXQxgkwWc92mQIJnp6Z54vdUDCuvVYS4XSCdKnM+pyx8OmUg+nx9cRIgjP8AKYzxkZGrIn6ojLLLL8sWK1a2a0KrqMe2SR3rBEsI6GRjL+zX/pn1+OIdyBPXM+g9Jxc43O3p9jbtuFG4sas3sllVQoqAV9Vrm0QMhAJxLOqKtRsWuCGFjICqMB26gxzzwJLf9ssAD2iwmC8MpGYEf8cZTIyAiBI+YAyGIYlrpVJLqi6j/OJ6H5fLDWJSddzr7O5m5ErFDsbkWswrmz3AfSIwtxbtsaFfV3irVOkL1B1TmT0yxRd4z5jzPHe3pda03drUkV1qQprZyqqCBkIwux5reJ5DsqLq6mcW2C8kaGMrLIA1ZJOawcsbSny7bbri94F0tqVipL5FdYZpkDIxliy//VbntWl9Nai15Y06l09AWDER+GN1419vLt54/wAFvm/bbvlXYpuK9szmu47egFS7hHZlJI6dMDd+I+T8r5fseQ2O23PJ8pzVV1G6bl7gLN5XV7hFllFVzGDmD6YTd7e2yrcbZlupZXNIrupBcFTqLZuoI+eWOM+3X3X367N9qtW12PI32foXqpStC1jMqpdDz1yxsq/t/wCQbZG5OsNbzg0bmvYbWNO5u2oJauzk31EVK0hGEuCO00bVLr7BVWiPubmFl26dV0HcbqwAe5a8EtkIJyAEASLHZiHRVVWKBoymQfwwpssGlTWysStemwzqAzPacFBuAqoWZtDCWDAiMiJEeuGf3clJjXoWQBI6ANJ/HBIuAUZ5Ekycj0BEfniyNwSX1fVYyZesFQcwPjh7d1ye1orVXP624XVpgy2baoHxxu7t55HtDfUjAbcbyQzKVUDTr1NOvoBje+MeJ7y/jvHrTbtr9zW9lb3VS0ipQ5ipzZ9XX8MXW621tq1ZlgWbNjJiZPr64hnTtUatX+ZhMdizkPyxp1EEpEoCesmVLadMTgaiXMMFdVGoKYJ1k6gGyEfKce29kQ3cirIAkRHTSJAy9MQHI7LDkw+A6iMjiuxLHBsVJDOxGpDIMqAZyx7G8tsenQfaVXZ0qfMggErq1k5zhPcKkl2aCso6EAhTB+OHuvfI2LrqrEDS5khczAA/HLE12s1SljWhOphAkA5AFfTBbPMREk/n0H9DHoIIIyzESOoPrB/LAb8/4x8I/ojp/QPmAf4/1cx/SIA6+g/HI/A/L+mSpAIkGMomJn8cQCQPxOJUknpmT0/iPhhQ7HrnE5GcyxORzx2ZHTADPXPUTphsww/hjLSoNLQNTSD0zntLfPBCsmlnrOkMFMqO6c+0j54orVnyd1Q+4NCiwiV0u0S8Zn+OEdhYwzReqd4yURkIHx6RixQjB2QomlwhJJVFhwpgCROfTD2MfrZGOlsyIGqYicx+eKAwYqGJLFu9XkwVaeoWOuWFsQuHJZEJ7w7FVCyht+kK3Q/DDabTqMiTK6j07Vk6c8ZuJLSZP83qc/X4nC0V2qbNRDt9UgIhkEiAwPrgb/e2WLsdko3F/t2mq26yUtr2e2FYP6u99sqxP0KJGeE5DgPI32/E0GmnYeOMzHjuP2W3ivb7TaqSQCiVAu7S1zOWbunFVXM+P7PevXpBendaS0CGJV1LOzfLC6fD2UrmNG8qUaoiWlSJH8cV+342Qmos6/u1ZiaySGRu1AQCZEicJ/qvj/IGxlUEIK7V1kdS9doYAfDBZuF3ysDrbVU2jVOllM2GcsWf6Vw+6FntvpIrRUCgyshrB0Bw9XGbYbZGZiGbchWJ/lBFJEBgYg4ua7mr9hS9bkHbtYXAbVqRNWqAAZ6Ri3d8zzHI8nabJL7rdW2SQlZLIGLBTq+QwJbIAgjSdQk6mGoD1YZ/E4ZlsPuGBAUMkZ+hHWRhmcsHY5EKsGJyj4gfHGlW0K0EM0L6CBkRlgFjLS+pySVgoQpjKRq/hhiVRgyx2lpJ9DDQoAOcfDDmSjgamliy2TlpUAnQIGGItjSQuZYQpnITMZx0wwX6iVJLNqDKSFyMnM9MEaxKn1Y5R1jMYFaMsvaqfqMQks2jUX6IonrlAxZsV3+z5L2QhfdbFzZt9bqrWVB81Y1NKkiQYnGQH9EdPlH/AJYOZich6R6Zf0Zf1YGIP/j/ABwLBbWSbNHsyzWDtJ9w9gTQegg/l/Tubtns12G1t3FtlGzS9t0u1qbTooF7913tgfUes/0rq1RHZMxE/wAvyn+jMAD/AMfPHUR+H/nge3pLekwD841HC69uz5EZOiyS2TCXjJvyjCl0IMmAzVavTI6ZHTA1Av3LEaAJ1DTkxB6/PFR02FYMLNYy0n6iSVnT0n0xkVDEGR2FQsEDp1y/vwNaOWHqD2EfITAyxCIwb+VpUgZfAMGJnCiyvcinRWVcmr2w6hNAjWSda9cssCUctC561AJ/BQR1+eLTt6le/PQimtW6GQDZYFj4+uAd6BW3uLkShgykSVLekYdAAdod3Wfd/Thdwa7vYGnUGMV69OUYVdIMn6+0QM/5WbMD+OFDVzZLQytWCB6lFMnp+ODkRWHaSfaIZvWe4Q0YOlYqOiNLIIcETA7vqHz/ABxZpR2GiwqFyIaQQCVZVIBmMsFt3vDQQBCexe7EzlmupQfxON0No9ti/wAh0FbCmU9TGQwSoQkORpygt2wTDABj/D5YtSzY1vuDRZotNu0FqqdWYVr1cwhPpg6EsUZCEKAHIQT3OdRXrhiBaTnAJTMzlPTB1VxX2/SV+rPI9xznANaFxJkAqIkZnuIGQwpaousoFGsKIy7hnAj1E4GtCqGYzDBcjHQiRqiYnGadDAgjujIMO4xPXP8AxwQa2CaczqUnqf8AqOHkSuoaukgwendgBEYQBpMqQx1yMgZEvkcH3BnnM+nSeh+GBHyj/wAdYjA1AfTlEZjU2ZjKZmfX+jLrgz1/sBHXAkQfSMDVPQdZ/wCPr/T/AP/Z', 25)
GO
INSERT [dbo].[tblServiceImages] ([serviceImageID], [image], [serviceID]) VALUES (117, N'data:image/jpeg;base64,/9j/4RDaRXhpZgAATU0AKgAAAAgABwESAAMAAAABAAEAAAEaAAUAAAABAAAAYgEbAAUAAAABAAAAagEoAAMAAAABAAIAAAExAAIAAAAeAAAAcgEyAAIAAAAUAAAAkIdpAAQAAAABAAAApAAAANAACvyAAAAnEAAK/IAAACcQQWRvYmUgUGhvdG9zaG9wIENTNiAoV2luZG93cykAMjAxNzoxMDoyNiAxNTowMDo1NQAAA6ABAAMAAAABAAEAAKACAAQAAAABAAABw6ADAAQAAAABAAABdgAAAAAAAAAGAQMAAwAAAAEABgAAARoABQAAAAEAAAEeARsABQAAAAEAAAEmASgAAwAAAAEAAgAAAgEABAAAAAEAAAEuAgIABAAAAAEAAA+kAAAAAAAAAEgAAAABAAAASAAAAAH/2P/tAAxBZG9iZV9DTQAB/+4ADkFkb2JlAGSAAAAAAf/bAIQADAgICAkIDAkJDBELCgsRFQ8MDA8VGBMTFRMTGBEMDAwMDAwRDAwMDAwMDAwMDAwMDAwMDAwMDAwMDAwMDAwMDAENCwsNDg0QDg4QFA4ODhQUDg4ODhQRDAwMDAwREQwMDAwMDBEMDAwMDAwMDAwMDAwMDAwMDAwMDAwMDAwMDAwM/8AAEQgAhQCgAwEiAAIRAQMRAf/dAAQACv/EAT8AAAEFAQEBAQEBAAAAAAAAAAMAAQIEBQYHCAkKCwEAAQUBAQEBAQEAAAAAAAAAAQACAwQFBgcICQoLEAABBAEDAgQCBQcGCAUDDDMBAAIRAwQhEjEFQVFhEyJxgTIGFJGhsUIjJBVSwWIzNHKC0UMHJZJT8OHxY3M1FqKygyZEk1RkRcKjdDYX0lXiZfKzhMPTdePzRieUpIW0lcTU5PSltcXV5fVWZnaGlqa2xtbm9jdHV2d3h5ent8fX5/cRAAICAQIEBAMEBQYHBwYFNQEAAhEDITESBEFRYXEiEwUygZEUobFCI8FS0fAzJGLhcoKSQ1MVY3M08SUGFqKygwcmNcLSRJNUoxdkRVU2dGXi8rOEw9N14/NGlKSFtJXE1OT0pbXF1eX1VmZ2hpamtsbW5vYnN0dXZ3eHl6e3x//aAAwDAQACEQMRAD8A8qSSSSUpJJJJSkkkklKSSSSUpJJJJSkkkklKSSU6KLsi1tNFbrrX6MrY0ucT/JY33OSUwSXY9F/xfZNhF3WSaK+2NW4G0/8AGP8A0ldLf8+3/il0mP8AVzoeEJx8KvePz7R6rv8Awbe3/oo0gl8qSXZ/WX6rUOrfmdPr9K1g3WUMEMc0fSNTPzLG/uN9i4xBKkkkklP/0PKl0/1Y+pn7ZxvtuVkGjGLyytjG7rH7fpul0MrZ7v8AhFzC9V+ojQ76s4kDh1wPx9Rx/ikEFr0/4t/q83V9mVZ8bGAf9GlXG/4vvqtEfZrT5m50ro2NRWsSU8z/AON99Vf+4tn/AG89RP8Ai3+rNp2spyWudoNlsmfLfW9dWGJ2tIIc3Rw1B4IKSnzjrH+LAsrNvRcl1rmifs2TtDjH+jyGbKt/8i2un/jFzPR/qn1vrD7W4tIY3Hf6V77nCsMf/o3Nf+k9Rse9jK/Yvb3tL3FzhqdSYiTzKrUYldbrixoabbPUeRpucWsZud/K2s2pJfOqP8Vea4A5PUKaz3FTH2f9X9nWljf4relNgZOZkXHvsDKR/wBIZK7k1uMT20CTxY8APcXBohs6wPAI6I1eV/8AG9+quOQDS7JkAkm55iex9MUe5Yv1k+oOH9kdl9Crey+kS/D3GwWNH0nUF82+s3/Rbn+r/g/0n8737qvJDNZadw0I1BCWitXyH6q/Ve/r+U7c40YOPrkXgSZP0KKWn6V1n/gVf6T/AIOz1no31W6Z0nCJwmsqrDHG4tcHXv2D2+vbHu3v/wAGz9Cl0/AxsT1q8esVMtufe9o4NlsOsf8A992/uK+ze2p1YJDXctBgapAhRc41TyhvqV91YQnsStFORkVRr4d15X13EbhdXysdo2sD9zB2DX/pGAf1WvXr2TXovM/rzXt6wx8aWUtM+YL2fwSKQ88kkkgl/9Hypen/AOLe/wBX6vvq/Ox8l4j+S9tb2f8ASbYvMF2v+LDPFXUcvp7jH2uoWV+b6CXbR/1iy5//AFtJT6ZWNEZrVCvjRGaErUoBOGqQCcIWpaEMCHnzRkMj3HyCBKlbUxaiAJi1K1IS0ITmqy5qE8JWpHQP0rh5BWCECrTJ+IVwtBCESkhrOb+CC9qtuagvanWhzcpvtK84/wAYDAMnEd3LXj7i3/yS9NyW6LzL/GG4fbsWvu2pzj/adH/fElPJpJJIqf/S8qVnpufkdNz6M/GMXYzw9s8GPpMd/Ie32PVZJJT750vOxuoYNGdimaMhgfXPI7OrdH59L91Vi0GryP6gfW1vSMk9Nz3x07JdLXu4ptPt9T/ibfo3f9u/vr1th+9NKmYCkApsqscJa0uHlqnbVYTo0k+HdJSN3CE4+/8Arafei26aeC53639eHQ+j2ZbSDk2fosRp/wBK4aP/AKtDf03/AIH/AIRDql6BmoHloVKFzv1K+sZ650iq64g5dJFOZ4l7R7by3/uzX+k/431107mgsa9vB9rv6w/8xSQgIQrAIVghAtQS1d+3LaB3B/KtFuoHmvO/rL9csjov1srqaPWwK6GNyscRO57n2+tSf9M2p1f8h/0F3HTOoYvUcOrLw7RdRcN1bx9xDm/mPY722MSArVRLbc1Be1WrgNxI0DgHD4OEqu8JyGhlD2leS/X6wP69tH+DpY0/Mus/7+vW8v6JXjX1ws9T6x5kGQxzWf5rGNd/0kQpxkkkkVP/0/KkkkuUlKGq9J/xe/W5zxX0PqD/ANI0BuDc4/SA4xHn/SN/7Tf9sf6FeeMrjUrbq6F6dTX5TS57/o1AxHf3u+luS3U+342U9jpBjxBCs0XxeXvcAHAyf7l5t0H61dQxWMxssDLqmGW2PPqsb+7ZZts9Zjf+Eb6n/CLZyfr+GUgY+C59rNGF9jWM/rnYHPd/mVocJRxB6TqmVjYNN2ZnWtxseoF91r52tBPshsb3Pf8AmVt/S2vXiv1z+tVn1jzm+mDVgYpcMSl30jujfkXf8NdsZ7PoUs/R/v22bXVes9R61kCzrNk4wJAx62xWwHRz21kn1Lf+FtfvXJdQ6Y7CtEHdVZJqcRr/AFXf2UeGtUCVmm19U/rHd9XuqNyYc/FtHp5dLfzmT9NgPt9an6dX/bf0LF7lg51OTiMvx7G3Y2S0WV2N4I/Nc2fo/wCrF877IXSfVT64dU+r59LaMnpzyXPxHu2wTzZjW+70Lf8AwKz/AAjECufbWGv07N3Jb7fjKpZL2Vsc+xwYxgLnuPAa0bnOcsDH/wAYn1XvrDnXXUPI1qspe5wPgHY/rVvVfqfVbOvdNuZ0+t7cW2txa6wbX27feyK5Pp0O2/n/AKS3+QhSrfNfrHlu6h1rM6gQQzIsLmA8hg9lP/gTWLY+oH1ob0bqBwsuwM6fmES930arfosv/k12fzV//W7P8CqVuGMtgIEQNHfwKqDpFoftMAeKfwreJ95a8kCdYAA+HIUbAvNPq79YesdEqGM6xmbgsb+ix7twcw/uY97dz6q/5D221Lpqfr/hWV+m/DvY5xBLQ6tzdw/l+z/qE3hTYdPqFlVNFl97gymppfa88BrRuc5eE52U7LzL8p2jr7HWEeG47oXYfXf62Z3U2u6aKfsWGCHubu3vujWt1lgDWei36XpM/wAJ9NcSilSSSSSn/9TypForklx4CEui+qfRf2rmAWNnFxgH3fyifoU/2/z/AOQkp0/qx9XDaGZ+S3Q+6isjt/pXf98W/wBS6BZkM9XGE3N5ZMbgf3Z+i9q3aMYNAgR5BW2UjuE0HW1U8Fj4PVMW8OtxLQ0abthIjzcFatGPflOFNR2taDYGyYj6dh/OXe0NradWySCAO0nug53QsO8PGVV6d20gPbAfqOPUb/39OElpi+d5BYdzmkOE6ECAR/VTjCu6l06yl4b6DGvNDnDUWR7Hbh7vY5bOR9SLmFoxsslgMFlzddv8myv/AMgtOrpVOLjsxmyQwSXEak/vJGQpQi+dYP1Wz8h27IH2ascuPuJ/qNb/AN+XRYHS8DChtNQst72vG534/R/srfOA+47JLW9yFo4vTKqme1n9qO6ZZ6Lnk8vpOJlkHIxSDx6jRtMeexbXTnMoa2tjRtY3a1scDjRbbsKvZuLTsMtBn84Cf83VZ+Rg7CXs7CfNLUdbU8X1Tp1vS8hzBrh2uLqbfj/gn/8ACMVSWauLgB5r0OvGryMcttY2yuwQ+twBBHwKhg/V3pWG8WUYrA9pkOfLyPh6xenCSDF4azawuY4w9mhaefn/AFVXtyKyK66gPVk+8ElzpI2N2D9xenv6T0y6XX4ePaSZJdW0kk/nEwiNwcXCYDRj1Y+4S302NYY8faNydxIp8s6z07MyOnPuvpcx1LdzHubsO1o9/t/lNauQXrH13yQzo2UJ+kzb/nHavJ0LtIUkkl59kkv/1fKl6z9Teljp3RaGPEX5H6a34u+g0/1K9q8naQHAkSAZIXs/ScyjMxKcmkzXYwFvl5JILsVMEI7WDuq1T/NWGPTSEtzHwnEl7my1g3EcTpO1EoY6wW5DiS6se0CIOh9sOQK8i0Da15DfCURmS5tbqmQGO5nn70VNWwgucRwdYAjlV3VgtM8lHcYkDuomDxwmqQ11ADwVojcRpDWgBrR2H/mX5yjWwuOgknQR4qxbXXUfTB3vH0yPog/utSCkL52Bv5rZI+J5/IqdrRJ+C0cj0hVUGQXbSbCPE8ArOtMuIHkPvSKgyxaS1gEK3VW1zwHnawfSI8Ah1w1oHCJuAEJBRWdoPj28FVvdoSTqi22R3WL17rWL03Effa6Bw0HUk+ARU8n/AIws9jMRmGHS+5wdt8Gt1n/OXAK71fqN3Us6zLuOr/ot/daPotVJOClJJJJKf//W8qIgwtzoH1lzujO2V/psUmXUOMf1nVP/ADHLDU2u7JKL630f62dJ6ltbVd6V55ot9r/7P5j/AOwugrtC8JBHfnst3pP1v6x03az1PtVA/wAFdrA/kW/Takh9gZYzafHt4IrXxWfdqTwuH6d/jA6XeB9qD8R3BLhuZP8AxjFtO+tHRKsc5D86n0wJ9rg4n+qxvvchSrdW7IrrfXW50WXOIrb47Rvd/mqbYHx4XnOP9cTd9a2ZeUfQwmtfj1BxBDA6D6tm3c39I5vvXe1Zdbm7mncDBDgZaQfB35yVKt0K7jXq3Q9j4KJs0VUZNfLuBz5oduaHEkn4AdvJCiq2za8ga6SJE+BWb+0cYdQGDvByTWbtn8gH05Vbqv1gwcCl1uVa1u0e1g+k6OGsZ+8vMb+vZ93WXdXrf6WQXewDUNZ9FtX8pu36SNJfZhe2JQ7M1rJg6xBXmP8Az76z3bSfDQj/AL8s/N+snVs1r225BZW4Qaq/a0g/D3I6I1e6639c+n9PDq2O+0ZPAqrMwf5b/otXnvWes5nVcg35To26V1j6LR/JVF1kCeEBzi4+SSliZKZJJJKkkkklP//X8qPKSSSSmTd3ZFG75oCSSG2N+3+T/FSH0BG3ntyqSSSm17twmNnfw+a1un/85th/Zv2v0p/wW7Z/Z/wf+YufSQU9W3/nzuMfbN3fd/5mh5X/ADx2/pvte3y/9RLmEklN3I9X1T6u/wBTv6s7v+mgDfvP4IKSKmwd6g7chJJKZGYMx2+PyUUkkkqSSSSUpJJJJT//2f/tGOBQaG90b3Nob3AgMy4wADhCSU0EJQAAAAAAEAAAAAAAAAAAAAAAAAAAAAA4QklNBDoAAAAAAOUAAAAQAAAAAQAAAAAAC3ByaW50T3V0cHV0AAAABQAAAABQc3RTYm9vbAEAAAAASW50ZWVudW0AAAAASW50ZQAAAABDbHJtAAAAD3ByaW50U2l4dGVlbkJpdGJvb2wAAAAAC3ByaW50ZXJOYW1lVEVYVAAAAAEAAAAAAA9wcmludFByb29mU2V0dXBPYmpjAAAADABQAHIAbwBvAGYAIABTAGUAdAB1AHAAAAAAAApwcm9vZlNldHVwAAAAAQAAAABCbHRuZW51bQAAAAxidWlsdGluUHJvb2YAAAAJcHJvb2ZDTVlLADhCSU0EOwAAAAACLQAAABAAAAABAAAAAAAScHJpbnRPdXRwdXRPcHRpb25zAAAAFwAAAABDcHRuYm9vbAAAAAAAQ2xicmJvb2wAAAAAAFJnc01ib29sAAAAAABDcm5DYm9vbAAAAAAAQ250Q2Jvb2wAAAAAAExibHNib29sAAAAAABOZ3R2Ym9vbAAAAAAARW1sRGJvb2wAAAAAAEludHJib29sAAAAAABCY2tnT2JqYwAAAAEAAAAAAABSR0JDAAAAAwAAAABSZCAgZG91YkBv4AAAAAAAAAAAAEdybiBkb3ViQG/gAAAAAAAAAAAAQmwgIGRvdWJAb+AAAAAAAAAAAABCcmRUVW50RiNSbHQAAAAAAAAAAAAAAABCbGQgVW50RiNSbHQAAAAAAAAAAAAAAABSc2x0VW50RiNQeGxAUgAAAAAAAAAAAAp2ZWN0b3JEYXRhYm9vbAEAAAAAUGdQc2VudW0AAAAAUGdQcwAAAABQZ1BDAAAAAExlZnRVbnRGI1JsdAAAAAAAAAAAAAAAAFRvcCBVbnRGI1JsdAAAAAAAAAAAAAAAAFNjbCBVbnRGI1ByY0BZAAAAAAAAAAAAEGNyb3BXaGVuUHJpbnRpbmdib29sAAAAAA5jcm9wUmVjdEJvdHRvbWxvbmcAAAAAAAAADGNyb3BSZWN0TGVmdGxvbmcAAAAAAAAADWNyb3BSZWN0UmlnaHRsb25nAAAAAAAAAAtjcm9wUmVjdFRvcGxvbmcAAAAAADhCSU0D7QAAAAAAEABIAAAAAQABAEgAAAABAAE4QklNBCYAAAAAAA4AAAAAAAAAAAAAP4AAADhCSU0EDQAAAAAABAAAAHg4QklNBBkAAAAAAAQAAAAeOEJJTQPzAAAAAAAJAAAAAAAAAAABADhCSU0nEAAAAAAACgABAAAAAAAAAAE4QklNA/UAAAAAAEgAL2ZmAAEAbGZmAAYAAAAAAAEAL2ZmAAEAoZmaAAYAAAAAAAEAMgAAAAEAWgAAAAYAAAAAAAEANQAAAAEALQAAAAYAAAAAAAE4QklNA/gAAAAAAHAAAP////////////////////////////8D6AAAAAD/////////////////////////////A+gAAAAA/////////////////////////////wPoAAAAAP////////////////////////////8D6AAAOEJJTQQAAAAAAAACAAU4QklNBAIAAAAAAAwAAAAAAAAAAAAAAAA4QklNBDAAAAAAAAYBAQEBAQE4QklNBC0AAAAAAAYAAQAAAAc4QklNBAgAAAAAABAAAAABAAACQAAAAkAAAAAAOEJJTQQeAAAAAAAEAAAAADhCSU0EGgAAAAADSQAAAAYAAAAAAAAAAAAAAXYAAAHDAAAACgBVAG4AdABpAHQAbABlAGQALQAyAAAAAQAAAAAAAAAAAAAAAAAAAAAAAAABAAAAAAAAAAAAAAHDAAABdgAAAAAAAAAAAAAAAAAAAAABAAAAAAAAAAAAAAAAAAAAAAAAABAAAAABAAAAAAAAbnVsbAAAAAIAAAAGYm91bmRzT2JqYwAAAAEAAAAAAABSY3QxAAAABAAAAABUb3AgbG9uZwAAAAAAAAAATGVmdGxvbmcAAAAAAAAAAEJ0b21sb25nAAABdgAAAABSZ2h0bG9uZwAAAcMAAAAGc2xpY2VzVmxMcwAAAAFPYmpjAAAAAQAAAAAABXNsaWNlAAAAEgAAAAdzbGljZUlEbG9uZwAAAAAAAAAHZ3JvdXBJRGxvbmcAAAAAAAAABm9yaWdpbmVudW0AAAAMRVNsaWNlT3JpZ2luAAAADWF1dG9HZW5lcmF0ZWQAAAAAVHlwZWVudW0AAAAKRVNsaWNlVHlwZQAAAABJbWcgAAAABmJvdW5kc09iamMAAAABAAAAAAAAUmN0MQAAAAQAAAAAVG9wIGxvbmcAAAAAAAAAAExlZnRsb25nAAAAAAAAAABCdG9tbG9uZwAAAXYAAAAAUmdodGxvbmcAAAHDAAAAA3VybFRFWFQAAAABAAAAAAAAbnVsbFRFWFQAAAABAAAAAAAATXNnZVRFWFQAAAABAAAAAAAGYWx0VGFnVEVYVAAAAAEAAAAAAA5jZWxsVGV4dElzSFRNTGJvb2wBAAAACGNlbGxUZXh0VEVYVAAAAAEAAAAAAAlob3J6QWxpZ25lbnVtAAAAD0VTbGljZUhvcnpBbGlnbgAAAAdkZWZhdWx0AAAACXZlcnRBbGlnbmVudW0AAAAPRVNsaWNlVmVydEFsaWduAAAAB2RlZmF1bHQAAAALYmdDb2xvclR5cGVlbnVtAAAAEUVTbGljZUJHQ29sb3JUeXBlAAAAAE5vbmUAAAAJdG9wT3V0c2V0bG9uZwAAAAAAAAAKbGVmdE91dHNldGxvbmcAAAAAAAAADGJvdHRvbU91dHNldGxvbmcAAAAAAAAAC3JpZ2h0T3V0c2V0bG9uZwAAAAAAOEJJTQQoAAAAAAAMAAAAAj/wAAAAAAAAOEJJTQQUAAAAAAAEAAAABzhCSU0EDAAAAAAPwAAAAAEAAACgAAAAhQAAAeAAAPlgAAAPpAAYAAH/2P/tAAxBZG9iZV9DTQAB/+4ADkFkb2JlAGSAAAAAAf/bAIQADAgICAkIDAkJDBELCgsRFQ8MDA8VGBMTFRMTGBEMDAwMDAwRDAwMDAwMDAwMDAwMDAwMDAwMDAwMDAwMDAwMDAENCwsNDg0QDg4QFA4ODhQUDg4ODhQRDAwMDAwREQwMDAwMDBEMDAwMDAwMDAwMDAwMDAwMDAwMDAwMDAwMDAwM/8AAEQgAhQCgAwEiAAIRAQMRAf/dAAQACv/EAT8AAAEFAQEBAQEBAAAAAAAAAAMAAQIEBQYHCAkKCwEAAQUBAQEBAQEAAAAAAAAAAQACAwQFBgcICQoLEAABBAEDAgQCBQcGCAUDDDMBAAIRAwQhEjEFQVFhEyJxgTIGFJGhsUIjJBVSwWIzNHKC0UMHJZJT8OHxY3M1FqKygyZEk1RkRcKjdDYX0lXiZfKzhMPTdePzRieUpIW0lcTU5PSltcXV5fVWZnaGlqa2xtbm9jdHV2d3h5ent8fX5/cRAAICAQIEBAMEBQYHBwYFNQEAAhEDITESBEFRYXEiEwUygZEUobFCI8FS0fAzJGLhcoKSQ1MVY3M08SUGFqKygwcmNcLSRJNUoxdkRVU2dGXi8rOEw9N14/NGlKSFtJXE1OT0pbXF1eX1VmZ2hpamtsbW5vYnN0dXZ3eHl6e3x//aAAwDAQACEQMRAD8A8qSSSSUpJJJJSkkkklKSSSSUpJJJJSkkkklKSSU6KLsi1tNFbrrX6MrY0ucT/JY33OSUwSXY9F/xfZNhF3WSaK+2NW4G0/8AGP8A0ldLf8+3/il0mP8AVzoeEJx8KvePz7R6rv8Awbe3/oo0gl8qSXZ/WX6rUOrfmdPr9K1g3WUMEMc0fSNTPzLG/uN9i4xBKkkkklP/0PKl0/1Y+pn7ZxvtuVkGjGLyytjG7rH7fpul0MrZ7v8AhFzC9V+ojQ76s4kDh1wPx9Rx/ikEFr0/4t/q83V9mVZ8bGAf9GlXG/4vvqtEfZrT5m50ro2NRWsSU8z/AON99Vf+4tn/AG89RP8Ai3+rNp2spyWudoNlsmfLfW9dWGJ2tIIc3Rw1B4IKSnzjrH+LAsrNvRcl1rmifs2TtDjH+jyGbKt/8i2un/jFzPR/qn1vrD7W4tIY3Hf6V77nCsMf/o3Nf+k9Rse9jK/Yvb3tL3FzhqdSYiTzKrUYldbrixoabbPUeRpucWsZud/K2s2pJfOqP8Vea4A5PUKaz3FTH2f9X9nWljf4relNgZOZkXHvsDKR/wBIZK7k1uMT20CTxY8APcXBohs6wPAI6I1eV/8AG9+quOQDS7JkAkm55iex9MUe5Yv1k+oOH9kdl9Crey+kS/D3GwWNH0nUF82+s3/Rbn+r/g/0n8737qvJDNZadw0I1BCWitXyH6q/Ve/r+U7c40YOPrkXgSZP0KKWn6V1n/gVf6T/AIOz1no31W6Z0nCJwmsqrDHG4tcHXv2D2+vbHu3v/wAGz9Cl0/AxsT1q8esVMtufe9o4NlsOsf8A992/uK+ze2p1YJDXctBgapAhRc41TyhvqV91YQnsStFORkVRr4d15X13EbhdXysdo2sD9zB2DX/pGAf1WvXr2TXovM/rzXt6wx8aWUtM+YL2fwSKQ88kkkgl/9Hypen/AOLe/wBX6vvq/Ox8l4j+S9tb2f8ASbYvMF2v+LDPFXUcvp7jH2uoWV+b6CXbR/1iy5//AFtJT6ZWNEZrVCvjRGaErUoBOGqQCcIWpaEMCHnzRkMj3HyCBKlbUxaiAJi1K1IS0ITmqy5qE8JWpHQP0rh5BWCECrTJ+IVwtBCESkhrOb+CC9qtuagvanWhzcpvtK84/wAYDAMnEd3LXj7i3/yS9NyW6LzL/GG4fbsWvu2pzj/adH/fElPJpJJIqf/S8qVnpufkdNz6M/GMXYzw9s8GPpMd/Ie32PVZJJT750vOxuoYNGdimaMhgfXPI7OrdH59L91Vi0GryP6gfW1vSMk9Nz3x07JdLXu4ptPt9T/ibfo3f9u/vr1th+9NKmYCkApsqscJa0uHlqnbVYTo0k+HdJSN3CE4+/8Arafei26aeC53639eHQ+j2ZbSDk2fosRp/wBK4aP/AKtDf03/AIH/AIRDql6BmoHloVKFzv1K+sZ650iq64g5dJFOZ4l7R7by3/uzX+k/431107mgsa9vB9rv6w/8xSQgIQrAIVghAtQS1d+3LaB3B/KtFuoHmvO/rL9csjov1srqaPWwK6GNyscRO57n2+tSf9M2p1f8h/0F3HTOoYvUcOrLw7RdRcN1bx9xDm/mPY722MSArVRLbc1Be1WrgNxI0DgHD4OEqu8JyGhlD2leS/X6wP69tH+DpY0/Mus/7+vW8v6JXjX1ws9T6x5kGQxzWf5rGNd/0kQpxkkkkVP/0/KkkkuUlKGq9J/xe/W5zxX0PqD/ANI0BuDc4/SA4xHn/SN/7Tf9sf6FeeMrjUrbq6F6dTX5TS57/o1AxHf3u+luS3U+342U9jpBjxBCs0XxeXvcAHAyf7l5t0H61dQxWMxssDLqmGW2PPqsb+7ZZts9Zjf+Eb6n/CLZyfr+GUgY+C59rNGF9jWM/rnYHPd/mVocJRxB6TqmVjYNN2ZnWtxseoF91r52tBPshsb3Pf8AmVt/S2vXiv1z+tVn1jzm+mDVgYpcMSl30jujfkXf8NdsZ7PoUs/R/v22bXVes9R61kCzrNk4wJAx62xWwHRz21kn1Lf+FtfvXJdQ6Y7CtEHdVZJqcRr/AFXf2UeGtUCVmm19U/rHd9XuqNyYc/FtHp5dLfzmT9NgPt9an6dX/bf0LF7lg51OTiMvx7G3Y2S0WV2N4I/Nc2fo/wCrF877IXSfVT64dU+r59LaMnpzyXPxHu2wTzZjW+70Lf8AwKz/AAjECufbWGv07N3Jb7fjKpZL2Vsc+xwYxgLnuPAa0bnOcsDH/wAYn1XvrDnXXUPI1qspe5wPgHY/rVvVfqfVbOvdNuZ0+t7cW2txa6wbX27feyK5Pp0O2/n/AKS3+QhSrfNfrHlu6h1rM6gQQzIsLmA8hg9lP/gTWLY+oH1ob0bqBwsuwM6fmES930arfosv/k12fzV//W7P8CqVuGMtgIEQNHfwKqDpFoftMAeKfwreJ95a8kCdYAA+HIUbAvNPq79YesdEqGM6xmbgsb+ix7twcw/uY97dz6q/5D221Lpqfr/hWV+m/DvY5xBLQ6tzdw/l+z/qE3hTYdPqFlVNFl97gymppfa88BrRuc5eE52U7LzL8p2jr7HWEeG47oXYfXf62Z3U2u6aKfsWGCHubu3vujWt1lgDWei36XpM/wAJ9NcSilSSSSSn/9TypForklx4CEui+qfRf2rmAWNnFxgH3fyifoU/2/z/AOQkp0/qx9XDaGZ+S3Q+6isjt/pXf98W/wBS6BZkM9XGE3N5ZMbgf3Z+i9q3aMYNAgR5BW2UjuE0HW1U8Fj4PVMW8OtxLQ0abthIjzcFatGPflOFNR2taDYGyYj6dh/OXe0NradWySCAO0nug53QsO8PGVV6d20gPbAfqOPUb/39OElpi+d5BYdzmkOE6ECAR/VTjCu6l06yl4b6DGvNDnDUWR7Hbh7vY5bOR9SLmFoxsslgMFlzddv8myv/AMgtOrpVOLjsxmyQwSXEak/vJGQpQi+dYP1Wz8h27IH2ascuPuJ/qNb/AN+XRYHS8DChtNQst72vG534/R/srfOA+47JLW9yFo4vTKqme1n9qO6ZZ6Lnk8vpOJlkHIxSDx6jRtMeexbXTnMoa2tjRtY3a1scDjRbbsKvZuLTsMtBn84Cf83VZ+Rg7CXs7CfNLUdbU8X1Tp1vS8hzBrh2uLqbfj/gn/8ACMVSWauLgB5r0OvGryMcttY2yuwQ+twBBHwKhg/V3pWG8WUYrA9pkOfLyPh6xenCSDF4azawuY4w9mhaefn/AFVXtyKyK66gPVk+8ElzpI2N2D9xenv6T0y6XX4ePaSZJdW0kk/nEwiNwcXCYDRj1Y+4S302NYY8faNydxIp8s6z07MyOnPuvpcx1LdzHubsO1o9/t/lNauQXrH13yQzo2UJ+kzb/nHavJ0LtIUkkl59kkv/1fKl6z9Teljp3RaGPEX5H6a34u+g0/1K9q8naQHAkSAZIXs/ScyjMxKcmkzXYwFvl5JILsVMEI7WDuq1T/NWGPTSEtzHwnEl7my1g3EcTpO1EoY6wW5DiS6se0CIOh9sOQK8i0Da15DfCURmS5tbqmQGO5nn70VNWwgucRwdYAjlV3VgtM8lHcYkDuomDxwmqQ11ADwVojcRpDWgBrR2H/mX5yjWwuOgknQR4qxbXXUfTB3vH0yPog/utSCkL52Bv5rZI+J5/IqdrRJ+C0cj0hVUGQXbSbCPE8ArOtMuIHkPvSKgyxaS1gEK3VW1zwHnawfSI8Ah1w1oHCJuAEJBRWdoPj28FVvdoSTqi22R3WL17rWL03Effa6Bw0HUk+ARU8n/AIws9jMRmGHS+5wdt8Gt1n/OXAK71fqN3Us6zLuOr/ot/daPotVJOClJJJJKf//W8qIgwtzoH1lzujO2V/psUmXUOMf1nVP/ADHLDU2u7JKL630f62dJ6ltbVd6V55ot9r/7P5j/AOwugrtC8JBHfnst3pP1v6x03az1PtVA/wAFdrA/kW/Takh9gZYzafHt4IrXxWfdqTwuH6d/jA6XeB9qD8R3BLhuZP8AxjFtO+tHRKsc5D86n0wJ9rg4n+qxvvchSrdW7IrrfXW50WXOIrb47Rvd/mqbYHx4XnOP9cTd9a2ZeUfQwmtfj1BxBDA6D6tm3c39I5vvXe1Zdbm7mncDBDgZaQfB35yVKt0K7jXq3Q9j4KJs0VUZNfLuBz5oduaHEkn4AdvJCiq2za8ga6SJE+BWb+0cYdQGDvByTWbtn8gH05Vbqv1gwcCl1uVa1u0e1g+k6OGsZ+8vMb+vZ93WXdXrf6WQXewDUNZ9FtX8pu36SNJfZhe2JQ7M1rJg6xBXmP8Az76z3bSfDQj/AL8s/N+snVs1r225BZW4Qaq/a0g/D3I6I1e6639c+n9PDq2O+0ZPAqrMwf5b/otXnvWes5nVcg35To26V1j6LR/JVF1kCeEBzi4+SSliZKZJJJKkkkklP//X8qPKSSSSmTd3ZFG75oCSSG2N+3+T/FSH0BG3ntyqSSSm17twmNnfw+a1un/85th/Zv2v0p/wW7Z/Z/wf+YufSQU9W3/nzuMfbN3fd/5mh5X/ADx2/pvte3y/9RLmEklN3I9X1T6u/wBTv6s7v+mgDfvP4IKSKmwd6g7chJJKZGYMx2+PyUUkkkqSSSSUpJJJJT//2ThCSU0EIQAAAAAAVQAAAAEBAAAADwBBAGQAbwBiAGUAIABQAGgAbwB0AG8AcwBoAG8AcAAAABMAQQBkAG8AYgBlACAAUABoAG8AdABvAHMAaABvAHAAIABDAFMANgAAAAEAOEJJTQQGAAAAAAAHAAgBAQABAQD/4Q9EaHR0cDovL25zLmFkb2JlLmNvbS94YXAvMS4wLwA8P3hwYWNrZXQgYmVnaW49Iu+7vyIgaWQ9Ilc1TTBNcENlaGlIenJlU3pOVGN6a2M5ZCI/PiA8eDp4bXBtZXRhIHhtbG5zOng9ImFkb2JlOm5zOm1ldGEvIiB4OnhtcHRrPSJBZG9iZSBYTVAgQ29yZSA1LjMtYzAxMSA2Ni4xNDU2NjEsIDIwMTIvMDIvMDYtMTQ6NTY6MjcgICAgICAgICI+IDxyZGY6UkRGIHhtbG5zOnJkZj0iaHR0cDovL3d3dy53My5vcmcvMTk5OS8wMi8yMi1yZGYtc3ludGF4LW5zIyI+IDxyZGY6RGVzY3JpcHRpb24gcmRmOmFib3V0PSIiIHhtbG5zOnhtcD0iaHR0cDovL25zLmFkb2JlLmNvbS94YXAvMS4wLyIgeG1sbnM6eG1wTU09Imh0dHA6Ly9ucy5hZG9iZS5jb20veGFwLzEuMC9tbS8iIHhtbG5zOnN0RXZ0PSJodHRwOi8vbnMuYWRvYmUuY29tL3hhcC8xLjAvc1R5cGUvUmVzb3VyY2VFdmVudCMiIHhtbG5zOnBob3Rvc2hvcD0iaHR0cDovL25zLmFkb2JlLmNvbS9waG90b3Nob3AvMS4wLyIgeG1sbnM6ZGM9Imh0dHA6Ly9wdXJsLm9yZy9kYy9lbGVtZW50cy8xLjEvIiB4bXA6Q3JlYXRvclRvb2w9IkFkb2JlIFBob3Rvc2hvcCBDUzYgKFdpbmRvd3MpIiB4bXA6Q3JlYXRlRGF0ZT0iMjAxNy0xMC0yNlQxNTowMDo1NSswNzowMCIgeG1wOk1ldGFkYXRhRGF0ZT0iMjAxNy0xMC0yNlQxNTowMDo1NSswNzowMCIgeG1wOk1vZGlmeURhdGU9IjIwMTctMTAtMjZUMTU6MDA6NTUrMDc6MDAiIHhtcE1NOkluc3RhbmNlSUQ9InhtcC5paWQ6OENCQkQ2OTIyMEJBRTcxMThDOTE5RjVBMTVFNTIxOTYiIHhtcE1NOkRvY3VtZW50SUQ9InhtcC5kaWQ6OEJCQkQ2OTIyMEJBRTcxMThDOTE5RjVBMTVFNTIxOTYiIHhtcE1NOk9yaWdpbmFsRG9jdW1lbnRJRD0ieG1wLmRpZDo4QkJCRDY5MjIwQkFFNzExOEM5MTlGNUExNUU1MjE5NiIgcGhvdG9zaG9wOkNvbG9yTW9kZT0iMyIgcGhvdG9zaG9wOklDQ1Byb2ZpbGU9InNSR0IgSUVDNjE5NjYtMi4xIiBkYzpmb3JtYXQ9ImltYWdlL2pwZWciPiA8eG1wTU06SGlzdG9yeT4gPHJkZjpTZXE+IDxyZGY6bGkgc3RFdnQ6YWN0aW9uPSJjcmVhdGVkIiBzdEV2dDppbnN0YW5jZUlEPSJ4bXAuaWlkOjhCQkJENjkyMjBCQUU3MTE4QzkxOUY1QTE1RTUyMTk2IiBzdEV2dDp3aGVuPSIyMDE3LTEwLTI2VDE1OjAwOjU1KzA3OjAwIiBzdEV2dDpzb2Z0d2FyZUFnZW50PSJBZG9iZSBQaG90b3Nob3AgQ1M2IChXaW5kb3dzKSIvPiA8cmRmOmxpIHN0RXZ0OmFjdGlvbj0ic2F2ZWQiIHN0RXZ0Omluc3RhbmNlSUQ9InhtcC5paWQ6OENCQkQ2OTIyMEJBRTcxMThDOTE5RjVBMTVFNTIxOTYiIHN0RXZ0OndoZW49IjIwMTctMTAtMjZUMTU6MDA6NTUrMDc6MDAiIHN0RXZ0OnNvZnR3YXJlQWdlbnQ9IkFkb2JlIFBob3Rvc2hvcCBDUzYgKFdpbmRvd3MpIiBzdEV2dDpjaGFuZ2VkPSIvIi8+IDwvcmRmOlNlcT4gPC94bXBNTTpIaXN0b3J5PiA8cGhvdG9zaG9wOkRvY3VtZW50QW5jZXN0b3JzPiA8cmRmOkJhZz4gPHJkZjpsaT4yRjZEMEIwQTdBNTcxMjVEQzRCRTdDQjk3NkJERjgzQTwvcmRmOmxpPiA8cmRmOmxpPjhFOTkxMkU1MDZBNzA5MjM0QTJGNEEyRjlCMTFEMzU5PC9yZGY6bGk+IDxyZGY6bGk+RDRDNzA0NUIwREQwMDU2RDJFN0Y1MzgxOTMzRkU3MTc8L3JkZjpsaT4gPHJkZjpsaT5hZG9iZTpkb2NpZDpwaG90b3Nob3A6OGU4OWI5NWItZTgxMi0xMjQyLTkwNDgtOWI4NDM2ZDI3OGVhPC9yZGY6bGk+IDxyZGY6bGk+eG1wLmRpZDo1NjYwQ0E5QkI1MjhFNTExQjc5REQyRTg1NjhFRDc5MjwvcmRmOmxpPiA8L3JkZjpCYWc+IDwvcGhvdG9zaG9wOkRvY3VtZW50QW5jZXN0b3JzPiA8L3JkZjpEZXNjcmlwdGlvbj4gPC9yZGY6UkRGPiA8L3g6eG1wbWV0YT4gICAgICAgICAgICAgICAgICAgICAgICAgICAgICAgICAgICAgICAgICAgICAgICAgICAgICAgICAgICAgICAgICAgICAgICAgICAgICAgICAgICAgICAgICAgICAgICAgICAgICAgICAgICAgICAgICAgICAgICAgICAgICAgICAgICAgICAgICAgICAgICAgICAgICAgICAgICAgICAgICAgICAgICAgICAgICAgICAgICAgICAgICAgICAgICAgICAgICAgICAgICAgICAgICAgICAgICAgICAgICAgICAgICAgICAgICAgICAgICAgICAgICAgICAgICAgICAgICAgICAgICAgICAgICAgICAgICAgICAgICAgICAgICAgICAgICAgICAgICAgICAgICAgICAgICAgICAgICAgICAgICAgICAgICAgICAgICAgICAgICAgICAgICAgICAgICAgICAgICAgICAgICAgICAgICAgICAgICAgICAgICAgICAgICAgICAgICAgICAgICAgICAgICAgICAgICAgICAgICAgICAgICAgICAgICAgICAgICAgICAgICAgICAgICAgICAgICAgICAgICAgICAgICAgICAgICAgICAgICAgICAgICAgICAgICAgICAgICAgICAgICAgICAgICAgICAgICAgICAgICAgICAgICAgICAgICAgICAgICAgICAgICAgICAgICAgICAgICAgICAgICAgICAgICAgICAgICAgICAgICAgICAgICAgICAgICAgICAgICAgICAgICAgICAgICAgICAgICAgICAgICAgICAgICAgICAgICAgICAgICAgICAgICAgICAgICAgICAgICAgICAgICAgICAgICAgICAgICAgICAgICAgICAgICAgICAgICAgICAgICAgICAgICAgICAgICAgICAgICAgICAgICAgICAgICAgICAgICAgICAgICAgICAgICAgICAgICAgICAgICAgICAgICAgICAgICAgICAgICAgICAgICAgICAgICAgICAgICAgICAgICAgICAgICAgICAgICAgICAgICAgICAgICAgICAgICAgICAgICAgICAgICAgICAgICAgICAgICAgICAgICAgICAgICAgICAgICAgICAgICAgICAgICAgICAgICAgICAgICAgICAgICAgICAgICAgICAgICAgICAgICAgICAgICAgICAgICAgICAgICAgICAgICAgICAgICAgICAgICAgICAgICAgICAgICAgICAgICAgICAgICAgICAgICAgICAgICAgICAgICAgICAgICAgICAgICAgICAgICAgICAgICAgICAgICAgICAgICAgICAgICAgICAgICAgICAgICAgICAgICAgICAgICAgICAgICAgICAgICAgICAgICAgICAgICAgICAgICAgICAgICAgICAgICAgICAgICAgICAgICAgICAgICAgICAgICAgICAgICAgICAgICAgICAgICAgICAgICAgICAgICAgICAgICAgICAgICAgICAgICAgICAgICAgICAgICAgICAgICAgICAgICAgICAgICAgICAgICAgICAgICAgICAgICAgICAgICAgICAgICAgICAgICAgICAgICAgICAgICAgICAgICAgICAgICAgICAgICAgICAgICAgICAgICAgICAgICAgICAgICAgICAgICAgICAgICAgICAgICAgICAgICAgICAgICAgICAgICAgICAgICAgICAgICAgICAgICAgICAgICAgICAgICAgICAgICAgICAgICAgICAgICAgICAgICAgICAgICAgICAgICAgICAgICAgICAgICAgICAgICAgICAgICAgICAgICAgICAgICAgICAgICAgICAgICAgICAgICAgICAgICAgICAgICAgICAgICAgICAgICAgICAgICAgICAgICAgICAgICAgICAgICAgICAgICAgICAgICAgICAgICAgICAgICAgICAgICAgICAgICAgICAgICAgICAgICAgICAgICAgICAgICAgICAgICAgICAgICAgICAgICAgICAgICAgICAgICAgICAgICAgICAgICAgICAgICAgICAgICAgICAgICAgICAgICAgICAgICAgICAgICAgICAgICAgICAgICAgICAgICAgICAgICAgICAgICAgICAgICAgICAgICAgICAgICAgICAgICAgICAgICAgICAgICAgICAgICAgICAgICAgICAgICAgICAgICAgICAgICAgICAgICAgICAgICAgICAgICAgICAgICAgICAgICAgICAgICAgICAgICAgICAgICAgICAgICAgICAgICAgICAgICAgICAgICAgICAgICAgICAgICAgICAgICAgICAgICAgICAgICAgICAgICAgICAgICAgICAgICAgICAgICAgICAgICAgICAgICAgICAgICAgICAgICAgICAgICAgICAgICAgICAgICAgICAgICAgICAgICAgICAgICAgICAgICAgICAgICAgICAgICAgICAgICAgICAgICAgICAgICAgICAgICAgICAgICAgICAgICAgICAgICAgICAgICAgICAgICAgICAgICAgICAgICAgICAgICAgICAgICAgICAgICAgICAgICAgICAgICAgICAgICAgICA8P3hwYWNrZXQgZW5kPSJ3Ij8+/+IMWElDQ19QUk9GSUxFAAEBAAAMSExpbm8CEAAAbW50clJHQiBYWVogB84AAgAJAAYAMQAAYWNzcE1TRlQAAAAASUVDIHNSR0IAAAAAAAAAAAAAAAEAAPbWAAEAAAAA0y1IUCAgAAAAAAAAAAAAAAAAAAAAAAAAAAAAAAAAAAAAAAAAAAAAAAAAAAAAAAAAAAAAAAARY3BydAAAAVAAAAAzZGVzYwAAAYQAAABsd3RwdAAAAfAAAAAUYmtwdAAAAgQAAAAUclhZWgAAAhgAAAAUZ1hZWgAAAiwAAAAUYlhZWgAAAkAAAAAUZG1uZAAAAlQAAABwZG1kZAAAAsQAAACIdnVlZAAAA0wAAACGdmlldwAAA9QAAAAkbHVtaQAAA/gAAAAUbWVhcwAABAwAAAAkdGVjaAAABDAAAAAMclRSQwAABDwAAAgMZ1RSQwAABDwAAAgMYlRSQwAABDwAAAgMdGV4dAAAAABDb3B5cmlnaHQgKGMpIDE5OTggSGV3bGV0dC1QYWNrYXJkIENvbXBhbnkAAGRlc2MAAAAAAAAAEnNSR0IgSUVDNjE5NjYtMi4xAAAAAAAAAAAAAAASc1JHQiBJRUM2MTk2Ni0yLjEAAAAAAAAAAAAAAAAAAAAAAAAAAAAAAAAAAAAAAAAAAAAAAAAAAAAAAAAAAAAAAAAAAFhZWiAAAAAAAADzUQABAAAAARbMWFlaIAAAAAAAAAAAAAAAAAAAAABYWVogAAAAAAAAb6IAADj1AAADkFhZWiAAAAAAAABimQAAt4UAABjaWFlaIAAAAAAAACSgAAAPhAAAts9kZXNjAAAAAAAAABZJRUMgaHR0cDovL3d3dy5pZWMuY2gAAAAAAAAAAAAAABZJRUMgaHR0cDovL3d3dy5pZWMuY2gAAAAAAAAAAAAAAAAAAAAAAAAAAAAAAAAAAAAAAAAAAAAAAAAAAAAAAAAAAAAAZGVzYwAAAAAAAAAuSUVDIDYxOTY2LTIuMSBEZWZhdWx0IFJHQiBjb2xvdXIgc3BhY2UgLSBzUkdCAAAAAAAAAAAAAAAuSUVDIDYxOTY2LTIuMSBEZWZhdWx0IFJHQiBjb2xvdXIgc3BhY2UgLSBzUkdCAAAAAAAAAAAAAAAAAAAAAAAAAAAAAGRlc2MAAAAAAAAALFJlZmVyZW5jZSBWaWV3aW5nIENvbmRpdGlvbiBpbiBJRUM2MTk2Ni0yLjEAAAAAAAAAAAAAACxSZWZlcmVuY2UgVmlld2luZyBDb25kaXRpb24gaW4gSUVDNjE5NjYtMi4xAAAAAAAAAAAAAAAAAAAAAAAAAAAAAAAAAAB2aWV3AAAAAAATpP4AFF8uABDPFAAD7cwABBMLAANcngAAAAFYWVogAAAAAABMCVYAUAAAAFcf521lYXMAAAAAAAAAAQAAAAAAAAAAAAAAAAAAAAAAAAKPAAAAAnNpZyAAAAAAQ1JUIGN1cnYAAAAAAAAEAAAAAAUACgAPABQAGQAeACMAKAAtADIANwA7AEAARQBKAE8AVABZAF4AYwBoAG0AcgB3AHwAgQCGAIsAkACVAJoAnwCkAKkArgCyALcAvADBAMYAywDQANUA2wDgAOUA6wDwAPYA+wEBAQcBDQETARkBHwElASsBMgE4AT4BRQFMAVIBWQFgAWcBbgF1AXwBgwGLAZIBmgGhAakBsQG5AcEByQHRAdkB4QHpAfIB+gIDAgwCFAIdAiYCLwI4AkECSwJUAl0CZwJxAnoChAKOApgCogKsArYCwQLLAtUC4ALrAvUDAAMLAxYDIQMtAzgDQwNPA1oDZgNyA34DigOWA6IDrgO6A8cD0wPgA+wD+QQGBBMEIAQtBDsESARVBGMEcQR+BIwEmgSoBLYExATTBOEE8AT+BQ0FHAUrBToFSQVYBWcFdwWGBZYFpgW1BcUF1QXlBfYGBgYWBicGNwZIBlkGagZ7BowGnQavBsAG0QbjBvUHBwcZBysHPQdPB2EHdAeGB5kHrAe/B9IH5Qf4CAsIHwgyCEYIWghuCIIIlgiqCL4I0gjnCPsJEAklCToJTwlkCXkJjwmkCboJzwnlCfsKEQonCj0KVApqCoEKmAquCsUK3ArzCwsLIgs5C1ELaQuAC5gLsAvIC+EL+QwSDCoMQwxcDHUMjgynDMAM2QzzDQ0NJg1ADVoNdA2ODakNww3eDfgOEw4uDkkOZA5/DpsOtg7SDu4PCQ8lD0EPXg96D5YPsw/PD+wQCRAmEEMQYRB+EJsQuRDXEPURExExEU8RbRGMEaoRyRHoEgcSJhJFEmQShBKjEsMS4xMDEyMTQxNjE4MTpBPFE+UUBhQnFEkUahSLFK0UzhTwFRIVNBVWFXgVmxW9FeAWAxYmFkkWbBaPFrIW1hb6Fx0XQRdlF4kXrhfSF/cYGxhAGGUYihivGNUY+hkgGUUZaxmRGbcZ3RoEGioaURp3Gp4axRrsGxQbOxtjG4obshvaHAIcKhxSHHscoxzMHPUdHh1HHXAdmR3DHeweFh5AHmoelB6+HukfEx8+H2kflB+/H+ogFSBBIGwgmCDEIPAhHCFIIXUhoSHOIfsiJyJVIoIiryLdIwojOCNmI5QjwiPwJB8kTSR8JKsk2iUJJTglaCWXJccl9yYnJlcmhya3JugnGCdJJ3onqyfcKA0oPyhxKKIo1CkGKTgpaymdKdAqAio1KmgqmyrPKwIrNitpK50r0SwFLDksbiyiLNctDC1BLXYtqy3hLhYuTC6CLrcu7i8kL1ovkS/HL/4wNTBsMKQw2zESMUoxgjG6MfIyKjJjMpsy1DMNM0YzfzO4M/E0KzRlNJ402DUTNU01hzXCNf02NzZyNq426TckN2A3nDfXOBQ4UDiMOMg5BTlCOX85vDn5OjY6dDqyOu87LTtrO6o76DwnPGU8pDzjPSI9YT2hPeA+ID5gPqA+4D8hP2E/oj/iQCNAZECmQOdBKUFqQaxB7kIwQnJCtUL3QzpDfUPARANER0SKRM5FEkVVRZpF3kYiRmdGq0bwRzVHe0fASAVIS0iRSNdJHUljSalJ8Eo3Sn1KxEsMS1NLmkviTCpMcky6TQJNSk2TTdxOJU5uTrdPAE9JT5NP3VAnUHFQu1EGUVBRm1HmUjFSfFLHUxNTX1OqU/ZUQlSPVNtVKFV1VcJWD1ZcVqlW91dEV5JX4FgvWH1Yy1kaWWlZuFoHWlZaplr1W0VblVvlXDVchlzWXSddeF3JXhpebF69Xw9fYV+zYAVgV2CqYPxhT2GiYfViSWKcYvBjQ2OXY+tkQGSUZOllPWWSZedmPWaSZuhnPWeTZ+loP2iWaOxpQ2maafFqSGqfavdrT2una/9sV2yvbQhtYG25bhJua27Ebx5veG/RcCtwhnDgcTpxlXHwcktypnMBc11zuHQUdHB0zHUodYV14XY+dpt2+HdWd7N4EXhueMx5KnmJeed6RnqlewR7Y3vCfCF8gXzhfUF9oX4BfmJ+wn8jf4R/5YBHgKiBCoFrgc2CMIKSgvSDV4O6hB2EgITjhUeFq4YOhnKG14c7h5+IBIhpiM6JM4mZif6KZIrKizCLlov8jGOMyo0xjZiN/45mjs6PNo+ekAaQbpDWkT+RqJIRknqS45NNk7aUIJSKlPSVX5XJljSWn5cKl3WX4JhMmLiZJJmQmfyaaJrVm0Kbr5wcnImc951kndKeQJ6unx2fi5/6oGmg2KFHobaiJqKWowajdqPmpFakx6U4pammGqaLpv2nbqfgqFKoxKk3qamqHKqPqwKrdavprFys0K1ErbiuLa6hrxavi7AAsHWw6rFgsdayS7LCszizrrQltJy1E7WKtgG2ebbwt2i34LhZuNG5SrnCuju6tbsuu6e8IbybvRW9j74KvoS+/796v/XAcMDswWfB48JfwtvDWMPUxFHEzsVLxcjGRsbDx0HHv8g9yLzJOsm5yjjKt8s2y7bMNcy1zTXNtc42zrbPN8+40DnQutE80b7SP9LB00TTxtRJ1MvVTtXR1lXW2Ndc1+DYZNjo2WzZ8dp22vvbgNwF3IrdEN2W3hzeot8p36/gNuC94UThzOJT4tvjY+Pr5HPk/OWE5g3mlucf56noMui86Ubp0Opb6uXrcOv77IbtEe2c7ijutO9A78zwWPDl8XLx//KM8xnzp/Q09ML1UPXe9m32+/eK+Bn4qPk4+cf6V/rn+3f8B/yY/Sn9uv5L/tz/bf///+4AIUFkb2JlAGRAAAAAAQMAEAMCAwYAAAAAAAAAAAAAAAD/2wCEAAEBAQEBAQEBAQEBAQEBAQEBAQEBAQEBAQEBAQEBAQEBAQEBAQEBAQEBAQECAgICAgICAgICAgMDAwMDAwMDAwMBAQEBAQEBAQEBAQICAQICAwMDAwMDAwMDAwMDAwMDAwMDAwMDAwMDAwMDAwMDAwMDAwMDAwMDAwMDAwMDAwMDA//CABEIAXYBwwMBEQACEQEDEQH/xADuAAABAwQDAQAAAAAAAAAAAAAABQYHAgMECAEJCgsBAQADAQEBAQAAAAAAAAAAAAACAwQBBQYHEAACAQMDAgUEAQQCAQQDAQABAgMABAUREgYTBxAhMQgJIDAyFCJAQSMKMxVQcEJDNCUWFxoRAAICAAUDAgQEAggEBgECBwECEQMAIRIEBTEiBkETUWEyB3GBIxSRQhAgMKGxUhUIwdFiM/DhckMkFoLxJVBwklM0NScSAAICAQIDBQUGBQQBBAMAAAABEQIhMRIQQQNRYXEiMiAwgcETQPCRobEj0eFCMwRQ8VIUcGJygiRDYwX/2gAMAwEBAhEDEQAAAPn/AIAAAAAAAAAAAAAAAAAAAAAAAAAAAAAAAAAAAAAAAAAAAAAAAAAAAAAAAAAAAAAAAAAAAAAAAAAAAAAAAAAAAAAAAAAAAAAAAAAAAAAAAXY2E6iXCChKkAAAAAAAAAAAAAAAAAAAAAAAAAAAAAAAAr5zmXZosq7X7aOyr1PP7A7MukeLZ5hvO9TV+u2lLhwAAAAAAAAAAOSo4OAOSstlwtlZbAAA5OSo4OCotgAABdOBan3uq2+f6oNebYTVlQ7aGhzsaZe6qUXeP7yPd1X5dSiAAAAABUUgBUByVnJyUFZwByBwcls4OCs5ODk5OAOAOCkAKxWR77tGX04bPL222xweEqziBGTa5Wy+XROr62MGnx9ef7KfzoAAAAAAXB0y52C9q2MV7AQlO/YzPGV9JQMoxRvOsYidzQDs+qBNFWcKwDns+OQenY7gSp3bsbf25J1hGf8AQa0J+bjJt674XUOV872nXZfY/f5XZR6efIhjjOOjHh1OlpSHG+4zOyjeKBO88eXk+t18Q28IgAAAAAbZTh7z9njbk31O+qK5j9FTrln8uU+TzC8rOwuSnRKCjyafGjQyM/GD3b0xJ93PY9w3I9iEqNquQ2W2UrGrI5NWfZTsNa+aYzjxDqjGsNHz8/N9Xrqq0+gjVi9z+vx+wft816OdV1lEbYdGRdUkURSpWtjkmjFGtiGJc82+DX57M3pUuAAAAAAd786PaDv8SSb+vSiC/T6ChR1Vq0qfJ5Ll6VPCGROebZRtPuqg6mcbYboUzbvIBm77JfV8126ou+VSD3jvtokWm/X2yOJytp29Rs/W/dHDp1a2R0+Crz9P0X9+Gbr8M3asu5kdPWDi2JtHLV00qvOlcsa05NOyuOaOwf3b1Idr8dOP0KHQAAAA5OT0ZsfsW9rx37nO+O5dy2r1tmXjvUXFIyErvXBmyxVW1vPWaWCaRn9DWLyLZ2+j85Q5y7yjGjdzy+ueTDnbgJ4DIkdmmTtRa7Kqb9V/ObraTq24Fzp6bssbed6mBVWlappPKkTlTepsa91EbtEHGhVsfCni34KYAAAABUegmnH7YvY8t81zeFOxdzalcUBXMwyDMMOpnmZby72gsnj4NkVeNGS/pK7POWAOC2YhiCWJolCaI1NrT8PTMO/O/vXqUq+XhGEESjDG6NntbTRYPLoMNMTwerI87MAAAAAqO72NPvA9Pw5D5a6s3puTPPPFozTNMszae1Rc8ZUy3dyicU7ytUa+NofXuY7uyvgw6+WbeHJYtdeEJzmCJDqb3Wh1G/8AP6JM0Uyb7mLK5bTo4lCHlm37LMa6hHG2M4j4go1DPDas1j7MAAAAArOyuij6Le3C8YWPmrU7OlWuKxKec4oQZpejZc525xkdKE+XauY/n2x55GtZ9TKs7q69PMPDKqRP7zHlPHmwuE+PEV1LvJOE3fn975spmL3MpthauYwjVyQ+Sx55W9Zc3bjOyI3kgXkNUHPFfZZoLKYAAAABySZHv1KrsUlw5IcdDphFWqqVVqvyOZ1dW3Y2Z9K5Wzu8yCnnaMEmX5uuxqpcm6i56AoWe8sGLDuNwndJ3SRAldJVBr+X6Dhw3z773j3dvUuagTpEyHEfXUiduRNJi4Uby7B3KtUDxeXy637ZcAAAAAcmVN9IWmvtElCRuHLR1XSVI8UzP72/nsy+cvR7WKEuVljvcfzLG35d6BZ10X5FD1Y129tQYxZMQT6mDAk96kX8S8VjZ8b2LPn27QfReMo6s6bqYcifPiSJLqNYb0zPyo7nyDXdTZvDxfzQnR3gAAAACounsBor9Y1kJKqk5VzkyxVuFQzi+ZcO0QZHGUVFquFjztbY8z0EzdQo2ZV/1aK9Tjzu2bHF1GDmqwYb02iSTaRI9Tc8mz43pJENu2HseA59OZK9AkCfrJ9ZvCNEg8NnqNJIQrak63glvak3AAAAAALh2dZ+fSAqSxLr4qLlRVkzhRiybHNK9SyK+ZXI19ss9nj+dc1sG+v18Nnz+r/q48/cqqY1faqs1ufETFvwoTRe9TJQb1M2v4fps2GjcD1vMd+3Lb0Z0zSS+9TeEQSLuN+RpkbxQpS0t3PntbkMTcAByVlsAAqMo+jT5bud2H5iL8SzwoGTJkwZEe5ZxWzae09nZzTsY+tbB6GL9BjKa3Z2nJ9GvKSx8vK89eDy9MhfhyilCP2Tco0tDx/QYk233peU+O0V7eWtmdGkT4zSRuzIfTbI1IM468D54ft8bnQAAAABycFyTuF899GXOlvpzxK/ColejxQz8yZ9u5+VRZjlUdGDTJLhxI8z0GpuzOP2s6t5PFj0s2bbYYOFncSm7B53BE0Ru2NDLazPJ9LX3y7N0/osE07PMyNVpPCn8JmqaI4icm3hs9RqQEdSdzwDe7zErAAAAAFwpKjJi99/lPSJZx0V9cFJVnJQqz5HK7/dF/HLKlzL4tUaU2riPGaJd6Ef6PPeXq4b3zup97Mivuspwdx7L8fNLC7zDEYQu2NXLbHXlb4H15Nu9Nc4acirpitaMyXXzGsN9BAxaW+M/f2NeNdjoUt54h/bWOOAAAAAKgAu85s13v01PAb26TmxVrU4qpmK8+rTZzX3ZlOdFrmhsYjeWoHLIk1Y/LB7Nfq18TTPfapJ9bMpQ40fO24kJ4vIpwkjYlxuZLtacPoeQX6bwfZtg17IRPmeeX/ShH9XEuVaDn6iy43J1NKzVGKWtejnmw68d/qrPQAFZScAAABc6uzduvmPo5eY2L5W5exWJHB2WbxVFf6OLsLI8w6WryDad6SNMfnA/WVe2/56/wBWfmz2V9nz5n21Q34O3Go0YKvHSQOmjKLOyWdJGbT85X9E8r0zeTD3Q+LfsFFM3r8SnGlRS3s/UrRFuy60OXRXFrTqeTa55avQW+gpAyCyUgAHIHBd6unpT8iPvC8SEwXdfGyOyPqJ9uRPAx6Gy9/dPcl8PfPaWxdnZnHzpvoOdCu6O1tPPp/fOz3nx5tnfesZdc235K9ZVj3zYufW0ORYVFvklth41/tMGHDnqK8h7ofJTrvslzTONqYNuogRIEpNGyUS2c1l7HxC63RFulRFSBUBSByBwAAVl0zEfZV4tXrloumSVbvlyddbDn1sYG3PtNaPK0wxkra6vzh6ufPc9e1tzVyek7znv28jNNcZy16VTT8/Q+950aeat/PbmFyEY854BfpcHQlvgQsyuS+hv4kvQxRbIOjmbYT5RQeSaoy5ImlzUyFfzn93dHtVlEFRwBwAFQFIAAGSOIXaYe+Pyo9/vn2SfoqkeR47Jp+Xu1PqQhajkG+c86PqR+fBrsY9mhFV2TJk913ix9Yeet9DgpPT0CtPmvHj3sCd3XtOv58f3fyGkNHptTz/AFMZzdLLT9L3Hu3pnx0wZFuZCr0tfpmSRS50zzr+dJtsTp9AAAAAADk5ODN4W6jqjBRqqkXTX7M8PPSvi3SiyTnpmuc7jzlc298umjxPDB7NGl3g/Q3bOXl6QjlElQj9CHxq/Qauc9lKn2GG41SMc2vx7/Q/L9Mvr4dKLNEE+d6KLX6K9b5XahGHvw8j2uxiqaiSrsrhmqUa0T19PnCaaup3Rqt9AAAAAAAAVcO2FDqo0OmXNjrsG4PoeYoKu3CGrvtx7N66JPuUuovf53no9DztG/T8TZ/NV5//ADvsor8/1kyi7hLIr5j7Dhyc9hniV+urTyVtksSJh5+dMMM3QJ9L4Oi/oVRxNrLpyx13Rl886T8Wyeq9HqN8/f3C4vS3eSydU+uvE8dVmTz7adcf81WgOAAAAAAC5I4s3H9VQ477t3c9XblVXrJ9B4yB6eWU8kNldXluOvsPy0RNdJkX1Z+rFcpzL0NnSX8t97EWTXjygj02X7uyFkokHsdoKeduM7JMqoiqPe5aENWPoPI6J9+eRtNVN04Y7lvyhMWa6QOcd+P0Y0nB00pV1mbho6PXua95tcYd0cO8nJSAAAAACn2Mt5uOiqGzND0b+R2M/W8vTT6/x0nBe7Nc97o+dJHv4dX8mznPJVllhuGuPdeXcvI1K87X0R+P9YyY3Xc/JA6399PD2f8Acckxs0Py6dK5d7/81nbnGw9HxfIbrjsNoi2I9QpQu6uOu3K5u14GbcgZLHX6vnNXPt2tzOtCnb0zZPWjxdT3oAAAAAAcks01ybCM+4+elfyG/wB2+9pp6f8A7L5rUC29Ho9Td+zxuz3Zg6+dGWT9W6GYZY+woXv0W83dn8G/pD8z2dXPP17ma8PbD5094PPvWoLOO7Ahbe25p23Rn6embO5/OZ9N4OhbbIGvz0/lTh01Pu+tbhSi49jWnbJLLp1Vqf8AoPqunpI8r6bU1roRAAAAAABajTPva5Nqh6iPm9HaFTbK99bx2VpeqGm27zYA11pG3Az7atbId2T9OOpEJps8cLef6U9Uy7U/A9fSzztLJj3czHc3/J0NPJKSLKZMs7j0ki46bLJH0J19iKfRi8+31WPSzVkXrJue3LsbswQvnvSMmxgdtbtPZG0+X2IyvlTPR0R5/U6L6/etgAAZRaKCkAJO5VLbF6J/I19+XjaZhRk6VbyvkpTOGw8NlUz+n5sB+b6eivqY+tL1PI6aLlmuxc5X3CeTp3X+T+hYVXatmeI/ldCHRfuB7ktlNGR6ehXkQsYeXkL1aYvxSdNkZ115l7W6svV8/VPdV2Tcr7HNVMP0zjvZRTNsnj1zlXpYvOai49HjZ5zoZ9LVxwABycAAAVE4SzdnmLL7Fvnd0/1nyteI65l+JxSPHdCUt0GT09rMLIauszzIddl2Hj06Oz3w/eR/OsY1iOPI7xos2L9Xk2S4+b4vS6GFOnL0IT8O3XfLfGHhbZp9DJOXqU5UeXtPXpvoc1cHfspWroYVN3GrMwaNUPRt0Nl3xP5q+pD2NXPFIAVFIAAFZP0vK9wHl39peLXIdfX5XJ0Zy1PipezYlSs69dfYV9Fm0/xQbldsZ4dbOpkh1SavIR5UZHnr1h+6El604epQi49CjyrYP2vN1j8T1mrQYFbX/wAH0Vei7Zb6Py3DCKl2Ll9TmbX1atpJwenpZk+uWtWHdr4j1/8AO+HjbXoNs0UgAAZxiFAAcnbrR5Xu8zbpiqhIkL3dmm4JlbJWq74XMMli/kz78qzLkeefv2I9jJrjhvjvAb9FkdRlm7UT+WXenrYnD1aaeXpUClV1978cXZNzFxVx3EwvI9DC8uzYT6XC9rC/Zjs7Yv8A3xbPm2VegbUDHptjCXdeKnWvoeGPa191LYAByVlsC6WjJR9r7w+/WnbKeLVIlUnlTasc6tqlvsXZA79lWwXr49XPnfS2a9fPmR1anedCNcPUSvUkWc47BoZbFmNa/t46tsVGqtUMt1PrIvDHovjuu1A83dn1Jp9PzXNsgrKn9r5Ju7kIZONGqDYbGgRga0nQTbl8dfsXIUrbaIAAAAVAbH3Y/oVy8zZTzr5eq9GS6ZO6Nq7R1ZqirOTR6vNqduB716NCvCu3f95HmWGh/h8xc2pHovs+vShefZg0SUZ0reihetLiKjSvWMawz4mFDSyK7G3g0SVrzSvbBc7CzfU8tsUCJOjJocuaoyiJjQmFHiX3x6yfTv4Sx3AAAAADk7DNHne9DT4s+Y7pJh6z083U7qJO+RwUyV4SVKeObVFwdsc2miZMtkXcz694JYNWlNy2ZPq1tHDdeqhmW1OBSva+zp7OaLvN0PLXGWtM9LvHiyct8awuTPP1zPtzPqdeVyhS0xzdlSbzjXjNq90plqLqmqDnmKt8/wAw/saGhLRbKQAAKygAAliOf3c7PB7MdMpLweg9uWOvDpc+M4EFVxeFcWs92XmnzpKFtTB87jXjtK4W5sbPPIdzbMr29iO32mUc5uwjhjNW2o7fqz48Y77tj2qNrnJ20VOPtOfr7fmxeSSpdQHWWkx+R1510eebryxaqNftW5NdpLYAAFwtgAFZ3T1+X7HfU8PZSjU/u7nbm1urz9DnFyHFSniwLfYVU6nfojh562DjI9VqbVKzLmT3qtw8bM8xfR9fWKOv/kysW9op43p9Z/bIpp0tm6h09hJ1ksq4r6FillbDJqMy6LBqpha6fQpCjyo6pQV21m324YFs4AAAALxZLg/JZey3zsnqm9LB2WXpCzbX1zS9aOOSrjg5qd19Cph42c3oSJqyt/JJrZ4Y1F7N7JwT45+qmZ1adDu0xbPl8x5MISRCri0q5xJLcgepjkTXXIHe5/FFZO71CsMBBi+hXqzn50AedHz166YYloY3dDb02WSooOAACsoAWrK0WuzKHfPEqxrkiLuTwU+gKVXZJrvlq651Q67KrnRmisQsvwlK+mmOs9iFX3S2vk/9nJnJVcK0+qkFblFEbdcUymeX6EGlimwbpQfqdLurF3Xe3ikijQs0aUjsWt2MV244c7o6ic7zz47dO9Jp57mrr6yJTxeyDgtAAAVnJbK3KHbw5OVq8sqnKKzI9c1faPi56FLrO1TTXLmqDjx6nFAtcsV6l62UDYoeaBi9QPs3PrJNZy3KfLqq1qMnxqzNrFYxabnxrqh6mca6Y9S8LfGlDJ7Ffbw7++p51uvYg8p1frr6/wDNo6OfP16PaLmpbotZKmFy9oa+4SdIHBScAAAAAAClypz9oy+wV5ccGjl2nruxV9gGZ3hct7ZvQz7Rbc7yjc82dBafKt4uzpq533f/AEfi7GYtL056FvDfkZoqE4rc6ot5pROVJMpNLVLW+7H4xPN19aMuyzW2llS7NUGrTDW3RYzZYml3alSilc1NWqLSsusdlaLYFZZOAAAAAACoz+VuZUp9qvd4rimKLmdzk72ZN/POl2d1XbP+lT1P5dfT1ojG+HT6J+ZPRH62Ca+zUZ6cnPVfvk16Oo2qtpXVxvVDSGnR55/H3dTd9+FKlcvldlVewQxdF2Nf3MVNtxOXt5Y13MNdw7SWjk4OTgAA5OALs1qAKjhzJFMV2Vd53JlDN7FWcdnMaXzXlRlI+vBG+PTZzbG/215yx7i5p780n3opb0OPa6KtfFnwr1vz7tV7qtSqNzJurbN0kq6Lp7RllmLF7zCXJXJ4XeJCVS5Fd5KS0cAAAAHJeLACneTKAVFJeOXa3FflTj7Vm9hnK8pepKMhJWj3ClSm8nG7XL9mW7n5csidssw5boK10KLJIvNL92ePGOD1kiqbDsvT7Outlz+0Y3LOeWo61PRS+ypS5KQLBwAAAAcnJyUAf//aAAgBAgABBQD/ANHNTQ00VN9HUH/yROlAEhYnaoLZg4tImC2sSi4hGjRMn/kPSvWljLFITthiAqGHSnAVtRowDSyxDXaQf/HbS9JbkELtpCOn5V1lotuJo15VNFuDLtP3ApNdNqMbVoa0o+X2dfqJFAFj03qKItTW5LfrkN+sgX9dKaJ4/EgkRxlqEZWWWDojYZFMhA3NXUSt5NCQrRl1G5qlqX/k+2ihmRdlMoCsNyyRhPA+OnlpSIGBiOkEE8lSApQ1Zd0Yo7gFG5YwzlkIIDAwwknpPUVvETe77ZFjMsbOqqH871QwWHSOo4VNKoUXn+Ca5v3uLUyCG38mk0SttDQBvOgCDqKlINPGrfcRljbTR3GkdSxs9NE6g+I8EIUK7EySHZIgcEaG5RWt7e6YQou1I41SiqkiJSW1ROrcVHcqlNds0j3iuBJveuspp9CpIBjdQoYMI5IWSVN1vPIVUTaFJC9bnrc1K+hbXbvapGZggIiJ1P2pD/JlBUvqWbReswp21j+jz8FYqVlbduWn/P8AKWT+GRfUR9ZjXWamLyUu+M9Zq8q1FailYKerWoFSyEB5iGSZtkMjaQzaUZhsmfedahI01FaipX2lJdU1FaigR0/7/ak/P+0no34/W8mwpJvNeVP/AMbz9NI20unn1i+3JKFF5L/ktpvKGfy+sUdPoH25GQO8iCgyNUrqPrLHU+dD+JDNrTuBHPtcBtstvIHXqLTH+MUnkZFreK3NW5q3Gtxrca3GpWTTJOi1j5Q0cLppEzM3hvbfuP2B9uRd1IOsgO0kEtRcghtaLADqGupR868hWooEV1BUpG2R9qyfnakbE2sVIKhiWrWusaEoIabSusa6xqdlip23rklLDHOFjjfUQaEs4UqwamjVTqK30hDU8aqDKQ281vNSSFI4zvj+0UOkEiLESCddBvWj5kpI1bJF8S6gyOCQSa8686ffo7ECdqt5tqQyGpm/xBkI1FajwJehuNHyG8Vq7VKHqYaR2ZJeESaRltXZtysRRdiPOhSrJu1JD/xk6i0HU1MwMcDKYvtN+K+lN6eBkKESFyx0XqNWutN6j18HPlMRrKRpGRthlYGNy4ZNtaj6JJNldXdQrUVcSlTdyER2DsZYZSKhlJOutLWhrQ1valmYATnRpNz6Goz/ACk/K3Hl9tpBBM8u9esD4H1+g+rSBK6611hXWWpjqsnrOu+reHakM1QTaiR94P8Ayj1ll0oNuEsmynm1WKcaVK+lXTb2hudHil8oZtCJhp1hqJj0+rXVonU0DoerUelSf8MA/wAf27hN6o2qlQBvaiTqGGjMCFP8pGQVrrUiqTsWti1sWpHUJI4NSOCcbrKjRvFNC6a6gh1WvSi4aiyLG79QkA0P41uapgCHOpjjXqQfjCY9QQXMaAanTwT8a9a2rVuZAZn1SEf4ftsf4giGUGJ1Zto11ogmgCPB0DgNtrUNUhCL1K6pqRtxlSgukmOKwm/c/sQqGpTsBfUNMRXTpvRV08XGypG1WQKGgFuzoIkVAVqL8UcODt8Q+g6ldSupRamkYRoP8P2xt23sAkjtlQ1ICw/EKwYEgUXGm6WjqA76ncx8N60XXVwWEqvrZTEm6RDDBvZVYgaah/Vv40TqfGan/GcRGhbuk9nGjgKWpAVT+QpJdZNab+FKQwZgtDzHggVl/iIfuN5ifW2kqT0g/CT08JfwHrR9P7H1L6GNFBsDF1bmIfro5VlYsV/429Z6Hp4zVJ+Mi72itgyxxiIRetQIGoxBZKnrfpQbc0f/AB+EP5+q/cKlqvYxcKn+G5lOtJ6eMtKm4BNtL6z0fXwi8wkJ6Eg0eOrfWpLcwt0vIjafGb0f8Y13zvYy20LCXXQUn5QruRotr0aEZYImz6Lb/wC3/f7gJFKxLX9uGbrGStDFQbU10pXowSGhE8ddOR66EmksbLCoDKy0F0qxjeWQCMRZG3EdLJsaLTZcxO8MjTLWrGvMeM3o/wCNpGz3ruVkvoOs0iMtR662hq58nrY1RsyoWLUQdNknhaIDc/8Au+6PIsdxvbcRgu8hgH8x62zolaI7zwoDFsD6KaySKLeIERq2lOxcYqARRkAyXUK3SyKBQEztZu1yl1A6g6hlidmazkjLDZTneHTyxUbftTgOwIFT2+sagk20m0yoJT063mtzUu40oIO4+Fqu1yun9A6q63cCJIsWlFSFhlpJCGncmkdurA0ey4k3SSKiHpgpbWu8xp01qLbV3b6hIwWtzNDIbt2pgrzQK4lvnbbKy61rocXaIYdSkSqXqREaE24jp/VHOlbFoqtDYtAxmtq1tOsCkRsQR/QTdMqbOVmmWaMw/ksn+TduVJFimjuoiJoalQOz2+jpEYT/AG8AperiIwSeA/5IX2SXbdV5YdD0aSDc9rZiG3nh3BmMJqePdSReZQqPA+qrurpkeABJTyX7xOg660TrTallsmKz2hA6FdCoUKpNaECGHcC3QSxtJme+s1EMfkK18XjMq3C9Fkbq1t20DpWtH0hh0FlaJAsUzmkhMrizPX6L0kX8ZLVZUe3ltj0jXSNRLrHNbMldPTwsoDsA0H3SdKLKV6a16CIRVGzNTQhw+LWSNsXcoosLpa6dxPUGMuDUWFSGRXSoH6xvsVLakgrW9q3NTSOGibQ3McEpmEsFz1C0xSNw0J0aWOIQSMatnV4WYMqTSR1GoZv0VprLRXhKtLH1xJYyA9OWllaJ3uYmRtzmOAaIekPuhdRL/IBCC6hIzKoWNuvPGekxWOKpWkeUylkCNpEI3Z52iW2lJjiltmoW8ccty8slXpdXoqNv5nforBnaSF2CWczGW0aCulM1G30FuFFWkaSBCQemCscqpS3LsXkkoqxoqVqZ5NDEtGCMtFBbyB1EczqHJ+9vUKx1LsoWedejJNJtwJ6z9NTJHOWl0q3fqSrakqITHLcIzVBHEIFiVX3bV/bNu9xc29xTHY0nUNFZIyCajNtCn7UNtT30U6q8ClnhCMQ9JBDKbO3W2l60ruZwEEwah1IWWVDWoNDTWUR628yl5bRlG0gS7NNpNGh92T8qmcRiaY3JjQuLYSWN1b3qTmW1EJ6tCWMVa30qSTznqQRCUXEPSr1qOZI0ee3kMvRUypvRFmdjpEjXkbtJftMVvWmqW+McgyR1W/MqxTEiGbWpbqW2dJo54NVURS29SP1ZzBtlaMoKk9YP1yLrJh4Y5f4RIpa5gMleX3gNamcRLfP+zJF5Grf8I32sMh01gu1lpHt90phLbJZqmt4YY4ruW4jacGJ23s5RVvZYgYMrIsc1/cTLNdACW+6dPcyTVDEdWhm3PaSyGOLYWup4TYzidpHRFgvJIZbeWC7GyEVFLqVm2S21m8hmJaWVpq1lo27M4EZodOMzXgFNcLKPujXqZG4NL/GgStb2qKVwpuZFpCjlCWEdooSSS5hnizF8gkurbMxxG7tYuruoo4W9u4ZI2KyPGSHN6FE80gl0d6jt1jRYAlW6Fg0UrtNYTqq6oHDxi3u1NDelQTGBYLy1Ihv7XW7uzJS8hu7aFctIohy0kguL90Av7p16pkolQJWJNqxZj9yJTKLm7FvE+6X6FbQOdwRylRXIqa4knGyRoowJ1viI0t8zeQ1BnFae5y6bWk3PbqZZ7vSGSdnkdbdZaS1gZJYEddi1BIqMY3LNODHcxbml00vBobWZ9uqgHSoEXWNSjNGC8WkdG6utJHYMY2jUtrRbaHUFMdJ1STr9y2dESfY1GMEGIgaJTKQYymgjDU6KqwnWrVCkwZZTJtjmMNy9TWq3B/RVCbcW9blUWsUod3ZpxGGcaAqFkWKwjRKQFXjTSxt3c1MwJmCVk9ipj2LvJHIpqIvqjAJIxciQoA0hq0jhhSe+bcJpZSGYm8eQxWEcccP3D6ypubYFphuXoGpIQUWH+Qj2LKNahgArG2TvLeXiloLe8knjaeAXL9UddjUspLJrKysI0li1pBtRULm0jjjead7l6nlKhrvSNhseSpayUe6KBZI5C02v9oaXV3Nv0oIW6yRV1RTnc0bba6wMtQaafb1qSLUKu2OVd1CMgzRsaGoFBiBbQO4t7V5yF6ULOoFujC3vmPTeULbrIu24ddlrE3TuJllqWUCkOoVwhMo2CYCusKMqmnYMV1LSetXOryRWzIyqdIQD4W/kZ5hIrABdSPoJC0n+WlGg+3HGr1KXAdpNQrEs7qzEsXVgELEP5CxeOGpZY9esvTWEyOm0RXTCRZTogGgk85ICVhaNUZkV6jAUSD+T6iJI2YaSUqOwSKQCMv1ZPU6rTywidGSQanasjLUY3UFAU/wrcT9LjctpHoB9vTWozsqQLt6W8CPUz6B2/jRZWBSnBQBpCYw6iRGkYiJFa76dGRpBNW3RfzuG0to3kDeEK7y8upgJmQWgji6S1ZwiSS72JTuiszgmeQSlUj3ptUGtajYpSyhgzbvFI1dB50dRUURdoEWH7rFhUEu+njZUVhvaKJqmRaPqNK2qa2JXlUiu9bJYmCagNABMy0SDHAo6lzJuatDSEBpbeExWkYhjyE6z11Gqxd0kvpWLEOW9KIK0qgkgARLufomgsbUWRSBr4yW5VljjjDRg1CgU/ejbpPHcdaPofyEFTw0YvPpVIm0eEn4QfipUGQwlpoKYaItBd1dLwt4t0kCxRx3ORijEvkaaSUFGdqf8aEfWr9fZSQGo4irVFCFoW8Ip3TcLb/H0hXSoRAyGMIE/L708e9FSWBo8isoIRk1JrQVKhLdJjXQJqK1jrIQlW6barFqssPmUY0yHVV20F3HpNXRqJlWpX3K6gsQD4yEgjVj0zUcAgpY2kHRIpojp0zXTNCJ2At/ONNglkXVd81Rp0lYM9Rowb7cqqkngJCKP8mlt4rpX6lsY7vdUfVkLIULFgDvYMrxVI7y1/LUyaRtubwK60LbeqQhXdnB/nQhTc+4Upt5GkVlrdJVjDHPVwhWaGEA9Natp7Vp5LdiRDMKP5bYK6NLEQN1ulTXYKLGZKmjKKjA0qgVp9xiWfxFKdDrGwkghagbiEpe7gJ4wHCosrowEWoKqAkTF2h/jsIqNSjtEqrHDulnURvqtEjXcu421vDGxDV0hSKY4yBK3SYJoajiihlhvyztIrULaNy0Nopdo0qS9g27WnYQIFjCpTzmWkiFD+hFa0um7SOpZF0Nqs4lheIQzzMts9u9AQO0sQVo4RrIYI1nkW5CROAgWRHMcUhhjmHSp0bckLEEuVELNXSNJGSzWhBLi1Sab9g6JRgYuEnJVmCyCRykG8tCisiBfD+/TFKNB/Qmh5VqPo2b6NupENnb6XGsMkV5PSXwCmTqzXUNtQWZa/auLVoXtrsPBIT+vTQfyhgAV4Duhh8ulb0xgiaTJW6rNJJM0UNdClUKv9n9YfxrUV5ePn99kK/ZFa6Vqa8xW1dTEjPN+u0JRdBG4rZLQhLo1u7UJLyEm6npbiYu17LGTfOy/vTafsT0YpZIo4FUsNEh12+OxTQAFa+ArX+hlMhH1+VCvP6fLd5UfBSdHCErsA1SiUDTnc6dEDVK1SgR0X2kkR6IFANf2o/03/9oACAEDAAEFAP8A0cdVXwLBQGBP/kidKHmZZkiEt7GtPfSFp555Tb3axiKdJgDuojQ/+P6gjE18AzuZqmYUoOmlAGln6VQuGp/X/wAa7bA97Fsa7lc9Zq6zV0WoLtEnqo3R9E1aTaMDqPuGRUpriMD9lTXVFdZqV2I3Gtxrca3Gtxrca3GuotI4NSFSfHcoDsKDinmVTJcxrRySqTktxF8WP7ZqO4Q0xDGlAJnu0tzdXrSMJI7kyCUOsZ29Ot7USTWgNAkVuah/E2jM0R00+1KxjWWZpXOrADaY13xD0T08HcrSylqZ9pMrAzOqJHNC9I+jKdQPVmCmRwg6utMykK4Lb3d5i5qxH7MxSNHIXTbSJsqFwyELpduRFrVuLedLfHi0ugiSzlQi9Q6edLGGHSFdIV0hUkZUWbnZrr9u5cBAQa/sWGkEqdFZFNJ6V6U53Ug0pyDRkBqISaxxQqV03J6HUBp+pJNMRSmQqzsoQuJb3bGsjRsBG0YQM9FGXwUh6jWQFpNomDuG/jTpJaPbXE6yiOPduG7+NdCSlBUCjMilX3iTpsI9EYH7d3+CkbS1JAjxQwAGOIb2AHh6100rppXTXSSPQ6N4R+qeigGkhHVmhBoIQI9oEaxSEx9V+iaeEFBGUKKxPRNQxKKIOuwNRjWpoBrJbiRIoiahjABi0fpCtDTA7oU1qSFdYYQK0NaHcnp9q6/CKGORWt0FQwFR9elaaUfTpVHCQ23Sm9PuL+MSF1kjI+zIm6lj0bxX7dyo2bWNRKyvGTt+2jMH1JJjUxuNDp4MGNKH10rbJW2StklbZK2yVtWvIVbh914HV9slHxUAnav2E+3PuZI1CgqDSJ/GkbczDaa0rSgmo2CtgrYK2ChEFYeoXVJVG7bWygNKI1rbWta1rWta+AGpgURPeuxmrbrWwVsFBdDUZ3kpWwVsFdMVp4J9tgpp4yG2NSkBdKRgrtKhJkWg6k7DQ8h9KgmoyDUqncf4jX7SsN0Z3vedN4y236oo2U/3o1rW067TSgj7j+vj0lrpLXSWhEoP1p6Qj/JJ6yeg9Po1H0xx6m1iCiaMGKaJdfp861rX6D6/3+23rpQHn9tfzX1g9ZddJoTQGgr+9dZdQQZVQtXRaui3hH+UKbqmhP68sPn6V5ePnXn9HnR+9prQArQVqfsM6xgXEZrSgq0gBI8kmYgKS9uCT4n06a0sZ3pqo3NW5vCNGLQ7kHVkImJqVVUf1ANa/Z8q1So03kjSkO1ozvEy/wAYm1jaMIFO7w1rZSIAGOvii7zGdhX+asNizOadt46Q2M2lByT46VpWn9B5V60PFVLEgivPwPjB5FiNyjVo/wCNTMNIfWQEncI6BBoUqsxAIHjFX/yRD+HkxuAiGiyiNjrQIB3rSyI31/3++PBWK1JNoeu1KdV8YfVvyi9f/jm9Ipa1Jq5/NfQVD6t+XjFXrIG2I1yUd361Cm/E+MP5fSfT7p8RT+taa10DQGixybBJJvWofVvyikCL1A9TflVprr/7m/Kofyb8vH+0Po+n68TbZOsK6wpzuYrupo9B4dQKZXD0n4/0jevhuNbjW81vNAnWN2E7gbyKGqlvPwhcIZQgp9xI6moYqVZSJHCkFStf2iY7pJWWNiAQxqMqafbuHlTsdvgVUlY0NaaD+jZtoU9UFdPD+w8DQqKPWWTQHfW+i2vhpoS9CT/Jv8ZF1MbkFBvGlRrpVw2tFDrSjZTTEGOTfRGo2VsNbDSjb4s20I29f6BgSIyIwykrtNelA1oTRBFf3ilRTLIC0e4hpokpNJB4HXTYwev8tIf4sQSv5RfiDupxIKuZgpjZpCxCeH8QuwqvgHVvD1rTwk/ksQIT+hZNaR9XPofBPR/Tx6mjC3EtInTHi34+IpmKiKXyh/K+m6cZuzLJbTkOqibwmfaFctD4Q+v0r6f0Ev4Wse97yG0DpkRGiiAwdJjSptrcEoTKC0cRe+y6I+LyokkYIrCZdeqta6+D+g9ab8ihauka6Roz/wCC7vJJahkd6VxG0N4ABeL+u1+pjtLkIyXCyVoK0FSyiBUYSIo/k86wmL1++XbqaU+3azzJUsKu7PEFtJ1t1/7S1FC7ScCRRU+Tto3vr6WWO30SW5n0uMbfw3FuLWSti1oB4EVtFbmrQyV0poK3Gtx0V1nSeN7a6UMTKjOnUeCv2JdsxdDGXEcdzOrJkzHVpdR3UbwidFMduhuIgFDzyxfl95joCur7xTguA6wpPulYjQyQu9OArJNKlE3DgIhqSAg3cUrJDMpigQkWF4txAG1jEuoB3VoaeRlpmCgSxlYQ0tSTCObq1qut4TFIrF1LsSFXSnUOGfVF1LQiGkBt0jluNJxNtHUBt5BJEg2UDr90kAsQQfKho1bTV/J02aU6I0bKsbssiaNLJGso8lYMhuOqggkLw3lkJZUtFAsopoGs5Va3C6gMq00wUPcXBM37VxUVpJ04o54nkVmmCNreLsFxtkij6YQQ7nKgV06KBRKyGkIDRlTUwKUJ1ErassSFnTUMAdB6fcb1p/xh9KljjnFxbGzlSW32QSw/q3EauWgiIZJFa6OiyEy1E+wu+8x/lD6xXECNLIEG/fUahm6K10VpYhosOqum1qkj6tTWsXQFpJC6x7Ul8z1KMuryx7PCH8ZG6oFqA48qIci0vxa3EF5DMWKk/bOopn0LEyVHFoNK6igsOoWtxIJMUjPNaPUrXaiC6u0q6kZY+tJeVNEdUi/lGm1SzKLCw201uWkVNJpAJGSPQGv7VrSjcek1dJqeIgNZCenmmjZLf/sJZYTRjjCyMisjq4hWE1shqRoViWW5MhtZJE/65jVhbmF/X7knkJvwgjTpgkCjEhIUKGUPW0AEB6u76SNwLKSKTFJPUcE+PcyJLSRwATMitYRO1w5LqGKxgNuSMLSnyPT0pmYFCCEkCy9ZqEjU7SFFLarHudrSeCXp3c9NhnemwltFX/W2zh8a8YjtBqthZEoEgGrExxqyxD+Q+5PKqVOdGB6MImDH6D51s0o29uDrARKZ4j1Enq5sIZabHTKBi55pIo1jjr0oaAtIDWu6ivlpRQ6s4EghZZdp1Lio1DxTJ0z/ACrV9DrTSupYmWg5RneRqlaMrvG6JTTKCI/4CL1+5ktVNmFeElNAFry8CQK1Faitw1ljjYLboBsjpZ7SKgQwWcayMjEfT56LOjNUk7sI+nHcEFm/vVuQ0ZSNgwJkIK1uFbQ1LsWpY1D9NamiFxVvaCIMug2tWhqJGDfcuzulWPYsnkI/x8G9fOv7VNdI4s0kROvZhZordxb/AP1fKkHl9Nxv6cMEdstRxFjFah5PNUFCrHTdL+af8s35CjLtoPvln/5R6dEUi7VP32kEdJK08pXpkeajUHwf1o+VdUVNEWkdSqQAdZlBS3bbGsRDBdoYeQGp6TURp4N6HU15150CRRJqL00qKQKkko0d9W/vWg18qILV0X+mb1i9W9fskkVff8KumkTLSlSo9fAqDW1RTICI4yZnaIMHE6rEqM8jqwUK4cmlPUUnUxopHUan8zuNFj4ef0RelQqHoksxjUfSv5fQJG6so3FQFonU/ayEoSJddF1UW+rKPXeK3ig2o1rzqNAks3SWopElUnQOCSh3hUOiuEX8ijBRTOKPnXrTzMja0GBYjSidBE/lUGiIq7mdwBvHgzhT1RSSAv4lgKkfzhfUfcnhEokXYx12RnbCjNuDBvBiwO563SVuehcsQno/ofSH+IUro3qvrqKIIpvyPkI9rFp+n4AESPSruMaKAQRTSHYrEUS5bQ1o1BARsWgig0SKdmDKWNbGLRIo+9lY0anjuVkBljWKUskXr4Hxj/5P7t6eC+ngD5zTUDqH/wCGDzg+iL86llpCWX6nbavX8Hk2tG5el9fvTAUY96TQO9LrGIJta3E0Sa1Na6RS3DiC2JYI4WSR91xXTel8l8CDp0npV0V6Hl9DKWqAFJeolSuNEkXaXBrXw6i11FppQK6oretSxvokbbYl20vr9tGLDwmL1C7BNPOSBHpYkWkMgO5GpQCS4VFkMipGiU35dIdTzrea6ulK4YaitR4lQaYACtoo+RTxm866zh1nXUOuzqipzCgWfWiAwVAT0EpLyGchdoUBqCgfc08XKsCu00QdNhpFkDM0al5NAJWJi8juLODsppVFBgQrh6upzbvv2Lq21Y3reNd4pTqGukLqN1aCm8igOnU/ko3U6FqntJNsYmDNMyp+yaRJpCLZ1MetKdCv8qS2giIBIVSD98qdXB1PlWorzrzpgSVTUhBrcl0MckgqS5AMlyCIZtVhR9bmGKRJZtGWYkQtJpoaNEuKMRFR+Sl5FAdSP2ltw92zmF5CpYAsNaKJDTGOQC1iNTQrEFZmlbpqvrUPpuFJ+P8AQuDqy7h09Pp10qaaoB1hNbRI3Qt6SKEJCLnWSElRbROv6txHKLm4jr90Ub46pfeTXv8AH98117magJxI0bu0UGo39Kpv/sTSbZd+6m/GOpn6wSHarw+fSCxw+nRoDQf0OgrQVtBqWJhSqNr+R8P12MihVpzvVIWWRToRNpROqUrkFjGw6cddKOjarJTWQUfrDS1sh0GRYCYwFfdsjiZqmiatCa0AojUBWFdNqAIDKWpFbcAB/TD1fQjRKcJqdtNpt1bpLptp/NdEpREaO3p02laL46eQMocs1W4H612kTGIARHWoi+knnTiPU66pp4avR0pdP6L/2gAIAQEAAQUA/wDRzYK2CkieRjGQWGh/8gPOthqNCW7L+3rvL7iOU9r/AIJvdBygds/gt9tnFbfg3tN7BdoMf7s/jU9vPfy39xftN7v+2nPlGBI0+3oR9ehpRqWU66GtDSqdXGo0NKo0IOqqNPpA82A1dQAAu0KTTKAPp0ooKCDXC4TMcgyftF+ETv73luvbz7Te03tm4E1gliL1S65aJduYso3Tvf2Z4Z3c4v7svbLyP2wdz28j9keRZt3iPMlSCFJJQitTQGgrb51qBWoPjp50yjTZ5BdVCrpsWttBQCQDWxaXzVgKABDAGguqqu6tp1C6DGYjI5q/9nXwK98O79r7avYH7c/arh1wtrYrKrSR3NjLI11jZiLvHExZLDhY8/gyw99PtoxnfvtHlLC6xl/9tEZm4rwrlnOsv2++Ij3/AHcS1438BHvxzBxv+t97j7peLf6y99KLD/WV7M9P/wDzK9lpEh/1l+xSBf8AWX9vxA/1iey5myX+sH28kS+/1fpjDyf/AFju/Nrb98/g7+QjslY8h45n+LZYgjx00GxwFBJ49237h8um4N8YXv45+O3/APr6e/bltca/1mO4dwvFv9ZrtXaNg/8AXN9j1lJzv/XA9o+Vwvvs+NTvz7EuQOpQ6AUoOvsn+Ir3Z+8w+0L4v/a97NMXxLgOY5VnedcBynCs7NbdSVrFCj44oLvHxVdYwLV/izuzmOFcuwwe2+SftFadrfcodNPteyz223Huv9xvtn9qvY724cOxWMt0Fri7eKobWFVFunVity9R22wfqrtNs60kWrNbyoUtpi0dnJMJ8Yrj3a/Hx7ZPd/gfkZ+G7u17KraC3e5uPb58CHvM70Yns1/rXe33Cpwn4Qvjo4WvEPj79n3BJMV2749hVHF0SPCcJium7X9j+1HNYObYDjWGysLzwtdXpiPdrtXwbvX29+Rf2B829jvd/RtfhK+MdPc1zvjPHrjK5b2xe2zgXMcFw7sPY9teX9yc5ccn5O1gOrb460/Ykso6vceALiyMbX9qAubxu6s/j2Zfmk7ZF8ER5fa+AHi65f3cYKxKx2dvLpYWEklRYqcJFjirwWqU1mIY1hRnS2R6FlK0a2Yc2tqqv7d8lxU33N+AXvGc1PhhIndDtTi+ZYDOfEpJxj5R8TgMfYRQ20VX+FxVrjSqvXCcLwu8z/dbt32n4/gxG9g11NcSyXlg4F1jnDXWMkR47eaM+7j2jdtvd92S7Q+xnnXJffv2b7U8K7S8JtI8hY5jtFm7/HX2L5TwrB5nI2Ebzvj46e2SWN7Ab7iyHUyGNt2e5sYguds1ZM/Y6j5OeAJy/wBsTKVH2B6sFFf658cUnfTCWm9bKIGrKLRIhIa2tK0cZEcMCuUtRrDbgU0DyItpsRIlAlmtrK5teQZm3sVttayWMJW44RaW/dyPFbLaDHSRF45LimtN6i1k1a4yIinjO0QManswwubANV1YNLTYpmMNvGj2nt+7bcK7+4CGbo3kH61zjrOWRrGU2CXVoHLY+MvPZhUubZ915EQLq2Rje2lZ+znMuftZFr3V4CDOdrLuBoJfsqu6v9drJ/re7LCRHqW1mOvbWqawwq1JbEpFaPMP0ztitdTEiqFt1ItBdbxbKwhsoncY8rQxELTXcGrZHBm45FHYo4NkCr40sJbNdXtFFNjnKSW5Mkln1qewNT2kgp7Lcs9oI1e36bclx6LfYW3kcf8AXq8EFoXR7HdV1ZvGbizQrLaaGWFCs1q9X9q8lXloUXL2aMvJo1jj72WhvsL3UxTce7knzP2FJFfAByGXB/INj49Gx8zGyxyRtUMQSorfZUFvLta1DIltMWhtgwW21P6aai0XZb24W5Nu+iIhXIWRaszZRLd2aLI5gQvPakCW3YV0NXEMQaaBTUsLOETWOe3ch4dKuFGk0B38kSdE4oqzWMNrvWCDRJIwJLmDdV3AqmaJ3aayQ1Naoov4Cpu7c1m4CRyau60Mj433j4Y4H3K/ZQ+fxFc5j4H8h9q52Ywq1WEZjSCHdGiMY7ZdBFGNIeqKRDTa7FXfXRQyQptWNCwEa1fQHTORkxY3WSOSIbSqMBj0Ytbghrd0PQ8ntdytbLIJYEYzQENcR6i5icR8lQSW3ApIjaW0BaO4EdrFLPHFHcJqLy3GjRCN7mNVjvIQ0d7BuN8kjPnY2auVW8Wnc63P/WfJNi5LD3UnyP2F9e0fN7vtn3W4bmrLknH8Tbwwx2Mf8rVCyw2pL21siPFEFbpArDE1PE0lRxsaSFnMUYcdMKemDV6q7ctCGix7B7dArRyxBH6dHaTKf5sg1liQCSORRJ5LcCN1mhlCSQaHk0O617eSA2kEQMN3C7CS3JLJHKDGoa6hCLMmkU8CKb2IaX0QEmct2euVwsqdxIZFtflKuA3uoPr9geump+Jju1//AGL2AYsq8eOglUwoI0WNWe3juJEjjG1IBqoO0QNthXZRWJ6kWQUzDpDTW5CyW99oY8YIQlq2rDdLSqkhaEM0tm6tJErU6R6FOrUg6sk0O+riOTR45GfkttC0HbYhYLNRsuIFRJbd2LWoiFzGwM8O6pEIe5g/hd27KchECudg0rlECCLuFbL0vklvhe+7c+v2FYLSspr/AFpO+sGQ7f4OQEWbSG2hChYAxqJlUQI2gQkovmNCpRWZTJIIdyof5rKVNSLvjnRFa1h31bBCWYtOsKb2VlEisxZd0NxCFMo21LGJHaICpkXe8SC5zhAi4DcxmfDk7EMLxyhgJodC1uKlj3tNF5TxNI93C2l3Bq+cWE1yaBSncqIJae+nLLmfdX9pSpHxFe4+L20++Lj12BVj1JTZRqDbW+xYmZEhG0RRgjRgEaTSNXeGFK/kE27hJHSDdDfArWD6btCscN3MjBwpQnpbSoekhUrN0nSeEKbhGQ3KkGVfOTSaXOfzHCrWG2uMEVNrbQxziRfK5jk1Zd1TIQJbVCLiDal0moyMa7M3GNOQwRxR945Vt8F7g8+/Ku+B9fEDWiEA+hPygmktpPiH94Fn7uPaVh9sgtRuFvIenbwRvJbRhaUbZYTHPQLFY1bSONGoI2jRgLIryPas37GUXY2LljivbjSO/wD8NzYqrlFQKpWGN1iCGSMqzIZTNHGEmhAq5t1Q3UKLNnFUR8SK/ucelX9OxGghTWpodauLcFZo22y28a1dRojTRAtdwwuM3HsHLFkjh90ORXF9ueS37ZLOnzP2ACa8wU8z8L/vbk9onuw4rloL2zsQxFoyAQGTcqyGl66uigUkfmsboYoRLQRhRVyJ9nVBLTZPbLNbzzwTX8MUb4OSOVLSWNRs1qOIaSRJpIpFPs2XMUcSyKrC5B1vFLT8nlleXC77blPBr5TbYxt7bXS4kCmpY96SxvpexyqLmBWF4Hc3ylVzEekPLUdIvfvylOM9hZXaZvsx1pq2m0ws6P8AA58glr7mew+Ml6sVqyARsALdXYpBoVWRaAC1GoURf8kaP1AGCzsu6WTo3F83+K6vUVMbe4+fC4e6QXXSRb9INYSiksJNZWQy6MEuenrc2/Uq8YirlJRNyXYs3Hbb/wDP8NvWgbEXaEiR/wBgdN4WUayxoKuBE7TKFF0Y5xfgNWcWuayMYPlx5TNx32saBaPr9hWC0D/JjqU/H2k+53nvtF74+yv3Zdufdl2btZUVLdGZ7dWVBGjRxhYgITIrqwEcLbQYxGSNs4KLPcOsWRuBs5Tl7Czj95Xz18k9v3vu4XzjjfLLCyuknOEZnm5Vxx+O5WaNkEg306KKuo2arhCsd2WJl2m976c5sO3nbr4wvm1ysHL+3fLbLOWGCvXdYWDTcGt4MthpFDtOWqZWBuFBqWJlGRhcDkUS7eZsET5uM6MR7bdNsf0bDRGh+nTSkY6hiD8SvyR8g9jHd/s53X4z3K4lYXaSLBLG0VmzkwWcwLwdWltGaocRdSBoGkfIYsWePuZVAvLnY185/W+Xv3m2fs99tOe5DleRZr/Xd96v/wDVfb7w7OXV7VjKWOYQct4JPEUUQFqfVll2CroANfMsTPLF1vmn7wS9s/Y+trdIfiB+Y+77IXHAecYrkuLt543rthkv+s5NyTGvg+QXIkhe5iWQXEIqdt8eTkdaz3SKc6tJDj/n55YLPgnmVA82Cjx10pvy+gHQsdxHkQQx10HwefKxediuS8N5tb5eDH3yNWLnXXh3K47YWuG49l4e4GCwuIfjF0txcWfGcJZ2fcDFLi8jeBFN7btI+d2rF/sL+5DId3vfWZDXss91PLfZ57i/bH3q4V3s7eY27aVey2XtDJyrj1zgMqR5Q2wuTnMVc4u5vQJRfzPpdSkzf7G/d23wnam7nd5Fdlr4K/lPzPBeT8E5Yb2LFZZ4LnuzLbT8iuIo5UuhtEoRRe72TIKQM7NIa7iTww2/ztc7jznfdm0J818FXcGbcPAqRW06fQhA8LPeJvhE+VuXm9rxPlkV1BjcgBVjnJUfiPdPMYocp5fLncjiMlcw5HF52/v7XnORm5hyPJ272FzfzdKD5pflvwvs44RyjLZfkWapG2N8CHyYt7f+4fBM8mSg4/n7nE3ee5bc8wZkSIducfj7rlHfTG7L280jrJNHIuavEs1+eTuy/dT3UFS1RxgVj8lc4bIfC78h1r7vuwPHM0t7ZfvTXcNtcIUvbUaXMalryFd2Sl3HkCiUd2CIcd8indlO8Hu9cg+ClRR9dSPoLE1uOn0xo7m2tWEOAyec47mviL+SvDe7Xtbx/kJuKx2V2NZZtAkd3bT2uPuo2ydv3A4jisNncXOJs1kZJn+XH5xe0/smg7h91eb9z+d5K+S+eeLoSVbTTW7/AAafLPbd/wDjeDyAyVpZZJdonjkPD85jsXnu6/M8dyS+yCCQZm4RT74/cDifbz2b9w91yHl3Nc3hmszFNEkkz6y+w73cc29mPuA9ovuc7f8AuN7Z2t6I5YpGaopongu2dY78+eTVdOSKGh+T/wBzXF/a97ZL+6nvrr7anQsdSBrUMMbxY+x1q3tEBjxbg9su4/dTsZ3C+Ob50+1XeysFmrfI2+Nd3PBOFZbk0/M8LhsCeJS4OwyndruVgXh9/Hy3YmIe6jtFmsDyV3DVDC7NlLWRW0NQ28j1225pyrtdzH4iPmD7e+8bilpkLZhBOrL++Wq6vpJRkZTszGUx9gvyp+4Dk/e3ujyfh0ObwvMuM3dpJkMHNEVsWlOOxz20vx9/IP3j9kvPfZR8gHYb3j8StJjKscjK3bnH8W5LJybH/wDVX2XCAd0eWYXhPHPld9/eY973e52LD7qAlsdjDstbUx1Z2JkHa32/co7gS4/sxwHgCXtrxK+g9lnyX9yfbxiu03ybe2Pn1cA94nai2zHOfeT2l49jPcH86fYHhV/7tvk091vumfAWt1jbXlXtvm7p9me8PY3kvbnN/qoi3SSSMtkdWtxDX8iOLcl5JxXO/Gj/ALDNxjMZ2k7ydse9PGJp5I3uMmYE5DyvHYvHe4r3f3Hcu/8AfRYz8e59M0/T5Vwq3z55P21ylncScOaG4/6F5J8H245BIe3+W7tdn+Vez75qe7+A4n2f+Vj2T94LLEd7O3FzDyXuJwa2h9ynyX+0L254n5NPlx7p+8vHchw5xzttagNSRoftDbswmOeQ2uPXW3x509qPt5ue5nILbt5h8TjMphZcjlmwDWGQSw4+bPsTy664Xle5PMl53yLI4lSuT4Nj7x7zt9krfIZTGz2dvxLuZznE2XPu0P8A+44HuXwO94DyuTFyK0tsUjeJ1Wxw1zd1i+MgJY4iJI+xPuO79+3bOcX+fD37cMluf9gf3u56x7Ve4/3e/IL3E4pwaC3x/wAkvt0vZu0FnGL6ez4O6SZXieMu4cp2bwC3WK7b4nHzcfw0GPn/AOutI7m25be4yxt7LGWtxb3ssNvw7kWUvr73C9lsR3F47zSwv8DectuJZiRoQdKJ1IQlfsAa1jLGS8ubDGCKO0tAqdjOwme7rZ7tN2ExfAu3Xevj3LMXgmtbm8W2ypy+Rs41e/7VYbEXdlyvsRn58Pf8eydjPZ8HyeYm5ZxLE4W3zVlKzS8bsRXt6HbjkT+8n2w2vdm+5Lx+8wmTkx7O1ph553wnGnu5uxvsa7gd0Yu2fxz9o+PQ5X2OdhrhO9Px95DEzDsL3Wtcz7FOxU/bDgvD8Sl83vL7SNc9j8JYvjuR3mQgS2MqyLOkRqKwjC4eyDS5e1aMtMkkH6Udzc5ThGTtcdiuQz8eueNXWDyvGPdh2StuQ23Lke1uG9ftqdDxLEiG2tbWNj2W7Mck7s8t9uvtjwXbfj2C4jGtnku2OPyFj389vd12r5ByGC6t1w2WyKy9qOXkXPF+71/ZcIzMltDmOM2OY7jZLmPGMnhM1mYYRBLdw208GQubCfshxTP5bOe87thf8O73WmCmu5uz/so7ndxpezPsr4B23bAY5MVbnLMguOQWiI2bxRrGcX47nbnjVquLHHciY6s8rNfw+/j2y3/aXnsGduQ2FtreW2nsWnlTEziLjeFaeKzhW9nzuMjxbdIKO5HuQ5Ffdnsxl7q7rA4bKW1nY3t9lePe7DgycR5440b7eIszf3thbQxJwzima5pnvZf7T7LtRw3jfFYbePG8Y21BgBpyHs9w7nthzb40uD8juMn8RtzBcY346u9PC7nuXxvuRxDFccsTm83z3trf9obV+cS50ZHJQxQ8g1Entp4Ta8yz/H+B4vilt7gvb9ge9UXbX2I9vuLSWnBrPillkr63sAsmXyL8Y7d5+6lh7LZy9e99vGa/Xs+0nJ+Oz23/AGWLfAZMRVg2eaDnvDcN3G4r7lvZzzntFcx5KXTF8ggioZ6XIr2b7eZTk/HJcyd+S5DcXUF3yfptlMqMlXbbsF3f7nZTi3xl91cncZP2fZbjeF+VbttjuKcULAfUZLb9YSBa3t9HBrAAWkEs7fGz7L47DH4Diywph8N0HxuMRRDhd9R4Ig2OBkmlx/H4+vYdp8I3EuX9osbnrfuH8ffbHlre8X29d3uDcAxnJOT4hMnzaxa7wdqnIJ/Zn2VyOKwme4lE0MfGP1nfHm1h5ZNJFHxLt5l+RN2/7EWFkuF7a29olt29j0ft5Mwy3a+ea3zHCAgk43/10+BvZYri3tA6PxfG5my91fxfYjuHedu/iQ7wZWXs58YHZfgcj9g+zd327v8A45ParmWzXw4+13lNYL4dPaBgX4f7FPa1wAQ8PwnHbLkVpAidz7i3trf5kuSf9lkG9fo0J+pAC+C6aY/4+PbDe9/O6nb7gdlx7GYzBQrVji9tWOLKpYWrKtraCrGNEfGXVojX/LxksEbeaRuOYjH8gvu9vb7A9DuJ7POxvNpu9PxF9u+SN2D+Oi74TlcVwjG4LF3OBtnyPJOONbz3uBkkfEdsYMvdcS7d29muJ46im0xAjrEFMWFxOREecvsVk8TyXisV9HnOEyG+5VhmxFxwMNkLS0xO2E4f9hLHjzNHj8IwXH4pmlscREXlxkdvG9ioaS2hsIsnLGDym9CW/e7OxNa/LJyn/uO7XqWXb9CttH0x/wDJwLGz8lyPx4e2Kw7OdnsXiFQ43FaLj8aCIMQClpjFWOKxYMICBFEAuAUQ3sWA4dmOAXa4q7mvMPlb0ZPjdrdNecNsWN1xS0Q5zCpDbJxxxWRxk1xPbcPjmfA8QSJMZg4wIO2VthMQ1hAZ48chbJ4qGx7FTWhUZG2iRb+xt5x3AwULw9t4dsmMtFeGPExyVY4h4ALUJGISKt4ikNxJvHb3BYPK57vJybht5n8vkooxzLM/4e+l9PZY75DM9Fme+xUitSfpsEsZJX27/EHQ/El2Iue83fnhfH4MZjsZYiOsfjTIltadFraGFljtnYLZ7mTHb3sMYsx7f9u7/MXfMebx48YrD8pz9xw3mD8NwHcA4ds4sqyHLWscdXdheXUl5hUTEz4NP2bPBtEIcboO0fGLC4zfJcpBn+QR2hIt7cCuT81z/IOOX8caJl4YQLuPZNzPHrc2/CsQYWw9nqLeKQFoI4khRd17wPP4LBsGLbAkGQuNYshOzDOTmM8zuViX3OcxlsOLe5zk0nKu9BO5foA1MkZjbwkgliX1q2gluJfhr9sS9pOyuLmRKw8IlFkkSpZ7VS3t7eRrK33Jb2wM1hiDdycf4Jmsje5Th+f4z2/ykUN3c+3v9q3PuIzebx2O5TkMJcxpMkT5NzOtjBvN0BcVPj4xdWVpuS1tEkmhSCGzgt0RIrVGLkEXskgS70UZVSGu4Wlu+S2yueP4lErF2LJDZ2iyvOEupe3vGbHMcw78crhzuZSxkjt7m7uZp70ORkCUTNyog57fW8MfyL9+8V2/4PyC+kymY0P1anxZ2YL+XtO4Encfvt2JwVnxjhWFmluZsPciOse0LpZDVLfRYrdqs2da4PlsRa2/b6y4/Yy8wusLNibq1jmve1/GoMJxjv5dwpjLtNJLS1Dx5CCkt9LNY+jFFZtO8EKRVbW5c2dqq1bRBCgjWjB5Xkew5OIRnKyxmk0/cyjda94/aQOtlDsVXS1gtRGzWV2LCJbnVslkppKvJ4ohkJ+ol9cxJHyfKvDB377lY7jPHfkN9xd33d7hs2tMNB9kevxoy2kPuX7fSo2JwBLDGBdbGR4pLK+ZktLrqLG4IivBGsN0StrlHQRZzI3wbHw2Y4r3qs8Nj+e8lg5nkb5FV0yLWrzbJri+AhsypY2Kq00ccdzLb2jMMdZ3VxVp2S5ocXKgjk7d4yzynKu//GeO4DF3kcPUypRgxZru0RrvJ8fh2x2oLVFEyNEFAvLwObq7aRLy62reXLNUOOu8hZ5m8SId3e5mO49j/kb94lxb4PPZSbLXjMAdp0+lo3QfR2U7g3fbTuR7OO9+P7l8Dwt2jrZXKRx2M8RFndBKtJlSrS8mIhutjW1wGNtcMwgjCCfIyhUuQ7Pa20VjdSaiR2M0RYS3l01w8USLW1AthB+wqY54K7CcIsLDF92e4DcozXWlV+zObw2J5P7geU4rP528ndBm7nbHbzKY+Nwos+KVI0FysVRXCtTXDRtPkEUz3Yary8QLf5FIzk+R3Crz/n0eIs/fl74cRxW17qdzsx3Jz182tOtDX6pJpZR9CGvjA95tz2mz/aPu3x7lmAxWWjuKssigFleOFspjJVpdOwtpnJtrjWrS7ZKivWiRLhWHHY8Zc1d3ESPkp5IyWkFubkpBbsy1ibyPJqwd58PbnqcN4vPnr3uD3GiXDymImc7Ql7+s2RyLyNk7ptuevx+tAwOMwFksSwXfQSCeeVUl2Rz5AGsKbe5ky+fhE11n5JBls6qLzDmtvjbf5AffrjuE4rul3I5B3EzmQfablw0jErG/8STqfrl6WtRLvkx0xtE9pvyD90ewt/7VPfv2s744XDcjtbtcZl5dtjkD0rTIecGRXbBImzjdmt5kOYHHWeQglljkxbXMdrmZgbme40GQnjhga4eW4QG5igWCG2tSstYy7dQ3K7mO3e5JqR3Ie9EIuLwzJNfRRjK3hMeeuLgxTZWK3fBZJpaF2Kiv0SS4yZeO4ygq85F+tDecjiDZfm8ECd2PcdxThNh7w/lGsxF3F7h8g57m8lcAVk55Y2Lhm/kKY6qDp9KLuogjwzuLTE31WZ0njdWhtJOmeGc85NwnK+2P5e+5Xbp+wHyRdmO8sfFu4OLzUNrn4ZGsr8kWeYK1juQXVoz5SW5W1uItuK5RYx4q8vUle7vIoH90HuVx/auXhN5c32BiMW15tZLORBSXZVmyOhGRaSpb59slxvGFxN7yG5yfUsbnJ5JgnOuYWGCs+DfIDiuW+7vjnJIpoLXMpOs+chSJ+SxiPL88jtly/N5JpOV938FxO09z/wAnnBOAQd+/eZ3L7zXV9czSQTTq9ZbJIGuZmlfaNVOpYeX0xyGN5ZDLJTMCKhYK9tIrxQNGpin0MNwRXGeVZvjt37dPlK7zdppvbZ8ovajupacN7oYTkNvZ8ih0g5BEpts1CYoMtHujybCpL4xR90O7mN4RgsL7r09ynvx4pmLd8ZHlmkaxuIYg91rEJWCG5Qthcdj7K1zWf60c2WcHhNzlw+dzU1zd5bK9JPkb9ylh2i7T8U7yZXjfd/2a+9zhfdft+vd7FpGO7lo1ZPvFYRWnO/dxwDh57o/KT26x+H71e+Lu33VkyeXuLyac2pu8lyN757/KHW6uTMT5tptDigw2hS1Hy+1aXDI8MqCoZWq3mBW3laO1huGjPHs1cYm+7EfIv3s7P3fYX5j+3XJz2391HbfuJbYrm9hNFYcjilEWTUx8o5rY4rGfKt8hq38ns37sHtz357Oc5tM7xewzSTsMzjWhXL2wMGaUi0yEE0/Ke4d3eWFzn1JmzbLU/JURchyeLZ3f704ThGA+Qv3e5T3AdxZXLN217o817a3lv78PcFEMf8jPfu0h5D79O+ObXlvdjlnMbi5hntrC8yLavfppfXqhrq7SKrq4MhigeVToKJBZjqI5QigkfbDaVbXbLVgy3KW04kNvOGaG7DhbqN4oZJI7SKaRD2y7m9yeK3XbH5Ve+fbK77T/ADY8KyCXPzI9iLDG+6v5hOYd1V7vX3FbzlEV9JaT/Hd8o+JwGN453xx3PcNYcpjtbcc0hjEfMolafuPFGtx3Ahmqbn0Kre9xo4mzveLFYeDvJ79+3HALX3nfIjyjvW15eGSWGUme3uowFnYvLfMsb377ZrtNsvIJHinu3Spb61UZPJQkT3Rlalc6P/IUo3GiNPpKkeLgAeG1gNSK6jrVvkWQRX8VW15Fr1wx/dK1BfRuMZyUY6K6vzdS2E8fXvbm2hxPX1pZgrZHkEC3nH2tDP2499PfXtlmuM/NN3WsLdvm55eEvPmp55ctifmlkMB+ZjCSVnvmMuJ65P8ALL3Vyh5373e+3NF5FzPkfJbm6uS1ZDIxWsGNyi3BtL7aRcpob4IRN/je9ZFlvXapb9ikl400mcx6YrI6AeGqiifDXT6QNa00LoOl4Zaa2uL3wbfpQ3Udah3BoJLoPbm8NElRGbgJH1tIml0Vpi0jZgxM0ut09+sFgZWykBuv0dZw+6emNztBujGjTCraGB7aUTLHq4a2uJ1485nIuP2hWZaUmxMqzRtcqoN0aZrmi10RcGXZIZSsm/VafXWjTa6/WuurbtW3+P8A/9oACAECAgY/AP8Aw75k5Ht1RDX+qTGDEHm0E7TuG66lkkt0Gf8AUMmDKZ6cCnQysDqPJVPQhKUOU/8AT1iSLMrCwfBGhr+ZM8Eaj7Rp+9lcG+X2OEaEtDhYKysE7MmKnmXGFqZWCqphM+rZeVlb8h0RqelHlwjLIjJ6mLwLe82tjpOBWnmOs6mH7cyPZlln1KwlOhhCb1IvaLG9LyDtPIQ1BECtzO49T/I6T6NFae3+UFOp1ltvGi0HRJMXlRCE288E5ZCE+kprrLOj0LdKtUuamde/B0lXMzqKzbR6met/gayKGJu3Ce4fU3Mfu6u3Mh6tIr48MEuPaaYvpernPYVVFlamCy7C8T9Xkf8AW6r/AHJKzzMomCcKCaNbzRQZbLT/AG+Qk1poLs4ZRjQhsRK0GurO86dapKyfPxk6dW3zFLcGEanqHuY2jUhMc6j930itpWhtnBZp5jgnOY+XsamvDcmLPM9SLvlJWrXka1/mV6VfTD7zpM/ma/mTviO83fUn4nd4mpqakyjkam1aCnBKZoyHoRuQu4kyzU1KR3kNmpqjVD93QXgLxLeHuEiOKH0+Tz8hX5FEn2e8a5nT7c/IqxZx9o6baUFI/wCKIY0l7byS8krUWeC8BuORrgruzwlMe9yzThqampqampleY6TWufkOXlGmTNuKW41+x66Ofv8Aib28rH4Dg3Twajhg0NCTU9SNTkTuyyySG+/hllqWcJaPtLprCeOPpMrIoR6T0nlcm94b+/Mo0+0hkzkmcjQ8m/camhlwVatMirBoaCvGWyt+b9250Y6t5kbG+Ek00PNpxh6ijsMGhoRHIsr6j29pl5gzqdLZrGTEzz9jA5JenBb0NV0L/U1Nte8XYLtHKyOMESaCNy9Ip1E3oamCvTXqTK1XqXu6kLg+GpCIeg3PI9T9peA/iPPPgkJQLGuTX2FHMiDBqWSLZyJtOMkNGhIzQ0OYlkYl2mgvHg37yvV7oF1u3BHbwfsshs1/Q1Nf0JLEd432KRMrGou4+AhtvJuFnUfm/Ijg6lGnhSV6cmGZFkWRqT1fmer8yZ4Ser8x+J0yvvIalC6ceVZG0snqHkykYSkrOknlRIm0aGhoJRg7xwdWt8+V/oVScV7BKDBujJJlFYrCMvQ0MGonziRrkVtHmNBShxpKKvaROOK46FldlVX0lHz941Be1rYePzHHUyyUSanqnhG+DbqkS3BKc5PSeka0H5uQ88oJTlPA9vTwVbvDFzIgjbqeo2zoPPFGnIm1tSqt1o15L+I1XqyayKxFsQYtnjEGhoaGFDEts5Om4x/Je8y8ia5ORurxXI4FI3XQljh5NPzFax5Zgh6cNR5G1pA1VZkVVModn6ilkRf1E8io9w2tPYQxK7zyK9T/APGvvoJ2szAk9RtIVXPDzErQUkrTiq/1SdOq1T96kdOi0s4/Hi/EXjxWeQ+D4MVe0d7Ll+ZbGWW7INvYxT2cK+Jb4eyhlcG1kLjf4CsuLUcxYH4LihPv96ku0ph4E+xjfaPx9heBJMi8S3iPjBKLrvH4GOwteMNHMa9rpdKfVJu6Km8L5SR1lDNRD8BX4zA+/wBjqeC99gSbwPqdNR1F+guksWWJNtnLeSI4eUixCIHGo739RWz1aMaD3LBH9Ejpt84r9NRZvJWrUyhXVoK+bEdx6ibPJk7uLP8AGa0TfyOjPZ2dxO2TAp1EuTK1WnDV/f4CrJlkLU1/Lg21yH75M0LdXprzDd9VgfgIc1llscyrnkNPsIVR7X5o0KJrkaG1VyWvbLnwN/foWUR+Zatunmugq16rSWdOz4my3UhpfiOKyOrrDKVSw/yFLwIghPJLq2kzp9RPT+BLUjubkjzLQ37ojkan9ox08D8ontPRw+pMzgmdfsCTYlXTb2EplrckjXJKYvAiBu1sx2My/wBsT3eR6G+fKK8TT78iFpwvvcFurVeXmO69Ju24+A99S9n2nTfTrKFvrCwJcFu0Z17peaVH5l/quLfzPKh0TyOtlkr9L48hJ68NOGWkQrqfBnqRoJ+Io+wtWXngs628sDrZ44WU6MmTffSDatXj8eHTpyOh0VpasmzlA+LouZs5cbeP8DpxqKj5r9BEQUrGJKNassoyOODcFoUje32NCdvCBL37fZwkVTdzLNrlxdO1iv3iq8Ji6HSyK3UrFWT09Ehrmaew6LXh3ERw0HgyV/y367/Jx8izvo9PmSizfBTqOtnnkW6UeS3yNGaMVGu0Vo8rJjhYhe+yWT7DQ7hu6/c8XobVbEDT1ZHRW3qeLf6kO3mSN26Un2I+gtVnTsEkxX6lW7rvf+x1KOmK4Op0LehsfVp/bmBp68NSq3YFbuP3K697+Qq/47jpT4/my25+UX08RqSrZI6ilmWdKt3ovmzprkiaOPgKzXmbMsmrK2tqtDa15iE4NUbWslV1qNvlyH9NeUnqIjp4Xvm5Nq7RPcfU3Situ1Fa1cIrW1dyf3kp1PVmYH1OnfbXs1/gVUzaCXpOg1TpxeNdS1ecan1Op1ZUFvLqfV6d014Eepdh5untXCZE9EuEoapTdYi3kfeV2f5Stu1xEd2pC68Pw/mP6ltzR+5baVr0+tPw/mWrZfzHbeIiYQ0rnmvJKZ3miN308l9/S0WMldtfLJjHv2m8jHnJt3ZFrA+dt38C9P661mC3Tt8OFqp5VoNqpl+BZNRaH+qLJLEfIVH1PP8AEfnGqOUPqKs8vxHvsld6YevZobLYv2GyqyR1Kw3oaCfX6iUrHx8CatMTdkmy09VOfEdtw3VyhrqdRVLfTvNFp9/xLbqxVad45eDDbEurV1t9+w2u3mJTM6GqgrS9vNOmT6rpHTfMnp5G/wCo0H774cH1bemst/Ajolem/UsPxRTqVflgTr6mo+/4C6vbngvp+vn4i6d3qK3OBMeMkllfWR0SLOMpH/YHZNw3PwJ6y83IfTrG6G/wHWfT8juL07GKGbJTMGrgr1G/27M6N+nrGSbaGEKRqPvBVvnwt4H1uaKqr8pVrRlepf0I/YY179WfaVstK54vxJgablwefBt3KBOtswUrD2yhdZ3i1FPxWf1H1lSSraUtEjdtC22+YfM+i1JXpKsVpgVW3KN1VkxiRJMcUlCdqxBDI6dZUC+rhczbXNUK1NJF1HbK5GuSeZez5/f9Tqf5OWlHzKuuYH5TFMH1LIizNytlDyNV099H9EH0qPE/ItHMwajSfMmV+Arv1LP37iWx3vZqVKyKLaaYKbr1+monyrQrT/Gbr1Es5efgLorqV+l4L9TbOUO6flRboKfqTOvYXdplaZF1LrzHUmyz3IvveotlXMlW6+Znlr+ZFqqEWVYVUPqP0kQvjkmigfS6+q+ZZT5LR+X+5Kb28z92Z8WhYeO8T6DjsK9Gt6xbD8q+/wCA+p0q7up4J936H73+K2+7B+21PgjzWr+CH9SxKtkeTIvD3lrLEMt1X03bMYZ/2XitnEc17EQJI7iNjKLpdWGksD63U1WIEo2w/wAuz4jf/wDOX0+olmcz+H4H/wBqWXs+jZUb1lfwKU6SbTWc8y/US80Ma3Qp+Y6VybE9CjstMEJKtp1KKvUWDQtXYb62io+hZSN1cIcImnlsdOvUtNrfkKlqyjBqWbtNXoN3tjl3CvRpXXxHt61V/wDEVU97fYelkNQbpk+o7QmXe2IbF7zqq9obY+ndqJk2U9KG28I/uD7BzeHJixabcheJazerKq6ikD+n6YN9Oi7V+A6OsWPpvG3BtV9yeRuzjB1Opse2Hkra68vaWvHlYlJsVtbDv1bwonPB2ahM/wAm7XmxHb8C76ijI84JTE01MlNqwvmJusKOEpCd3DK/Sz2iq1D7DFJN97p9TkiyVcjjpuEQ1CNvRTb7hr+v3rJa5EpFlwWORkka7Y4dbqXXkVmfS6TylHxHazf04Ha3oX6cx9foCdn5nrkUPkbG+8dJ1RDKrsQhW6iwkx9Po+lfpwouw6XQT9aFRLDFIirejOkum3kqrvy8H4jodTqquiL9T/iLx4SWyVpwfb73TVFk9SJ5icjhiU8uFs8jrdSJaTaIu4Rbpp6KC6hbtwry4bRXJ5UkVflbghRPcLqPtEqrC4JyRyJRKSk0MpfgVa1QpYuFqDnUnIpXLgrNFKrRSNJJGH7G5rQmRe8mwlyHWMDcCwo8CWeU8+sijtI5PUb6cFt1sss+ovLuwVotFkdLPCQ68hJaCryj5iovSbqzLRmRVWiKj2vMk2bOZhvcN315Cq9M8PMWlPd/ITS0NvIwKRV5GOZHstdoo95B2iHeEkWWMG1UNCsV5GBOJEliWeeyZVrqqtV2z8iqrdWcaohVbG0PxE5KVXOvzErOXPIWOFsxA3sflZij1N1+rVY0NUOsqEUSWIZPMmD9tbTz1bvzIrWOKmr0J2tCxxd11EkiVlCUalVKyebL7veyhVnI4rgtk3St3jwfDL4akRtXabek3ery2uXcJ3WRp9RJwNbkVa0K3biCFpw0Kqrl8yv02m2sx2jdaTdPTn3la9PqLcnpJzLXtVqr/MTrnDJacGDzKDcKCq5mn5GLJmx3UmFxSpeaiorp/EUKRPn792XB2nhEZHoaInGvFFv/AHHn0I5v+I2lkSfCOM8pLPqazj8CKazH4i6va+DVfSPePgkjbt0GKz4aZPqX9TK1przHeDT8jRDwVjVi9+lWuTdL8JcH0upRVSzP8y169R6dpls0JrpBkzhCm/MijaRSHyFjA2lkzP4jU8MLJp+Z6RVhShLsQpS5kNY4oiReZHlcsV3VS+40/I0OZoxanpU+Bufpg5EOaipulrnr+YssTbfvHWunHkbmswKvUmu1ytuH2d+Brp2bqu0iyJUbOXhyEnrB5VkdWsM8sx3ld8YEuR5EpMxwbrqO15ldhK7BJQch3c7mY9PMVFu+rnwPL+ZoX+vKS0jH8S1K+laCs50MladKXXvc/wACenEMs+qvCCL+g9TNGKV5T91vuyPp9JSn/EmyyfupJdx5PT36kr3rt2+zI1euGeRNFv8Aing/dT3ibcp4/mK2Gu4xVicIh6mWoLYUweZwS81bKtc1I1phjq1zNLfgMVWtT/sKr3/xMVZ6WUtXsJjK7TClkWUG/p1cCq8CmyNz6ldhEqSW0x0rS274QNp4R/6hJrI11MoVqYr9krLxJ61+RC6c/AfUcVssR8/zJrkt9WrrVdqHv6tFnmxqnUTzyaEmowS6uB2t1Emu2BpNKTpRVuq5iSy4ItdK3YWsnLNGWirgdtrwbHoN1qaCrBV1ox9a1ZjH4m6tYR6h3o8M5wJPqwSrNruP3OpA6pprtQ446EL7RA50NDqLovRv9T/7D884nsO8puzR2U+B+zqQpgTnys+rZefmL6Xp+RgZfPBzoaL8P5kkJ5Zl/tkvgkMfDPsP7Bn3WDUwxuFLFa1E/gVrXpUV5XJfwGlVaEqZM2f5lt6nx/mfT6dnTnjH6CS612p52Zh2/H+Y0934lK5z4mKZGkjmV6jbhotvqnbvGlhGrM8fSjBp9kW+qSn3OPaeXPsOEoM2afcaJ+JpUmlau5T61a1fKPuxbWmx+WpmtSkJGcPuPNZwPa8cMcO77N//2gAIAQMCBj8A/wDDihmGTZij/U9CBu8kQ5+/eP6foKZWGV+pufgTWV4kIj/UG7JZNtKNzzjH3/Ie5NGLKTCEKdDyvAmnlx/p8vQlPzHm0WhrwmCHqV+Japp+RAn73zCyQnk58NTU1NTXjrweJQtqhR7ClChY4LzcHXbMGKwRoZuZG66cEm8DxuZuS8nZyGul00r9xsdm4MqWaETwypMHqZ5cFW3zYu33bslJuajEYM2ZuTco+o7ORew4RoiIK4USTTJmzQ9unDJA+0lolm1uHDHW6iq7DJ1Ol1qpVrzXMvWtU6ohVhnqZKsys6kyXScPH6o82fE+kufPmdTqVs3XvjsOs5yo+Y2kmf268E2zVmrNWSitWubF7vP3gbXBrmbMyRmV7GOwyStEOqmSy6r8rRNpLbdJGNoircpksTUQQ1l9gm1g6bpM4MSb6ass+ZPLhgVlBrktkho2dJ+cuv8AJfl7i1+lOdZFV8HoKr14Q5k8siSkXYR7tmsCh8yz3KY4OdJFHCDVHIaklIynwfiMsm+RfBgShj30l+A67Yx2DpZYRoLtHCYlBoSyEjKNVI4WB9T+o3Wq9S0iyLzGhoX3YPjw0Hgn3bHa2si2aicae6aNBtiXvkXY3HuVgTj37lHllIm06fMa95bOBS8HpUmOPlMvHD1HqNTU1NCEYeOZCcGX7CNPsdlBEcxMbng0R7CyampqajtORCUjyamvu+1sSdccNTU14tGpqamvF+7hMwscGufCzf3yYNRJa8EvbVeZ3HmNfdQytl6VqN19WORn2m3xn7B8PYycuCfP3OnIXBezr7Vvh8y3Zj9TD+1rx95YXB54JdnstrQccMLgjwLPw/UlafadDQ09zutWUJLpxPBNLI5Ny1k15G6zmxL14s0G1oamprwlaD7Ta7vaWfMwv9D81ZR/aX4mXA1IlGps5Dc6I+lGO0iTTjqJ8xY46m2NH/MTiB21ga26iwb9xoJR9riqyZ9uwo0RufpGp1QviWEr4bMcISyJPX2PiX8fkhGycj3cIbz/ADMcNSKv239ibTIRoJvVr2beIx+JPcxMk6f35i4v2Pii/iLwE1qSxj9i3DUX2eDUqu4aIXFjTfMiePVOr4+w/Z+JbwHY04NiG+MSVj7Tr7CFWcFvEwSS9eHiTRajjURh5E7ZsV26HfxicCq3hocamotyHt04PPGWsjmpg1+xyO2hM+z3i8TfuHadTCNDThMjxyGoNMEcKtPIkN8FaSiWn+xu3cH5iHXI/LEDNTU1Hw1JgTj7DCNlnFmStDTjjgiXYbqyzt2kWv8AkyaZXDJC1N0Y4rdqLPBkLUnkUTt2iScnm4J25ityfHD9mEJP7FvHTsQ/alcFTtMoaXsR7M8MlmuRZN5RXPIl6cKrvOl4cbfZ2S35SVfzSPo69K2G+54f5C+jaUTLkhkt4E5Ui63WtCR1Kf47mqcItT/JxdvHgfVq8MXCfZZK4c4HOkD/AMamVX/f5lq3Wa/MV50O8bNk5ydRzrHzNqevFXejK9RcxE2G/sFazjhnsP2LR0/Ccm+X9bm5cR4aFundN7lH44F00/L4t/qQ9Vqbui/KsD+q/Iba1y8T+g+n9Ty+CLPrOVODp9ZLzVUKOyStOo/3MCtu8ppxg04NVfmP3LzOeRqOR06SirOsqLMrOHyXaWtbV/fkOtPUNXbbHXf5fgTR4Onf+plXW8PwRHWy13DdcWFTrWbSfLH6FKWfkWg3S3m5E/5Dnp/h+hC0+wVv2Gg8wOjrNm5kjp9Tb+YlZbn2/M8vUj4Fq2bbT1NvTvCYp635fzIspt29/aZ6kvwKvp1iPzLdPr9KOpOHPL8CtOl11RpzMThcteZ9P6iTqvGY/ST6iXwE9vDCH+3g/ccE06qTGup1040xp+YultnvPTg8i2lrWe5uCdsGyuLH7i3PglGh06R6RJPIvq9PcOvTcG3633/Eo7dac9hO+RdNV2vt9/qKGSzBoLc8bf4m9eidRt2N9a+UtZrVspXdmO8Vm/KKVE6HmUHTrtmsI6dmoW35j2380FrNtVgTvbkK1F5Hp4EWcM3UzYcdKfwIt02l8P4lFZ5E6puj1fYKyUsWCUslP+fM2u0WJqjLNCbCVHIm3gTnA92CFfJV6lVBs6S3WFKz9gfhxfSslvH9T+0/1G0sQxdkF7V9Lcjd/UtCsv8AblHTfY1w2LVFW3mOFU9D/rxjQaqvKiTa+GgoLQboEyGKiX7iLK+j0Ny0LY4OrE+3ghy8m8hDVH5+Q11noRB5NPeakCqjL4am6r5EX0FettGQpNlem3VYXgjZfp4edCvU253Ioq19MGENkNZPKss+v1cYlffxF1pwX6j5so9IXImBkcNRVRoaCbTG7Wfl+Y+lWsr+A+ndtMwiLW8wnW2ptsiHY1QlV+ZFq9OjdYJtKtB6WVn3s8zf/UK8edkcuDbWSK6EMlanmK9LpJbVh4TKbul+414F1TSDqKyWzPLkRWsEtPdzyKtNYE+op6e18ufIVX6e7B9Nekdf6ESbbekeeDSG2hQ8wa/kao7i25mEtw+r/jOLv4nksp8B26znqPXMeGh+5VtP/wBTHStWm+9j2Nr4n7iceJvsrbv/AHM/YSzrOf1Js0JtZH71VerK9BKW0nPLJRPORLbr7Wo7dRptkLUV+l11E6ZKK/TbeJ+ZPQ8njn9BeZPHY/4leq+qqquIaeecipE2XPjLQorBCwa8NzwinRq53dnIl3nBqTBWUV5yTVwzNpZ+29o1ZyzL0JSySmeZbX3jrRzVcxtrDGkkJMfj72kIV+p/cl/gKWSma8Ms1NTUl9RaDavzIreWuQq261VafvyN1XK7TZavlRV00jg/YxqOlbp24W6SpivMo/qTnPcKyzWOGCta+pLPdkt9RxZaDrVczKNTcbXaLPQh6vgla22BVrmi5/qKOGhZte9rSZKruFnn7CknhgfR6frWPii/1edvkJJLeXukt0SV4P2v2/XK/A+p1V+4+HUsdV8kyONy2RfflwZtOj3NnTGaCX2CXoX3aS/1wQrNqJK+AvZZ6St0okSf/Eyl6S6S1T/Q+jzLJtyacEjQjjltmpqxwzUc8KpJT4EuB4iTPDQwRzI3eysn4e7lalnzK4hxyHltC2i454NCo5g22q/Lg7lgdlMxAktD6i9Ru5sta2qGjc9TkO3N8I468XwtLcIvVvCZuzPsr2a1b8otvaYJ93t2tti8CtpxJu5NCNDT2F1OQ+o+jZzks6dN1ScZj5cN06GBZLJrUZD4RHFJdC1vCOEcJPS+Ds9GdS04Y0acGoNCqj2dywLcs+9SaLVaiGVrzkouYntwQnwhI0NDQr0305SH5YO8fbB5sZFkXHKGOzflN0+XtIr0txoNxgUEDl8jKg2p4LYPTg0NCWs8JXDUe1Sh7lBWauBe+p9NRePzgqn2Cd9PmRJ8DQ09hj9hcVwkuPx9lcJbwJmfYzwdpNTQaHnQXv1K5m6MiUuJ7RK2qJJk1Zqy1oyl8h+TMFLWeWiGhqeTIPUxJ68WZbEnqJRghaewtorPTJohykIwzU9TNUaigysHoJTcGZZbAveeZZ4vQdWlqTzLNzJhs/cjZ+ZNNDzPA0mtD6dqqIFHJCsuwfV/qjjEomTU14yyeMD4MXgOrjYmJVZu5mh+23PexJ6lWtRJyczb05kgcmPftQRwa4PfZOglSsITSYlDyZZZK3M815fxJkbRhEWq2n2fzKTb1KTduFZ3NGaDZ9LY5+AmtODLWSk2urNTA7qygtORzVmjM2yT9RR8RyJkonp1aZMjn7Bg0Zk14rBkWmvaRRNid00u9CzyFFoyQrZYvKxbrLcvxKVbwlgVa5t2HocGgyKqUb3XJ3wZq0viepSbXE2Nqr5e0T2s2t+Y22MVlv5Dq6wmYZKP/wBZWLKfExw1F9jSJhezPMfaKr7hK2rU8LOi80P7/iIlrzcy+71yO1VgS3Yng0mOTA41InI1zK73poJRwXiXUrjY2wKsIr2jfFL7FoaEQYFKzBhcfqNTTsJokvAe5TbvHay8sC7JNGK06rhltoz01+CPQvwR/br+CJrCgndI4Nzu5/MW/qTL7SjmZXiNUbTFuy+/JP8AUTbNjCIMN8IeooPM3tML7MjzGovMYeS06QRtWyNef6/IrDxHBSvKanms/v8AArDxwUs1fDBhuT0zUc0Wn35mLWmPvyK/9jq3r4f7M6aq26xhvX5GFk9K+/xHuUD8z3ffuFGgs+bhoeZ5HD+xf//aAAgBAQEGPwD/APk56/3f8sZT8hl/yxoRGZ/RFlmP5Kp6YIYEFSQR6gjIgjqCDiB8P/4jGOo/v/5Y6gRPUwOh6mIH49BhvEfsx4DzfnnObeg7rf08TSibLidkGK/veZ5bePtuK4nalslbcXV6z9IMHGz3P3C8t+3v2629zo+54/bby/zDn9tSYLoauNG34mu2ZQ//ACmUN6nGy3P3A5XzX7jcntwr7yvd8vXwnFbi6sgkDj+FG0vrp1OSFbc2yogmTGKuL8B+0fgHC0rt/wBtfbX4xxG45HcIVYM1/I77abjeX2NlLM5OZzxyvO8b49t/tl9yN5RaKvL/AA/arsttv95rR0s8i8dr9vi+UtusXS9yrXeF/nnG443zrgzueAO5FPEebcSll/jvNV26jtWS4g2bHeXVpnt7gtikEDUBOIMTH+GX9pmCP6/Q/wADjMZRgwDH546HHQ/wOBIMfnjL4/8APHQ/wOBIz/PBAB/8sZjOfmP6wnoZ+X9+O3PL0zxkPXHpMH1/hlj4fjj55ev9fIQfz/8APAGZaRkATmTkOnrONrwvB8PynOcxv7Fo2PE8Px+75Lkt5e+VdW22Oyrt3W4d2IACKTnjj/KPvym7+xv26f291ZxNybfefdDntowBWjYcEzX7PxldyhkX8i3urOW3bpjYfbf7S+OUeP8AAbNq91yG+Fv7vnPJeSUMH5TyHmb9vt35bfWazDNFdQOmtVUDA9uvSFEtCrEKc1OgrkpYn5Ti1VatZdgmRUlbAr1qWGrUoZJ6nrhya1L56G06vYNZ0M5IBn3SJE+nTFivrZHqcae6HNgghmPTXPaBlGRxzHg3mnHbTe+N8vtt3TuTulBspcVtZS+3eul7qL67K/02QBlsK6YEjG+8O5FrOT8c5AWcl4b5CEYLynCtc1a1bqB7dfI7JhouUZahIJBgf2QPwOBlEf0gfE4iCfnGI6E9JyH8cZkCPX/xGMhI+MjEf0Aycj65/wBGZGMiP6Z+Uf3/ANGQzn5nEzHXKPhiZ+OUfDAy9B6nHT+8/wDPABzifznEj4RGM8dP8f8Angf+OmWNR6D0/wDB+eDGQMD+GfxwSGHSY/AfjiZ+OUfDBziMRnGecYInr8sbTi+H2m95Pk+QvTa8dx/HbO/fchyG7tIWrabPY7ZLd1utza50qlaMSccJ5t/uO5q/7I+Fb+vb8hT4fs9qnJ/dTkeP3CixG3vHbgPxnh3u1Ef/AOULdymsaqVOF4/7PfbnjeE5B6Vo5vzbltXN+ec6sJ+4bkPJd9S3ILRcwk7bbmihSTpVRER2W2r3awsuBEFoGnIg5yJAxqNVtCaiqi2K2CqRmFBGoMZI+M4LLXpJACsBUGVyDqfTo/mHxwYpMqG0sAoCkeoCkLmvX59MBn27uXNSJYjQE0rZW4erSxcMSpBJER88MGS2dBVhYsgaWA1fTAGrPrhxVUHqQuS0J3My97kFDqPw+BxzPC2bPbr5RxG03nKeJchbt1st2PKbavWtSXdrBd3t1NLSe4N8YON3x++os2u92G5u2W82ttT027fdbaxqtxRbW5Lo9FyFIMdP7QQJn0yzy+GKOA8L8X8g8u53cz+34bxnh9/znJ2qsanXZcbRuNx7azJYqFAzmMU7/Y/YTkvGNnulL7a7zrnfHvEbbE0hjZ/p/Kci3KIgBiWpSDimzka/s549Q7AWf6l9w7N9dSDmXNHCcHyJtGnoFZiT0xV/qf33+zfH32BDZVtuI8z3y0rIQslj8dsVuEfACSc8V2eX/wC6eqCB79Xi/wBsrSdfqtN3M+T1GB8TXn8BhG33+5P7qX2KgNybbw7w/a1zLZq9263LL2xlB/HG4NH+5D7sAtQBtzb4p4cfav1qTZZWNxW1yaFYaZTMg6vQqN1/uC+7txKKWang/DKVVlA9xlBruYmxgYUzpHqeuD//AN8+9Ybuhv8ARvDLgPQFlr2S9vzJAwrD/cj92RQCS1T+J+GtYVIOkLYlioSpgmfTDnif90Xnu3cFzWOS+3fj27CAz7Rtba8xtGYA/UBOWLDw/wDuyjdHV7Q5P7VkUHMfW+18qZ8xMQuGv8O/3F/a/nHAdattznjHlHj7W21yQjbihuYrRXmC2mBEwcbzmj9p9n90OB2itZbyX2k56nyzc1bdSA24s8etp47n30E5ivbuYPTI43nB+TcJyvjnN8da1HIcNzmw3PE8psrkMOm64/e07fdUEH/MgGOkdf7v6Zjt6EgZfgYyxMEDMicsh1j5DEAgk5AAySfgFGc4q23ivgXmfkt92n2quA8X5vl7HDHIquw2N5IPx6Yqbx7/AGtfdT2LQti7vnuIo8X2orYldTX+Q7zje0kegkRii3yXafaz7cba01F28h82/wBW3tSvp1Kdj47x/J1m6sNmpuWSOuEbyz/dD4lx3X3q/H/t7zPKFWXp7du/5rj9akg56RPqMJZ5n/uT+4fLoHE7fx7w7x3g1tAJJrF3Ib7mLay6z3BTBwG5fyn75c6hrsT27/LOD48LZpYi4f6d43rY1jouoKWGeWN/X4B9zvvH4b5A9K2cbveW3/AeV8Xt7ioZRvOPfiuIu3O2ae8C+uwfynFA8z2lHmP215m8bfxr7qeN7PcV8Dvbyx//AG3mttc1l/j/AC66gPbtPtWxNbtnGlhp6CPnAkGOmeMhGMhJ+HrEdY6kD444XyTjvErPth9m+R3FFu4+7Hn223HG7Pe8WbFF93hnAOKuY8v3DL/2TStW0cnO8DMcduvt/wCCbXm/uPRtaV5j7ueXbevlPNN9u/29de7v4q21X2niWz3DGRttgq6dUNY5lm47x3xvjG33L8nZXVsdnWUV7rrCx1TpipRWrFrHKqizmBjlvGeUt245bht8+05BNreLKK92qq50bmuKdzUA0SgAExEg49+uv2azpQhmOU1j2yJkMfdUx6T1wNIGgObXCFGPuvWveSyklrOhP8nphWdVIAUltR9wv3alYtpyHqOvTBVRLH9RZbNs1XSO0roVmBIJwVElmLabAf1E7j7aoRlo+XoMMzs0MhrOkvksgtYgk1hm9PngqEnSCo1NFirn3uB/OVzJ9cbpywga2ZCjFiCIVgBBNYaC3qROPJN9snpXi/uJW3me12tdLUtsdzuLv2nJ1soARhdv6nsET9WfXA+P9n9u/sqOR3PC8P5FuN5yPlXO7OlNzuuF8T4LaXcjzW929VhWo7uyqhaKS/at1ykzEY4rxD7S+DcX4zRQns7rkqtpRuPJuW3NVJNm95nyLcK++5HeXOSzM7BSDkqrpAVRUrIWKsoSvU2klZJEyTOZIJIET1xIqVpjJAIUjIAKAAI+AywGKKXXSVtKEIAHUlJb+YkAYZ5MFV0qqrAYdco/HEOB1mFJUETWoDdP82G9xJVSksp0tDTP0n0w4rrQ2KjBfeJADljp1ucyPaBOXTCIqjTYvt2dwLENJZVIzVSVHzIwF9tlbMaQGUaoIYofpgievpgxWTqEgs4lTmJH5YbVt2dtJIYMpHUE5R/lnDOm2sZFRQw0+4EBZFFr+3kgdrFXPMk4XIBEUOrBTKWBiQEkga1I6mYxuuN+8n2r4blubO3sp4zzjhdtRwfnvBEoAl/HeR8fVTubVRwGNN4tpfMFDOOQ+5HhfNXfdj7IU7sjc8vXx9m28x8I219rLR/9w43bV20brY0sBVZyO2jbqxUuqAjFe229dt919qU0VUqbLrrLGVK66q0VnttsZoVVBZiYAJyxxPkfltniX2Y4PlqtvuaNv5Vud3zHlQ21612arfH+Hp0bK9abAxr3G5qsWQGCmRjbbz7w/dL7mfcXeKtJt4/x88X4XwxfRNy12UVclylla2mB/wDIVo64qan/AG8cV5JZVVUv7nzXyPy3yZrLBlaz07zmf2it8lQLPpii7xT/AG0/ZThdxtfbO33Nf268d3O5RkIKWDdb/YbzcF0I+rVq+eEXiOH4fiq6nVF2vGcZx/GVBDoVRXVs9vUoBzhVCxhbgFDstRLoQWOmtQz65ZLAxkkx1JwhG/QUmr3N1cxNldKrQLPeZqtQUnWAQY9M8cnbz/nu58cTiqKDfduH4zYUe+yqbRtP9RvJ3aVM2m4hQFaAJzI5rY8B5Lt/INntN3dteP5NaTtK9xWm4FKbr27WyqeSCVJGUzDDHu2e2ustqrJr1VhQdUzGbYuY1kuR9C5liNIhI9Ig/njyj7d+fcBsPJfE/KuJ3nEczxO/263rfttzVZVqrJ1Nt91SX1VX1mu6tiCjggY3/DtRyPMfaLyfe7zd/bLzV6jdXuNgHdz41z25rRdvt/JOIrBR1On9zUvvIILAAaSWPQDqY+GZxtv9yv3n4Qbj7DfbfmNHjfjfK7VH2H3Y8+4y73n43c0XSu48O8Xtqrffqysm83JWgHSLgvC+Ncft9htbeT3Gx4zjqyqbXa7cLcNuKzXUqU7fa0bYKEWle1VyA0jA8y8ysq8hss3VtHG8FRvLqV2o2dz1XXcpSjV32m+0KVU6VAXUSwIw/mu/5LaPw3jDcryG02vDbOwblE9hn29m/rStrrKU2htUhcl0DU0TjmOVdC43/L8jyAXQa1Ne/wB3buRC/UqnVEEkgDBEFVdGRFDElHLKoUJAB0AEDPKcOLn3NFSpYK29mux7LbEY7Ov2mtq10PeAlhU+4gcFVeCMWsUNdgh2GttXttAQkHt1Z5mJbCNEqhcknuISwBVMgZw64dP5TWQphe1nkmxgSpVQBniEToJAcn9IzBKrqjP0zxY//aPcCbELK+oZwwJJaOk4trBB/TbuIDSNJykiZPp88fbX7nUbctZxPMcj4vydvtqHTa8vUN9sRuGRQFSvcbJgvzc4U/Gf7v7PznyE1rY3jH2T5lKnJedvuee8l8b2OpBGnVZtts659NWXXCMzPWaLPcASP5icgv8AmVzr+Z/HDFi9YOpi791h0fykCAFZhE/DChAXUqNYE6IEjQXyha2B7vXGo13qrAogjtVyy6KSxmsNAOiSC2cdMIRUoYWOivYzgLYjaGrYaFIJfM/CMSXSrRU9o7GZrNRC6SGkgdxI/DCtmRYgYGsq06q5AYSY+r4dRgN7Tf8AuaQ2fa1c55QCJw2quIHaWlQTnMH5Yrsr01io6GNzGtBWPrZGAZn1MIEepwnaVKnR/M5r1lnUE93aRmPxwgsZEpedVqqJNjfVMnKGAEdM8ct4P5Vs9s+x8r2x4vVuK6Wq/fO5u2iC/wBovU24ZW0kP2vWD8Mc7xl20sNPDck+1t3FZF1aCx3baNY6qqKN1SE0kmC0jrhSBYt5gymhl0g5JbMsrCf5fXHNcPymy22+2HIbLdbTfbDe7avd7Pe7XcoUv22729yFH2+5QtWynUH1EFYzx/t/bwrx4VfYXy77i/8A3nyHiRtXGx8D5Hw07/y3f+NtVXCV8Hy93Do3HH/sV+4aWYsNOKBQpNIU1Uo6GsP+3AVjoYAoxI6ECTnAnACUCdBGj6dJGeqQD0xxG623LpyW93u2vt5Tja+PvoHDXU3BKabtxuCKt2+4q7ia8gOmc4BtqKgnTqq0qImNJGUSMcdV5pdymy4K68vfuOJsVd1ttCFq3WspazKLVWSREScscPyH238y3fk27ffW7bebHc7d7KG2YoRq7DcNvtqlagtouAzf3PQrhjUvtguPdoQuKzqgs0Gw9QIjF19Mqlruj1uoesM5JJLtOnSWP5YllN7GAoBE6lIZvbIkZADr1AjDmwmRqZuxQkTOTdSJ6fHBdqnNbQUgZH1mTESMFtEEi5QsAyWIC6hBgTnjzP7Ref8AFodt5FsTZw3NrXWd74l5Zsq3fg/J+Hc1vdRyHHXMNcNot2xelkKuTjgv9k/nFF/Hc5xn3Tt8S893/Go11ex8T4Cyzl/IOd2t6k100ch47tvc2txOgPuKhnJB8T+23278Y4nxHwnw/jauK8c8e4nZNXxfHcfQLLFp0MUsvuu3FrW32ufcvuc2P3E443f7C39luKlvB3ikq21YVXVJbTpLlrnqsCV+gYgdc8cXxq+QX8Dtmd6TuqvdW/al3VWFz0+05ltSqXtsUZEBR2n7kjk/JOV5JNz4vyO3XlDyQ3ic1W1LgNs7a9tttunIXVbhUQ6XNTa115scWWAWaHsssr1qBY1bOxrdodsikCDBkHAMswCsCpEZFpgGesDrhVKaQBpZFIJrd8p1LJ0z9Q9VxY1gTSUQAjWzyt4Oeoxp0+mARXrt1ms6rWStaydYhQCram/vw5VSjoWQMS0gEqrSNDAzrPyxcrqweWCl2LKCDXLqntjWGCHKR1wVrWpD3tJVsjEzB9IwSp9sMjVuGUMAozRwCerGYx9ztuV2jXcZxDeR7Oy5VDpuuD3m23auwBmqy2qh0XI5GcAkjMkiDPVUbP8AJv7ET0nAj5znOP8AcHqQe8PtV4ytXcCdLeWKztAAJ7lUn4ZYUOpV4zeI1eoy6HL1wQzMFNc5k6nIEKk9YY5fngalZS4D2KtbtJPVCwbQABl0jGhDYlYNZeJXVpkrJRge0jIzI9MB7HSQ1ZOZzIGlrHmddrzLMSSWzOEtH6gBCdqMw06WQgRkYTA1BSNBlQ6DtUsQVAWSQzRir21V+06yYgMRGj0BMAA/A41lQ6lSpQKrGuwfUJbpM4RT+kKkKDSgMyZLRmCZH5YFQTTQCLXbSUnJlzadIBkmCOpwVStBAStbAgJ9sA6rAhELYZgnqZxx1T7j9vuN7d+32SIGNj3BWfUjKhWp1rQGWMBemOY48b07nbeQ8dTxvL0bsLuFNW1uS7bbivUs1bjbvUNLrmAxHrgkitDZMUqx1WCdRZTlJEyR6DDKEL+4HZz0CgiAp/DqPnjhOXfZoLinKVi5kBl7NtdUZsKCSyudUnMmTnhlCQKSx7pssbW3eFLFn1Mxmc8sEsGJUAMR2kkqDmfUAf34GRCBV9zLMOhLhDAUuoIkTOZnFZ0EB2T25kjv1ZsCR0gTiCmp4NYlFC2uBLCHUhVjA2i7h39uthWu4zTSzozvUwXSjN7YmBnGHcpqLEadYZSzJ2kfSuZ6/hgEroBYBqhmmk9XJPU5+uFOnL2dNZjuXudSBEFS6gZ4b3CV1iUVCrxozKlQOmWDqrLqCNOogACBkFUkQMFKq5IY6bO4H1ZgcwTqA/jhqW0uLIQrqIsWxQHqZVCu2vuE9ZGPuP8Ae/gfEq6fuD94dv4ftvMPIU2e1Nlu38R4+ziuKo47cU1m/bNvqAtu5QN7dz11uygqkaL67lKDuT2wLjpWfbCWKB7nTNgATjY1lRr92xQ1KPfWWqUXEu4AGgaQUB6t88BK7HRbmIdymkg2tqV4ZSQ1bGZGYxuKb97tyi7W/YqHWy/309r2jVQjHULGVzqOSg59Ri5tCxqdzcRm7O5hXY9oKgdo/hj29RQ6LJIrY67Qi2UVVs1bIH3IcqCclZc+uP0nqDAge57b2Bgc7CoJqlyDlqGWNPt9pj6SGJznpOXTDTW05y0hWidQ7R6zg+5Stra2jPSdLFkB1A5wGB/LBdRpWtLJhSSqoIIQEgt0jFx01GlayKyZ92QWDQDIYFQDhv0a2RQyiwAliwzY6W9EBgD+GPuBxF1ZvHKeI89sBVYCtfubvjd3RU1gQEyLXQqIjI/PF23sUizb330NlHdSRWwA9CGQ5f2RziMfc/hltYf6x9kt9ufbJGh34fzHxxjJnPRXvDAGZ1YVmEMJBRgdOkEBdMgGNJHynEV6bEUgIoKM0AKWBCsRWytlDEHLpgrSzT+mzqSBpnIgkT0w9KyzaV9DpM55FsiF0547SJJ06SimAszPxkCMVVwiV64uAUhhUFLKFK21qG92JMfTI9cKvsw7QEsTSDWoIP49RgKqmVdiR9MahBn0nOcaUrUhixsYxqZ/5mQESFAImemAQQF+Sh+0nTkRkcj1+GN5Xu9vWlAvr/Z30trG62liVP3ozTXbRazoZyIAIxpatpnJvdkeoPoCIBn8sVKrQsBGJEugQPKV6kOkuzSWGcfLBcg6ydKq0FdC+pzyLA4p3F23QWJrFb6kZ0FxFbKg0/piEHQzhwF7s1RfRtGbFiYAgZ/PHHb9Kgx2dvuQHCA1vFbVBSRqLu+X82cnIYauv2gKiQDqd2ZFRm1F9ShwCpWYzPyw/ZGgnooAPpmJOWWArCytVsrs1Vv1056GQDNDPScHWvtsHZWQrOmTMr+EZfDCqg1F2JLNBKdvbB/6vXFJaFEED6WnM5x1xXaynQj0vA0qrGvV2mASA5WD8savbFZOohfqQFc4ae5lJ9PhjTFfuGS5VdCs5IkIDJCAdB6YdSFArOmQo7iwmBI9D/HHdpkHTnpBgSegGX+ONQDqTl2pqYscgcgY0zOCoQlUIauxlUMWLEaXEBpIAH4DHG7wKyOAqkoS0HS0FVALnvI6AkTlJywlz2NZrBa2y3UWsfSvXLOAnSeuK7EXr7b6EQksVJIYqASAhwrxpYGxx3aXXUwAZW9SQf4YBDagFZhqCmHIIZugzgR+OGrrzqf27LVyA1oHMEFTLAtkfngQX1ljkWAlpgEmBlokY0nqrdyoRpZI6t6apnBIqDBQQQAQZ6NEf5MOigBTmoKhmBJ1HMkzmcsMK0IYSGDLBGQjS0DB16iVRpTVEALNg1DPM55fDFn6aqQgskjUSsEkzqmXSMvTFpIbN2VdIkgwCCQM4AGOUoK6E3Gwu1gtpYhltRm0xmCbIjqcee8Iy6f9L8z8m2a1xp0LVy+6CZRlNen+GCfif7EwCemOIorepbOc+0n3D4apLaqrFstWrh+SqX27a7UsfTsGglSRpmRE4VqwbS0sqiBYVZtZlUAAlpjplg7fRRpXc+61xop/dgtU9SVrunrNx2lajUE1ka3JjpCMSUJCM0hdYkwOg0ZMcK5UgsmcARHqe31YkTjXOkyAoMwGP0qRHw/uw7RVrZTJ0ggwJJWR9IBxXraxHGhvcrIIrkyGKtGoMMo+eJWstSFMvmYB7pOkQDB6YUeotE56TpOrKSJgxgMqupsDaVQdir1Yn5Rlg61VmXOSdBUQOi6Y6YMVgzA7gdelupA1IRKz/HCEvYWBArQ5JDEIS66mDdYBnLDq7KrVnVCqGnT0Ro/zfLCSqjU2nJYGpTqkDMiDjTX7Yd2BIbVmD3dpHRs/XG1dmKKu5QPZaVC1vLDWS3aNGqZwixXYDorrNQEPoGkkxkKiMz6ycOEZwr2au7IElu9F9NNcRhtIzBZtX8ukAwuoR3jrgsG9xdYLWGSpUqs5no0mMNJY16jmsF/gNY65HpghCZVSYeYBLAfCJkYyIIZkDRqzGowDMj1xYquyzW4V0esFWg/SrD6pXAPclhqUsj6CVaDlbp6W5Z4EhI65dZORPqM8N1aWUadGrTBOo/LrhIbQdRaRIMBgM49AD64sYMCh0s4AJY6HLTBGbOMsbbc7ddN9Nla0qXs2xqcXFy7ujqUKBQA2cFRGeKFBsOgTDe4ADk+r3WYzpGUznhq7FVtaNUyWFbFLESF7pUEgGPwwTYSz0wiBIIZVYaZz/wC4onVhmAb24EtBkWM0gD/pAOfyxY5OQOskwIGQZpaMsh0wdaEZ6lKRJk6gSZjuUYsgMtdhiSYEdApaCAZHTCqxMNrJ0Np6jvYMI78vX0wprMIQRXqt0lyF1GZg6iMxhliwkhiyMxcLpjNesZ4NmkhACehBDzBmRkuWAwiNUg62Q9xzMD0IxaFZDrFumVBWtlDq2sg9dSxjdj20ZTVarMANQcU2BNH1QGePlOPu7sfS3y3c8j9IQq3I7fbbyxIgTosuInoSP7KPj/wnH+2vf33V7fa855VyPhu6usfQgXyzx3leG24diY0tv76h+eWKoLAdohgCZZRGTSqwsZRhGLBw0IzQdUp2wTJlmMGPQdc8IrAlklW06urH6QdPVCcsJqKwWasKxJeBpYELIyyzxpTJtRMqVYaVEMFBI+oDBUnJJrAXNwbELKGEmDqX+/Fan9S0As5AMW5gAAdBonDBWissupO4rJ6TBEFPhhgQGBABAy7T1GfSfjhtJ0kqR3k6XcmdIAgiG/KMKQmokDX7eY1AaWQkk9Cs4EKFbTp1tqayFBMdYAMZ5YD6dUMCGgyB6qBB9c8MdIUudcFiWzyDEEZAgYRmJ7W7joyn1PX1jDwdS6bDAEMy6clSf5gvwwrpV+pHuoHA9vUpGkPqBBmJCnPLPFTu9TX2V1ObAFUF21LYUCQEgDIDKcVEAOwQmVB0hSSNM+rTmcWUsrKohx1hmbIkGekemKmU2DQHUoJNL6l0j3VmDpiR8Di0hqKzWp+ppNrExpXIEsep+QxcCqH3Y7NJZ0IYNqBJUxZkQD6HBlScjGlcwTkG/I4BbJQMiHC2KBkSesHDaCG0sVJhS0A9WZQsnP1xpBBjMAqVLL0BU+pDdcMeskxlEfCM8PYlZQk1gqVnoCHY/AEZ/lgsxLCRAVROlW1SpHVmGFYpY596tVXOdVrkmQPQCf4YphHDCwB0C9rCCFVWZjLSvdl6j44qciwK+pXH6akOCO6yVldI9fmcbiy9W9tPdaz20cvpXuhFrBdmJAyEf3YYM2hKAUdiSK2bUUUqbFryLZep/PEMGWCysDp0mG0sCSCQCVywzaTYNVYIAzAVSTEAgyBh7wrA6wayQEdVBWFVlAOnUTh7lTVJLgDqurIqPjIwKyEKEBtKrLKWBHbZGpDpMEYJVTXNisQVVgQZJUag3WcaCSFRCoEhVyZmkwsevphtOsabFYiQQFUaSAdPTKcWo1WtTYzhUeEAGvUCAoMMbZJ9IxvEDaK/bdFFalrFE6tUmdRAEZ48uZ6kqr33E8BvNua6VqFlI2jbQmzSqh7Vu2rAt1MZ4I+B/sR+Ix9t/uJsXNe68H868W8rqIYL/wD6HmtnyTpqMhfcr27LPzxwfkmx3O33Gw8g4fjed2O4rcOtu35faUb7b7jXEMPa3Ur6MIjCLSfZBtsbWoVv1mfU7QUTKxwCMzB65YrYD3WDM1rmwB1nu1Mgycs3qOpwjaU9spOhhLBwdP1GD3kjDANWGUKSmlSAS4MCYDAD1xYFUIbHR7DpVe9BkVg5zMZY1aNeg6ahq06ZOUn1g5/PDHqSSG0grDlS2rKMic8AwW6mCYX8z0GCVVVmtYPUr0gBuh0zgO/tqf5zWPbU9gVWK5DUQvpg2KG1V1MbcgCKlMMQGKkksBEZ54HaFE6AfSR8PQmPT44BbU/p0Kx+MZnHaM5+WR69fjjUSclIYdMjMkH454fRmMzAg6GAJ1sGVgv4x+eNutVjv7VVtYtIsDKEMklBrJXU0BsOnVjVrrJkAsoEAhWUmD1xTt/3K7h2op3F3t13KtLWyRSRaMrFj+UkAYK5QJORGYiTI+OAAM1OoEEyIBzAAOcHEWA2uwkGwkWacgq6gBkoGQPpiwiz2wrDVIyYHMAZj/ywoUp3sGYyJBA9T1gAYs9tSygEsFEM+XRGORJwhZLElQyI66bVDT2MpHaYHTEqGQnPPM+sMY6YVbRqMQzKrS5j6iOgGfTAU6kDPWBkx1ZiQB1BPpGN5SraXgNS2olVhtJtdUPuFVUNpgjPFRUSy2S3auRYqdRdSSSR6jrGC0lyAGCKdRFknSTIlgwyOUZY1IUTc2hiFt1GrWpX27XVQSa3Jl0GcCMBfbLAqqMbAHClO4ltYizWjkTEAjBYEtoDCcyA3zEZx/disOdRYhupUDLPKYmMsGVVADbIJJ6iVKjPKP78SVCVliSQGGgGP1JP1av8vpgxY8p3QCArCYXL/qwUnpkqwSWnu9Jggz+WJIcAA5MEgESSS06iD/GcOYIlZAzGWo/PBYIzKinXpBjPKYWZ9MXGFYwzaXLVDQ7aXgoJZ1WIB9TjldvqJXa+LcIpltRD3PvL2XoIj3B+eD+J/sR+I/xwwy6N1Meh/EmDnHrGP9uHlO/3NO65bi/C9r4PzDvuqdxuG3/gm8u8RH7sq1jpdbRxa2FGhtLKSMKG1ZKlrQQADLCtp0kgKACfjitzXSdQkhXRnVnECwMQpc3Jlp9MZCdWkorIuSk9o9ZJIOCVhbCwhQpElzBJIyGRJwoX9LTJM6GLVkypllJ1Qc8EwQ0htPwzifwOEMOpZWYHUdLiNLK2eUxGCtekodGokdxOkEhR0yLHHckVgyDkDmTGQ/HpgFaa7tJyW3OTGQ6jIY9y2oDSyHRUjMcmrCnLUdIYCfTCBUQqh1FnhOnUBchI9J64dmAVApLPKKq6QGli5yGkHphiGGmAyN1BVgTIOQYRhX1SGaRGWX/EYYBQM2VvbyZmBUNqg9y6T0wyszLrsZU16qzqkWNTCPIVkAIJME4ZciJMH1EqSwB9MAfSUkBjMsUkL8BMTgaQ4hspEMWiD0mRh1WK3ZAyEDMgnSAWmAZH44rsaSRWR9QMssZ9OmNJHaq/CSRM/mZ/uwGVA85kRLKB2HILP1EHp0xdapcJTY1azW6gsrDUYYKTHpGWGdAzIGas6gZb9vAZmBGZJsgH4YYsDUWJ0qVB7f5WyyE4UdzNLADUQRHrEegxSHE/qLlPpPVSDOqPX0xuXrVVs9pkDppWwqxJZAzSwCk40X22ZXunuM62NrWzsrgQdKpkcU+3W9gcKSVUBlTQ9iMxzB9Me+ys7qy9ijU0MCFj/KJznC5OCydy6gChBzluh69fhgVFVDQHOkqVYWFszp/DDAUUsV1aVDgNYVPaFY5KWIj0xqepmbRmptB0l/qQ6IBjphVbS1ahjAaVDQQEcEQ04LqxnSihTBkTJ9Mgow5Ue4B3BzkA2cqAfgMABGdiYbtEKOpMmS3Tr64ufIoFA1dAIkABeoIxaUBVdRDSDpYLEjJpJM43Wc1hnfKYUDrlJOQzjH3EC2e4NnVwuyY9IarYI5Cicl/VwfxP+P8AYmZzjEsCVBzHQnp/wx9/P9vXKbzXvPHOe437m+N7NnCvXwnkW3p4Pn69mhsOmunl9hTY8AaTfI6nFShrCZrRmLZiNOie5pgGPyOLaNtci7qmCjXL7iarD7ZivUC2lCZGUzj2z7n15LWNJrZJDPWWMA6h0nIY1R2tCBgZ6AEao6aSWB+ZwKyTqdHYAKxHYAIkCJb0wriQAFAYRAYTmR6qRhWADSe4dVK6QIUfHWJwQFCn1gfj1gYCAyVj0PdkS0f+n1xEairRkWE9Onp8cOKtQ0tGouB2uwErKrmCBiRrbVpnU+tCwyQ6fpHTP1wUtRXBnWgUGqwGDocMp7ZHwxAMhRpYDtKiIKJlAGnLpgISIqewKCy5IgAAAIGLC2uE9wk15sQUgFhBB0k4uup0na7VbDDKFuBuC1jWw9r3VRQSAWMHphiu31IwZ/ZrssUagZhGZ2Of1dAZy6YRTSvt+z32e4AgsUD2taTJdvl8M8EhSXQAoxLQp+WkjCzMz/LMEt6kHB0qS1aGIkRrzGfxMfljUyurMV1DWzGplEe2uqQATm2AGRgQAdSD+RslBEdxdp+ONOlwwiVcwvy6KuNbqFuAZa9JfSFMgyAShOn44V7ToL2e3X1Pe0wDE5EA54LT0eUcBg7EqRnJPZBz+WNoVUqz2SVdmAWUk6QMgE05DFp7JU2AhVIYntA1E5HrI/A4Irge3ukWxlUMuvWQ0AnSzNAmcuuKe0j9NVetgoDIv8wIJ+oz1/DFqWCGBJd10lytfetBJy0gLA+RwBoglTIgBS8d4UDouuY+WIKPB1HURnOXafl8MB1KagSAjZsJkuGB9dX+GG1KBAc6goVQFA7THq2cYJKrapLGAQc2Ij+Ef34JXUj1hD/29dWiNRVVgCWBzMmMM2chT2gSrXE5MA2YVV6+uC6jVrLKUOXco/T0dFAJy/PF1aEWMjr7gT+QPJrYzl3wQIk5Y3Gp9Bb9QMCVgkQ2jSGBkdZxvpWCtNr61BkhFd9TOSg6pnl1OPvHu0cWV1eTnYIwMiNjsNlQy/LS4P8AZ6SOvrJ9P/0x9pfJeS3j7bxXzre3fa/yyLVrpXj/ADR9vx/H77caorNXG85XtbW1GFQMcsKUbUrmuxGBXvVWdRpZdYYaiTlhXNihSQSxYBgpIDEwgIIJjPpgiwVMdBbUWfUVaSzGJgk9OmEu6p/7YkhTUYaWAIzC5mRM4jszVWTS5H6hVZ1QcDK6XEHSsrpOcn5Tg6QSqyAyzAeAxDE5AjUP44A1Aq3a85Mit0ZPi85Zz1w4ZawVD+0iM0FTqiWKxrPrnGFOnQSohQQxPSTPXrjrp0KSzROkswKIQCCCpXFZzMMFYAadWXwziGw0KUGWqSGn0HTpGM5+k9s15iDnAOrF7kBhWDYYGpyCCHj/AKSSJwWUOoIBkEBwwj/MGBiOkY5ClQossQBm1q8IZYKKwoZ7XAOQ6CcMgtkE9qydKjVABlR/NljbyBpsRgxAyRlIyJHUvOWCB1Iznpp9Y6ZziW1EkwqkZqygQpj1YYYI661bSyKZKBvpVwM5icRGuO7TqAJ/j8ZyP8vXCkqysjsJXNTW8KNTepRhhijF9RkScwFEn1+GBqBgQ2kAAyfVwOnXLAjOSSCACEUSZ/KeuNTOmgjTrdFVgs6iO2RDAR09cCwtGm6vsaAy60YE5x6kfLPFhhjmWAIQaCy9ippJn06/HF1W1YtSdwLdTaGaq2zc2bjdNYdRLarGCqP5QBiv22XtKK3a2noC7EzkTpj88NMAFnhZM6U6H5qx6/LDMQASWL2N9NbSTCemh/8AjhQ0E6l7V/CQT+QyxEIbAG1CBqZmbTryhoIBOHXTOf6muRJGcpEYMr/ISdIznKMhl6YTSYmYDMQCR0193x6ehw7Gsax2kI0Z+sA9ZHww5rDMCCApCFdR6KkGT8spwF9sKCA9jBSGHYwUmGWQATH44Y1ltIrcQ3WsDNh8Y0ieuOe3dkFadnuNLZSENRJCk5yC5bH3Y522tU/1Dz/yexVWAFrp5O7Z1KNMZe3th+YwfxP9TqB+ODBBMdZ//T+qPz/wOKXpd6rUtFlV1bmuyqxSrVWVuvdW9dqqwIzkY+3/AD3Jcodx9yPAaNv9v/uZsS+rdjyDgtvWm15ixCdXs8/xBo3iuR3Na46ocamcBFKSsodQgyJ0k9xMznhbFtkVwCF7G0sD2qAo1tl0PpOFBgFmTQUUPoKkHOZDTEHpjtBTS8tqAKAEDMHtDSxP+GCAW7zCEMckz6DpEgYH6jwlLp2F2c+5YNQ9sEVksBAJBIHQjFqV2O37W5KrfdVkHuFEtT2WYRajMAs+mAsENAEdYIHw0yYwC57og9umfWYwVVApjU7yZgEGY9c/TDa2ToWRA6zpzzIOYOFOpxOk5Qfh1HqM8MDcgULBVhpY/LpAk4ZX9v2ci6QWb21MXhe5VbSXHXPFqiyFR2K64QtWTCEiTDHORnAwhU1aNzUEa8amAKE2GSrABq3y/wDTi9yvW+tjpbILZ3gqXCBgZnKYwN0rOl9NyRXrDLZQ3vU2GvSCJpurQn4q8+mZQFrLM21HQZ1emYnLCn10RIjUG/mZhmFnphtFSo5ILOqjWzDoxYQ3r0mMCGzYSQ2UGDmPlPpi15ZzcoUiFNYKqdDABSVlvqz7gPTDLFbKShAFLHX1NlbwfpyP5jBcmwl20F3VgGCEgasiPw+JwSo1qVcSpAgZByQTPbIz+eAdT6ysBvc1D81AiMVNP0lVn0PcXLNA7iM/TF8vBVgPbZHWx1LOysuhQNIRV6/HF9AIVNYk6yjStiMAIVVbtM5zh4KBIQowcNqYkkghc5E4ZtZQaWaQfqB7ZGRjNumCHYqSwhn7tVZDgkg5DJMSwX3CdbAGf8wVAfQRnPzw1sFXrQISNIb20IIrB0z7akEx6nDkgiEGSmGgiQYgySCMK5EKRPcSJ1SArQCRn1+BxCqpGqGYz/MZCgsZAzyOGOmtnrbUGDBioHoFMSWGU4dgCra9eZIaRPTtgzM4yQ2mBWzs0MoViNQIGU/DG4MsRqYoYBLEEF0A/wDR/jjzDk2KKux4Tld+jfTYwp2t1ksgmEBqjKSMc9ydjB7d/wA7yu+taCC77zfX3FjIyMsT+eCfif7HLHwIxmfQ9Z+WOG4vyjlm2X2n+893G+E+ae7e6bLi+Vu3RTxfyO5j/wBqvZ77cHbXsAB7G4JJhJG2vosa2rcVLajgISyWIHDDT1Amcsh0xVOlobSASdQsC5EEdAAfzxI0gGSQB6g+3CiJCnrjIKUMBtTsA40sNIgFQASDOOzSSICwsacwZ9MsPlpkyYcTBzBKgE5DOMLWoIggIMtKskd3SBqEH8cNK5oJdxDgzkNKCSTJ9PTPDoe507PQLLmDB6HSM5wUYFCgyaTWbCPXVHaMvXrhQlYZVBEyNWllhgzZF9RwxUKqrmqdykkLAWXjIzhVsKhtAQIXUhjAOZ6M8EE+oGeKlqYBrCViBbKuQSsBhDMQPTOPlh9H0uCsZ6nLP2hT1BI/gMbfTWtla7ghqwYT2ShPualEMTrAMGWxtGosN1bbZDUjprubRq9x0KuZhpC+mR1ZjFlJQIm5relGAea3lXpfTJkteBHyaOmAPbEM5pQ3albU4VivdB1hiRHpEYIyC6xWRqg61AIGqZgD1xMkAkkS2rqepOYk41kMrj9ODnKNILgEwSPjghJRSoj0LIklmVevTqfXAJrlVOlCo7gWMZjqBJOePcYy2lAEN7BEZWaQ3VWBn8BGLLLEAc6aqWrf9ILbfpJbs0gvUIE+pn0OCGAbTXqseAIeIKAamLgKJ1Qv4YqUAkal+nLJpMegLEA5+mHkTc1RMMU6qhrWvL6VNYB+BONz7ZY1vexKFmKpaD7ZWfpUMDkMV1sIFiHPS3bprJEE9GJYR8fyxSqiYZG9t69YKhphtULpK5jrON1tbVhqbXqJIHciTCpm0toPofX541T7XuDS/wBJIYuh6H6Qq19fnhTrW3UwZsiQBIJB06QRHzwxb2tZLw0FFCkAIgljq6fgOmNQatLVdCztJq9tVqNhKMQmlQYJ9SfXGpQunUrEg94mCpWGYEL6GemLAos1IUEMAshtFissAaiydcPa7Sq5aChDVsr6SDnNnuAE5DLHa6kwZLjuJaSJnM4vbTe5Ia1S1g0jV2vpUAaTA+WPuzyzWmi7aeH+QWbVvrIt/YXlTBLKoKq4Ajriyx2LPa7WNPq7ksxOQGrU3oI/sj+X/HBHzP8AxwI9cs/xGFetijqylHUuHVwwKsjVkOrhhkQRHXGy+0f3B58bj7zfZyjbcDuRv76233k/ipWqvgfIKbbWFu53FVKLtt0SNXvVlv5hKsykNQQH9sq+vtANhAOUSPxBwoIlq8masFgQxJzzOlmPXCaASk94YZIsDMKvfH8RgA6CpZu4EkZMqjIfI4sZbFYDUraZUg9FBJLZRE4fXn26latSVZlCo0iSRpYfnOMyawLFWsGRq1dQ/wAvgMLpI1e4iN1CtHuHJiTDnSJ/HABEoZmr+UkzmOrAj8cafbdalUSSRKwDpGqIAP4ZDC6yLSzNnpC6FkiNCsxPT6pg4YfUweQUVZrLpoZxMAAooUfLC2IpFiObVb2ickKSToJEhSY9czh61AIVxpJ+rSHDwSCpJCjFoNwosq/Zs1rsQhYoLCdCTHpMT+GK79rbt9xvdtd+zCUQ1i7a3VuFKi3Syrb/ANwdoOWK4dDSzaWth0sKWEarvbU6FsRiWEGAVxNmfvILYIYKltbullNQdm06bQxBzaGHwxp9n6JEkmWDHssMA5tEfxwYQ1kGCucahkSNQmDh/wBIkBQAQo7RrjMiDpEYs23vqbKqEtNJNhStbvdCuXA0kMUGUwM5xpZUBJ0FlMyQe78ADGPbathrGpTYuqr2+kEO0EyMssUgX31Cm2ajRZ7SMxS1P29oCy22cWy6AgOQpaYw4jQ9hdFV2U6oB7hpJIyGKi7VIqmVRmkvCe0VyXMlmBiRpGeeHcfXezSVsUxUlho1MGIIKnV/HG73bXWFDvbbClrfpt3sE0DWdK9DHxxXQzonYkgQwlRKMp9GCnCMxLho0lihhFUquStOpZIB+GC7kGXQ1mOljBgzHuGZrQemGsShypLVO7QVMBdJAIyIz6YXQrWANpCo0BFOUBTpWApwncy6lLGgmM9OqQEeIn88aVqDjRpB1uECMS3thQWU2KcmMZiOmNQSIJlVJIKrMAyARIGA9jEMFkDUe30A65AKIHyxasnSwdQ+qJ1KF/TbLQyjOcbjVWzLm62tYHViIGhNPQZdPjjdhirMfcaqop7cdokl1MkKegx9yjW5Szf8VuOPs02AkLuAuzcKIyB/ejEBg3xI9Pl+GD+J/wAf7EzOcYn0k/34kfDH4gj+/Hh/3q+3+5sXf+P7xKeZ4lnK7TyXxzc2IvL8Hul1BT+6ozqc/wDauVWE548N+6Xg3P073juc47b7s7c7lE3ey39dYo5HhuXUBbNvv+P3mqq5XVFLgaQFKjAKH9LVpOlAs9ygEgkMPQ55/LAMumiomsiNNrOSNM/AAYJ91oZqoaQY1sP0wASdJ9fmMMSoA7oVwdL6ixBJXUMpzwC2hq5ALu0qoEQyqJ1KuqBOGVCwfWGkhPRSDIgiSDg5ZopSJzYv2iBpUD54IYKxGZliHjKT2gj1wrsUVY7l0M5AGTd0iZj4YtNQWtlT9MFCzK5mJFcacjPzxYGBXUwDOWYe6YzZ1ntVD9I6gYYWsE9t7PacazFdaqtQnuMw7HFaWMWV9SLZI1OFUk2a1WEcjLM/L1xua926JaaLACDYnvWuiWIHFZAolYz/AJT1zx4L9nftzZwW4+yH26888UX/AHBcjRtBvuY5xNzvQnlPjnE32HRshwHEbyr3wimxt3RolV1KeE8g8Y5nY85wPkHCcZznAc1stxXbt+W4Tl9l+84nkNpbWdN1G72G7W8FREzkAMbQ22sWstChJJNbsgFhTUpiy0qoPQYXbW11rTuL6aKHarWaNw7hHuaWmzbtOkp29TBGLthZan6SpZ7lKtXU4vrS73KksJK1gWBepAjrhiFWwAg5dBqHoSOrTJ+eCYCjIWAzpH/9pSY09x/88aaxWgUg5PmCesZ4JgkMcyOpU9fzOA7sqkgL6mbCdKoAB1II+WAG9sOFMmoCTl6HqfzxX7loKhLjJC60iotLHMgyIGPuD5/vyte18Q8O8n8itst9tVb/AEThOQ5NEd9Iysv2wEDODPpij7Qf7rfJjbsea5zdDwr7p8y62ftm5Pkb7tt455ZuiARTW26Cbbe9oqUaLNQhl4/kthftt5RvaE3K7jaW1X1xaA6lb0c13K0yGUkEHCDT7JI09rlp11AhnmIj3I/LDFnW0FAzfqKCO8JpGYOsATjy7iXTXyA4+vldg6VlrKruPssN71AsRWXouAA6SDhmpINkKzIgIlU7YYR1J+GWLkRRXA1ahWWZmOmTXkO/P5dMN8VLWSGXp0nrPrgllhWMM5C5M3oQZJOeHZ00MxDM0KFBBZZJWSS4y6dRiK2Kqo1LVoAOoyw1EzkY654aVhgQzR6FjqYL3r1I+WeN0imQEcVlm0ENnIJnpBPxxzu3GhP9T5PiuGqAOt3ffcntrLSY+FFB6ZhZwwPqyn/H+r6f3/8ALEf1s8ROUZfjOB3R8Ohj8AcVcP5Tv97uvsT55yO0o8w44WW3DxjlHeujbeacZtpOlqUiveqiln241gFqwDwnlHivLbDleI5jYbXe7HdbS5L9tvNnu9sl+13W1uqtemym6lgykHMYXU0he0S0aYEwCI+OCVULEJPbYrvSeulRlnnPTLEuQUCxkxgBgCe0kkmD0M4rtSiyuoIHA9p9RSTos0MhDVMScyIx7lf1qHOisksTBGp4lQJPSJBwGZST7ahjEQy6n9IhgM/jh7VotG2RyHeGfoSChOZGef5Y/b7UOxrMvFepx7fc4VQsktGKLv3C7lt3T7m3JYF7FzZ1dw7FbUHoYgYcEMKzqHc3uMScmC6TAgZieuNLMz2SrJWgVgaSDWjuMiGAknDKmlhpd2WxtKLqB7AcgVGmT8MeWeYVb+kefeWUb3xb7c8f7mjcb7yjkNq4o3x06m/Y8HX/APLsOmHWjQc2GOU8i8g5Pc8vzvOchyHL8xym+te/c8hyfKbrcb3fbu661ne1tzuNw7PP1Emcch/tv8r533vuF/t23R33iR5DkGs3XMfajyHeMaF2iWLrt/8AqHLs+1IDHTTuV/l0gVrZebrCTccwtitWysVrWVWTMmYyGUnLFG4Fvsh6VAPurDuhLPYBk6s6/T0zIJ9cbPkaaxfv/GbKNhyFiEW23cdZVrL3MAz/AKSqoYt1Kk4VbdSpauusdGYITWWGWoqWH4YVrF01k6QEdiXXL3GMv/Io7T8cWp3qfdY1FiNXsahoVgpPefWc8EdSJB1ZKo+JbKIGGTqB2kMIEkiwWif5QEgHFlzvrFaOwWtSxPaYVQW7yzQB1JnBDIyNbUbJ9oEKjgOVtGpnWxSIyiMff+3bXtRuue8Sq8Q49Uv0WNyPlm/2/CpXKEdybbdWMQO7TM5YrJLooasiwkEqaz2OEOZCHPT6kY8a/wBu3+5LyDc3/b+7cbfi/CfuRv7brt14kHda9lwXkbuXa/gK7WVE3GprduCFMqZXiOd4fktryOx31G03tW72e6ru2m92G7qrs224211X6d9O4WzUCjGBE9RiKoepkW8e36AtmJT4gR1xxu4tYftOQZ+N3IdghKblRSwYGNTIzrpHUk45HjT7Y/abzd1oSq6PaLBqFJ1an1Ustg/6iR0GHARkVMwwKqGUrnYAZJMsRBwQQBqYwQSmoKJXMFZE/wAcIXcI7AGcj3ZkkoXiAfl0wzVBG1WsNPdOmskPIdjIDdfhgvoUM6FBDETpEBlEwYB9MPqT3Wz1k5ksVhQv/oInLG+3VVdTujFVqttCkvYdSsqJDFEUEE9AeuPtt4fXaov5fzG/krq62g/tuN4zclSwWGJV7vXKDgg9f+ImMZ9Oh9PTAj5znP8ATng/l/h/VnE9MA/A4XODPSJ9RifWTHqAQBBgyDn/AHY4j/a997vI2H2z5zd/tPtj5Vym5y8N57fW1ovjO/3V9mivx3l7rSNu9pC7O59IZamIG3KsBea6wpDq1L1sAVsSwACxXmVaM1IwrFWZ1U1lVbsErLsJybUwGeRxkdMoA6srGJUKr6x2qZy+WOP3W6rodf2R2V9KskWJttxZUiXVOCLEsbSZ9NWKt7bw/GW2bmkJaw29TMUaS6M1aqDp9YGeNpdtNvRt6ibtru0YMCVKV3VhF0zNVNjZx9Kjrjb8cLRtdrv2FN86dDl2JZrDcSNVhOlYAMkYfb7Xj9vShrWt2Sqtb3NfeHsuVC/u6+pk431Vdlhrr3xtpKsbgNtulQ0Cu11KXIUVjKEhSYOYjGkF2DrqA06jAIL5ggN1joMawpgsQWkqyrPapAUwCcpxfTWsWOgqQEPYLr7AsKVCoFrXVm09AT8sc79seP8AKK+Y8H+xfjfD+J7PjeO3As4zZ+a8hsjyvmFlzVk07nk6r92NpbYJ0pUKxBBwAABAAEyxy+eWPtz98vFWuuXxvk02PlnD12lKfJvB+Vs/a+TeP3VABLP3WwuL06p07mutpEY8J+5/265ujm/FPMOI47m+H39G5S57NtvKq7Up3Ggsa93So9u6tjqSwEHPFb2mqbFW2kUWMRWlgJUJMAMI7xjlOA3z2KnP7NhTE/qvVWyWqQFeD7NjHV9IKQTng7a2oCmzVZtLahqqfa620WOxClCK7FYgSTnl0lUAqZV1DWGAZg3qs5j/AI4FYEa2qqTsLOS7gGQkuAoHUDFtF9DgkV2ISpX3KrAordQ0HQymSfSOmChbQaSwcmQzkE9IkQPT44JAUqQxYaRJCHpmYzPznC2qfarUXHcNaWCey+sAt2wipp6kgN0GeWPAvtZtt3q3PnH3Bv8AIN2F1hbOH8S2rJtbrK3dHSs8jydb6GAPaJwXVz3TGY0aWBiFjIx88Z951aob4/iZj5H0IBxwH+0T74eR7jdeGc/uBs/tH5Zyu6d9x4zy7gU1eIbncbhjo4rk7Dp2ruey1dE6CunbbXc2rBh9rdWQ9TUfWAXP/to3QkZjOMbOx30rtNxTcSbPcFjJZW81hxCHWoHb8Mbff7B0tTf8Txm9taoo1Zc0hUuFqkw61OpOWZGKHrIFqgpYHchHsbU2lYU/Ug1EmJM4dWUHuKaW0NpXqWEFgDOHPdqBHYqKdSgdulo7W0/jnh9fcT3uxAXSSoyWtT2lyM888BhWk6LSO2CM+oIgj+OLAQUCv1VzBM/MNiy9bWMJabCyqpQqpCgQB7gYnPpjwLxJNybX4Px7kuW3dKBQKn5Te17ba+40sQ/tbOzKMlOIifzwT8X/AOH9MzGfwxERn8f6cxiYy/qmflGPlhXVnQoFYOhIZSh1qVIIIIaCIIIOYzxw/wDta/3AeVsfOuHor2H2u8v5reQ3lvEbWpVo8U5De7h193yDi6qx+2teGv2ylTLJnV7tuhXXSGLe4VlhBVTLDUOh9Rj9JtYKgmxlMMAJVdMTpPr6YQqbNKganQgn2XYBgEJ1LoZQRllGKqnSvcbZ627XdACdZCPWrfRpCuGPQkx6HF+k7h0a0br2+12q3VdSVV0o4jQq5T6QYxt7jl7F1O403wawXsKVsabCA/6g6ASMj0zxTZK2VGsh7kp9iu25KdbwDY6jbbVJawxqsPavQ6t5suM9inYbMe3uuS3Ibb7XZPUtdu6ssDOHRA5JZRrsZmjqRps26WrY23N1PuVOu4Vm9zSLKLarbKfYIGYUkZic8PYX1CzKywrpCqNTEMQM4ifxj44332e+zfMcdyn+5TzbjH220NFqb0fajgN5VdW3lvO7ahiE57d1WMvF7JyGyXcOQEVbOU8h5zfb3lOY5zkN1yfK8pyNz7jfcjyO/tfcb3e73c2kvfud3uLWex2ObMcenWMiDmPw/HCsPTrmRIzkSM8xljbf7Wfuz5DbR9rPuFzQs+3fNb60ftfDPOd9Zf7nD2bm8/8Aw+G8scgoT2UbsloJfC1vdrW7v2pVkFdUa6qwIYj9T22MgwRlONtyGyv/AG272loeu6qJVtLVlAgIbvViCv0kEzjb275trTZXt1QV1A11C4LWt27AAsVGf207QZ0pHwwW91HplkWwIrF/bgO/cBYCxMyQDnjaUcja/bN7FmFdLmlRZVtgQfquYgEjovTPHH7iulaqhxg26lBpBau+4hBEL21mflGDos9pO92VihYham1PJM6QQMvQ4cEWM6yqT0gDVGRksSMz8MWXWlvYWl1am0+5VYXKk1MFcDSBqAJIAk545fhuOLWcP9suKq8XoVK9FacjurLOZ5UKmohLPd3Va2+nuKwBKgHADKQZBIIkqPQZTP5YaQM2YjUADpAXoGzgTjZ8nx25v4/kuN3NW82G929pqs2u+oK2ba+ooVdGSypTKkFQPyPG8R5Vye0P3k+11Wx8e862LWIN3zFKUGvjPKVrDBr9ty9dUWlQI3AfPouKQrr+4qKxYoCrYM2bWAxPaTk3U424OlF26+yAVLGykAFYJBOnT2gGMlxZQwIBSy2yAWYCsaUyWSFhoj0nB9orXW2l406gQwPWJ+rP8D1xCrGlCoUFgytOWtgpDZfA4sPtEs50yCVHZnnrKhQAcsMldmlgQ2lmJOgjMDJiNRHTFmlSmt9IQvI1dPqYIo/wxupZWZEudVZ/01VQWJZg2kCFPzn5Y+8Hkmzva/ieK51vEuGsFmtW4/xqtuNLggldW43CO7FciWJOZOBH55fh/QZ+UZTgx0nGRP8AUgxiMoz/AL/6yhROQn5ZZY1BACYB/wDSsSRJ6wMcVz/jvIbrieY4bf7TleJ5TZWtRvNlv9juar9ruqLUIKvTcgYfMY4rxfzHm6Nt98/Adrttj5rwd99G33vN07euumry/ituLazu+N3iVg3he6i2QwUFZD1bjUSdL1llL1ysrBOZy9ehwgNbEhEUOxXvDEswMFgRI+WF9vbVWyi++lwRlb23tQDbNFV1KvTYEszYzWCZWIfcItjVPcE3NbaFtSxbHdrEF5YOWXLLIkqR8xbunu2WyWxH1PWWFdS6TSgKhmsYVKFJHbqIxseL2XIXczvbtsqbfbbLbvXubjZJM2u1Ve3DPZAYtqyBAxzfL8b4zRsuG2x2o3G2Tc75LdqF3FFm33orvuoSzcbq1u+FsR5BOeZrVBpSmptuiu6qtWn9e0S8MB+4sY9zTJiYgY8i+yn2V3fH/dH/AHKnjW2e42mzuW7xD7V73c0MaOQ823CsE5Hn9lAdOKqZW1wbmrWFfyX7k+f+R8h5X5t5jzO+57yXn+XtbcchyvJb20W7u69nhESxwBXWqrXUqhVVRliuxYCe1odAoCrYzgxAznThqwIWdS/gwH8f6Euotam6m2u6myq5qb6b6mV6b6bFIau2t1BVgQQR8scN/tv+9nOps/vr4VxW12vi/M7/AHSVj7neL8aq11HbPZpFnlvC7JVbd1Fp3azuASwjG03ND1C8oj3KCkWt0JQDVmSCdMkkHrhVNorEgaSolWOpLACR9IK5YUh0A1L3LI1QCNPWA7dTEDLHHWcqLbKE3VZ3LghztVJJS0JGtqycjn6Y2o407j2NpSakfcVjbiz33e6xlR2ZmhhAMfSYxDAIEY3Fhb2kKQVECcj6joR1wBUXUqyj3K9InWCJbXkevpjyfzLkbaW5fb8d/pvj3HM61vzHlXIVMux2y/qFrKarbBbYBBFCOZyx5L5B5Lu7OU5TyXkdxy3Jb/cbizc2bvkt+xuuse1iCxQkoB9KKoVYUAYtKozQ0Lp9F+rOIbL8cKbkjtYQxY/UYOZJPpiwqrBWI0agpGlQYMEfVn1x4t93/Er91utltbDxvmXjqbl9vtvJPFN66LyPHWqg0C+tVF9LtktlQIzmfFfun9vOep53xnyDaVXA13j91xm6/TTfcPvqCitTvuNtbTajAMWlgChUmpl91qy4cNIjS30ZaujEEHLBKF69asGVWKvarsGsQFYyYKB+AxauopoJCK9bnXOekZLLVEQc/XBLBqhqOjUO5rCdUAdSCvQYEKq6rRqK6Qx01NZNi6ZGQMYZjaGY6DmnWQSATIEQcaVqWWZxEGU1I3e2YmNMjH3C8w5PftsvJ+V4zkfGfBdpUVe/lfLeX2lu043bVVBvcrq29oa62zV2VLON1vd3a9+73l1u63d9ja7Lt1uHa2+53/ne21yxPqTP9oDiR8MQMWAv+oCoSsVsxbUe4+7qitaxn0OrocRGbKAAyznM/EemNJBDe4G0QAYAgj4T+fTCGk6WP8pLSTqJntaPXHj33c+1XO7/AMf898d3h3vHcnx+mz9wpZVt23I7Rga95x27qGi+iwaLFMH444D7Zf7i6Kfsr92b/wBnxu15bd/uj9vvL94zV1VNsuZdQ3j293l4cCndgUahpFmYGKrtnudtYNxUjVXLcLqba3E66rq29t09JUkH0ygkGu9dSoGMOkKCPm2Q/wCGEq29uzXSZvezdg9qRFxqqsax1QnLt6zMDA48co/M8zTb/wDuC7etE4vjKLcm2fuAtZduX1EEagFXGw3/AD25p223V1uRLl0Ia9nW5DWqGtZ1slZQddE/LF9Xjtluy2W3/d7zf8puNydrs69ulQ/cmvb2Xjb7DjqErDW2OAAoLZKJx5D9lP8Aav5HXueYG23HC+WfePjbq323GWMpov2HgO7Q6N3yNRVK35QSKdMbYlx7i8l5Yrb7lE5XkL99yfJbu6/ebncbzfWu9++3e6t9xtzu91uLi7uxzYkx1mJkzpIjoVA69PTAUAjUQAchEHr1GEYLkqBWAI6j+br1bERJ+AzxOmVHUeufQicumPGfOvBub5Hxzy/xXl9rzXj3P8ZuH2vIcVyO1fXVuKL6z26RIYEMjoSrKQSMcN9sfuJyew8N/wByPB8Ztdrv/Hr7xRsPP6dkNul/kviGtv1bGZRZutgGF9DsShNUYr3KDUNzQGFgGtgZKPWrZQA4l1/kbr1GEZ0ZxWVtrOsqVdehAgRBGNTO41abC8h31kZ5SBpEYUtYbtMlEdVDAnqywucj54VnsUZP+nYQsiRGrqQB6Rjf73ltzTt9hxew33Jbq2zcDb1j9rS123rNthIz3a16lAkrMfDA4Dabj2vt54e25Xx+iu25v9W396Ku853dAlFDuumqgBSFpn44tBEbxV/TscE6iD+nqUqclg/xxdTuKNFigs2qkqDAKz/+Z9Pnj3CDWFbMFQoOU/iTnh06a9JEhTJIylTBnCMQWKGSygAGVERkQCD8sbHlfDN/ueZ8F5DeVJ5j9u97uL24Lm9u2kX37WpjYnHcutKE13KFUsIeVyxteQ+23kqbbynZ7WlvIPBeavq2vk/Cbhv+7XZsrHLb7ZEQybmmaysdAcU2VugUpBsJgBgNUFGicj16E4Khyz2LrIaIIMqwBB+pQZxvPHfJtui66a91xnKruX211d1DFf26WEihg6MGAfuJED0xutmSjLt77KRYhVqtDGxarF0kkV3IxKqJCj1w2pwsCsNBOrSylW0xEEJ6+hOOc8o8i5TacVw/BcXuuX5Xld7aKtpseP2SG/c37i2wMqVVUKWZpGoj4kTuv9A3N+1+zX293W84r7f8SWK1cnar2Ub/AMt3SJpR9xyJq00kglaIGU4AMyI/w/toUwTln8yPxwHhS7KxY5FiACQRlIzwNP1dsADUZAzHSQM88IWVYtYKC0EK0gMQ+liRq6dQcU7kbV+O4c2V/wDzLU0GxWYg+2Il9UZR/wA8FjxzcxvRKXWWIlgNyMFsbIEAD1HQYG2HiPF1AnQXO2oLsUJUMxKwBAB+XXHFfb/zHjuQ+43264pK9vxm13O7ZfKvH9rlFPGctcXG94+kT7dFxZVACoVGNlS/mvMeH8hcEji/LuD3fHudw9elq23u2XebOykuTEWzGcDCHxb7xeDDlGoZhR/9i4zabj2LVC2qK+RspHc2cH0GC3mH3a+13i+x26nd2B/IuB2qsI1bnc27ejfX7/f7u1T9bmxs+z4HecR9puB5770ctt/c0cqL18R8UruHuiqvb7/kqb+R5Gqmwd5q2tIeQVeMscp4/wCSeX2eDfbfki9TfbzwQ3cLxe82ZvNlW18g5A3Wcz5CE0js3FwpylaVBzXcqLgbLc0XuIBKlgYBY6goH5Yu8mb2tzWNs9ZqJTUx9sgsFCMXZXT8sbi0cfdZwj7iwU7zQ2lNLA6X1RpOkhRJzOEsZHLxkDX3Kw6jKRl64K6MtJEuF0/EZqIDfI4C5MoAkhIJEdYC5CfnhhIYiPpJzyn+U5kDA6+sxM5f3jHG+ReK8tyXB+QcLvKOQ4rmOI3d+x5Tjd9trBbt93st1trK7qdxU6ypUj4euOB+0f8AvkXebinZjb8dwn3u4jYNuty9aD2NXn/GbcpZYaKqq9W/2tb2WgE2VAjUeJ8x+2XnvjHlfivKiqzac7wHLbfluONVmtv1n2tj+wykqprfRYgPcAZxdUt+1vSomtbqLVet4P6bJ3sSHRgRmQR0JwFtyY6SNXuDtACgr0BBcQYyByxyPK8vyOy4nidhtrd1yHKcluatlx+y29JJus3G63MVVqEUxmO4R1ywn28+1e33Z8Dfl6X8h8wcNVd5TXRZejbbiahpto4IbjQfcYqbNMkFCDjbbmhGHG77ZrbVaQ6iGyZESAobUoAHp6ZYRQLCbFOlSpaVYdyuSR7YjOfl8sXWOqDcsHSmxU0kuDmti5dI/DFi28e7Vk+4tuk2oyMMgSOysLH8euCz7ZUZYh2AmxBlDSIBxXRVtoYpOhNTagIJcEQcv4YF214y4oim0zWyuyEKrRqzYQemOH8z8A5XyfxTyvhr0v43m+D3F+z3lTqwsIZ0IR6Xz11srIVkFW6Y2S/7p/t4/mHGbGimtvOPCNquz8hJpQltxznA2Muy3VpQF2ep6GsaO0TnXZwX3p4TguQa5KW4Xzmt/EOYo3G4Optu9fJvXRetZhddTuoORONryPHeeeH37bdWVLs91t/JuItq3FzHUlFLV7sp3q0jSNRGWNvyW88t8eo/c1tfuK7uU2Wyq2JDsiUe9uN37e49wQxCHShaOuWNzu/NfurwHLc1Wlo2viXh19XkvkW7tCmKa9rx9j7an3HGkNa6JW2RJ645H7X+Bcduvtl9k95dp5Ph6t1r8l8tSvcBKE8i31AKUcYYDjaV6gG+stli73F9mxWem2g6lKOApMqyofQGMgD6YJJBMfH+GQwMicxgjpBP9nEEtqOQHpHWZP8AhhdwwgT2yYkT19cNCBkIUlwWLyDPa2WQ6RGEisz/ACwskr/MXMgqoAHxwvMctsXs8X4u2q68Ohrr3LpqYhDp16NEdJk4a7TTx3GbDaRVVQrVLC1e2gChAzuZkZ5HG+qW+6jZ3XMtFTISHVSFJLESpYnP44pqvqq9tbshBV7EQLqkGCuoDInqcVW8XXdtN4jKLdVuvUVglsmOlQenTrijnuQ4KjnNttgqVV7hUYqTrAgsrywYETHQY3fL38PXxlLOBXRQqIUUKAHrFKVQZPrOPdZFvpYoNJ+qrSWgBDrBGkD09MWPUv7bcD9T3EUpIOZBrJgkvn1AxtLDU262Dsp1irU+snumC2WWNxs66VrcAspep0I1DsUMyqNQOWU4Hi6cluqeOpvQfttYCOLmKEoGMWAlpOWWLq+fu2nK7HmdvuL9NdRTdbW1k7SpUDoQpHTHNcDbsnG2W3cUUWbqgPq20o1dlDXTpuUiPcHdpyGWGb2yrO8KIUK09MtP8x6YOoZAkAhu/Vl9RjNc+mD+kzCxjlLywRe0alIgKwnL1wrlToJGoF2LGfiBpn54UmlEVNLM0lWz6sJkmD6euNQ1woCZ9zZkS9akAFtQkTI+WF5n7Jfc7zH7f8j71b7qrx3lrqOO5B1DvWOT4azXxu/AVtOmyspHpirivKn+1XmVvEIu03D8t4Zs693bYlaFl3O/4HktnWbDr9whB2s8Dphm8e+2/wBqKzSl7Nds+H53lL9vt6Ns+63G4G03HOgimnbVuzEq6IVk4r5j72/c3lOR+3XB7z91T4F45Svjvg67pAvs3XcPxqrVyG426MALdy99itJUrMY2lVO2KJUi1jUZCglhKggn+b+GON+4O2rqd+BNZtFNys3s2WVgCzSRqDR0jtxRtQX1lTW/bHdpVCOp+lmJxpuUvW0ModzMMBkBpME4u2n7et63R0yU6lAiRJgkgnrGLW9m69mBIr9zSi5jsJXMkz8sJbtuOrpIEGwL7jErlomzUczllHXFaHbLpsB7BLqNQE9ST3EYps3G0qtrgGytl0yzEHVJkDSDjdcRtKjbs92NFlJKqjKUIOn9OwD6v7sOz7QE2taSCyKQXZnlita6is/LFPsbvc1V09yhN1aAIk6YLnSykSrDNcV7Xk97yl9R29Wpdxvb7SKiFsFqF7WAhwDjccjwlFVfP7Sq6xL6YF15WsmLJdJYN1zOeOR4zkNqat3t917L1lnR69MhmZgYaXAwWt9xrCHaxrCST2xmTMszZz8MR8gf44kYJPrjVlAMHMT/AAJBP9jAxXSFOknVYwg6UX6if44VUCwuhQQhBZI7iNTHq2G0qvaerJLKD8f49MbavaUP/o6XJ+7vAiU11lkGRBUfAYo47itlpvSitdxcqFGJ0SQTlqJME5R+GNvuOF2FjbPaPZ++VnXTYtYRZ0xkVJGZxbyFW/uW6tmsv21qVqVYMIRAkSJ9BlgpvUem6gLtmL1EBkXW4t1hoGkkZ/EYRK7QKbLFW5mIdXpQAtoJYgO2NnxVdtV253ZrVayFkMx1LBDSrDUYiIJxzHK8J47ym4fgdm/Jcrv9vW5or49WUtuCGbup2tNhstInSoJIAE4Pu7cpJKdzqUY/UPZKqwsSB2v1b8sIq7Y1LeAmu5VUIsgh5cLk0fDHH7Tb2M2929ZbcMrhqw7IZgITEt0wVekWJUispsrJgIsltcZEDFfKVhFsrsPahfVUf5mVBA7QI/PD8Z5erU8hoKbXcXOBWQamCqquxFZrC5x1GOT2fge12NfN+N17jcbR6dBO/oWp7GqtYGWWwICD1VgcbrhuVoba8lxe4u2e5oYHVXutqURyw/lYMDpgnLPrgwC2fopiWk+sdYwAwVaq4MiuGEyNMxENinbbHa3bvcWQiV01mxjYpEqAgcgmY6YTe8qj+Mcc2h0/cbZffY6S0qjEKDGUx0wj+VDeeQ21VqbG3TGQzMx0KirQoUiCABkMXrs/FkrS4lFsRnSytQGAYD3J1FWj8MbjlPtzuWv22b3cTfWpfSqsx02KslmOROZxXxtPj3LbHc3Gygbqr3KAq2KabaWsUy9Vi5EEQwMHFO25Cgpye7dbdxYiNW369mspOmYQLpjpAxt9pSo1vaKwG0hVLkKJLghRJ69MeceDXqb94PHbuU21+0sG7qsitn0Fayyh9VXQZ54uTkVan9tvn2zo4KlLaSQ/ug9M0k4parqa002L25gDMNAME9I9cPZpdHAYn3JPuapmMidLHB9xKwztqqYs+o9QdRyJMHCMUHUMQhgEgzI1GdWXU+uFPt1sPRhWTB1D1BADCOuK7lpHt9oYANLBV+pZBAJb54LEiv29PthaVcvGbB3DKUZQZy+rocILWequ5xFiiDWehy6wQ2eLeR4+jcbriaBtk3fIe042O3v3DCrbUW7kVmhb9w0+2haWgxkpiuxpBdjQz2WKVes6QFB0khe2PwON3e/J7avkAGsp263VnXqrlqgn82o5HKMbryvgK669/UyV7waxSt4iAXyAAV4LNkQB1xuNtfpF9F9tNxS02K7UsaWAaSYDCc8fl/aT/D8fnj9xaP1b2Q9qywrMQAfRSQZwEsTRYqkj1EzkS2lVKjqfljj/AB7h9lbdQ9ivvt7XRYduK3KKSlwUobVXPTMgZnHH7Ojjqw6U1G2xUOuywVoIL5j65J+ZxVs3oL1vCKoBUgEAgMehKDL8sbzZcjx9V+33VDU2K6VlTVpNcklT+pI1Ez1xvLEFm74Hfl99xnt0MzmbHdtufZBBalHE5xpHxx+/2VBNDDSyojVvW4Gk9rrIBYT3ehxTWUapls9yBpYDp3NIM5H1xtXFlabisiz3RoXVYBLHSAAueeURjkdqlr73acjxzUc1xv7lKhv9iStN6yFLiv2GatyrKWWyGkZY3tfG7tr+Mp3DXcbt9zYXu2SNabP2Vkw7ewpKqTkR0xsOF4+3YrvL6l221SWqrQw7G7eXViyzb0UhId27VUg9Bjd7PkCBbQyGxKr13FekzFguQkNW5U6QYJGcZ4sWsJrdGJeSS0iCuZiczli2q0wttlhAk5MBkAIIgxjb7zjd1elotCJUjNrXOJAA1SwbFHlG73W4uTd120bwXV2F663UprJcFyoW09fUCMeW7m/abgcby/J37/Z740WV7ewbh9T+y+lA7A5EZxhKaNrddc+mK6UstdoAIIrRSyrpYaiTC+uNte+wbheJf2m3G43XuJY+3fW7GtG9tNa6Mpb1xVurOOr5bk6lHubzeoLAL2csxQOzqNH4EYoo2lFdZQ9yrWiVB0BAQEFFGUSIwRfuNuthUgIjqbDaDCppHqB1wpO6se0dzVV1sCYyKy3Qk5YRAlhaGJW2sO3f1BPdAzwN3+zpN1el2JFYsrYNKtpOqJ+YwlNYYViWhoklyIMqF7VnIYqKFjKor6TpTWrgAyrlvTG72O6sr3e35DanabkbnRaWFtZrKBrnJVmVoHwxu/NvHuJsbxLyK99xa+3UtttjuLQ/urdo7V/VGEovC2odK1lkcLWzMIObBZ/ERi7cbneL7rQFrdiK2OljpHcrahpwjVVFlrIC9zHWD1cAnsA6Qc88I9lWnWVVch3dvQEsM5MYco2pUP0kgFdLKGnSx9G/KMfsbnRKVIQFiSozg6SXJJMRmDhhA9lyGr0wRJAJUZHKMa7HZELyVYycyDpC5yC0R6g5jpjh/srwHHcVwXg2w58eU726mkXeQc55BZQ2z/cclytor3Nm1VLCFpnQsAxPWmtrS61HMFs2JI1HtjMGMDe08sNluHrWxNvdcVLOSQsMWbQMgchn0xvuO5Pj05GhqrV3NzvkTPfZqZCCA/8AliemLbtnQ9PGcuv7zaqE0V+6xPv5ZkWE5n0xl8Ac/mP7SihRlrUuSsjSMzl84wiKIVRpGj/pE5gEwccf4/wuxt3m/wCTvq221qprcMXZhS12Sn9GovLfEA+uOLs5HbJdzW+prv3TuEVktvRLHKKZdJmDnMZYUJUFULmqrkJKgemCCncbGMdVIBlSswPTAZFkwS6BAU1KBOeecRg7LyXgtru1ZWNNldC1W0Mx0u9bLmhcKCf4Y3bcbyvLcZ+6sbcE7RNrdVWCohDt7yusgeoIxfuOA+4b2JYunb/6rxEEMO4Lb+23LLZ3ZFoGXph+UO04fynYUarLF4PkbKNxdpDOgTaWVLpYgBdGrKeuLbuR8T5Tx7YU1Ptnpr1NuK11oAtyldYLspzEgx1wlPIcyOLNlk7j3qbGsqlG0H21ZLSQ5EkT+eK+Q8O+5vD+Q2b3xvlt3ye3FG94C/j9qtQst2AvvJG/t5HZFWrFfc8EKDDRtdqy8ftk02FrabSbd6mtKq23wS5BTTtfbC1AAjSTImZHu3VNY1i1aUnQrWZDRAjRHqTj3arR32NrrYgEAE5mJIJ9MH91RbumSbERwHREl2OpWEHtHT8MXfttoKxasWZKCSBACVZD25HTH+keQcQt9e13Xube2qtU3cVoDpLoilyYIEfIYpv2vi62bisIv7vkVWxyh1EhVdXcKQVPRfwywmx2FVKLUkAhFLwV1Mh0ogCyIGAqNr3BBJCsAkjohVFZpPx+OGp2qbj29WpVCWGwwZCKF65+vwxTuaeNu97UtqC2R+q/e1hJU5oc4wbnoqSxyxss1kGTJYs8qEdmOWWHaosxMPXqvOk6mgow0sxAmZyxYDdTZUCtgtBZbXAM6dIUZD8c8JVv6LokQa1YoobNXYmSBlhdVsMGVkVlZQ2oiOijODj3wKvbDAra0nuGZZk9vNV/9XTHJeOc/wAdRu9vvNtdXt33NC2UVOa2WuwoSxFgY9Pzxbz3GbVue8Z3D2XtZxm1cf6fXqLMj1KWOhAQQfl6YauyxaxUGLgq6A1L22T00lAB85OGWokmsSQFWTHr9JJXFaMJJUMghQ2o6lCmNOlvbXH3D835HkLfH/D/AATx7c7/AJLl7aCKtxylw9vieD2jONF3Ib+6Mlkhc/XDXI/t2a4KRoKgiV016Vkfh0w9d7giswCZBC/KQMvwwF7tIUHSLNXvH0MgEAiDkMVVq0McijfXHSCBLZL8R0xRt/Dftz5Rzu2Ntere7fit3Vsqww1Bm3t1KbYpBk93QY2m/wDO7hw23WlXo4vi7Dc23bt1LeXZa2JmTpMSMsb/AGu3vqSvZ1xUgrGrcOjlFNvUM1oGX+VvjjxTlN1tF2/P/wCpDZOUCIWTQy2WOgAILqhH4jBXMxIn+4f3f1jX7BO5NysNx7hVVoCFTV7AWNZeDq1fKPXAgZj8xP5nH/56/wD8v6lm7tlWiaQJBaBAH4E5YorSthba2hVVWc62OmAACSSTA+eON+6nmWxnl+Qp21nHbHdUH/4VdlgapqjY2kPpIctHVvlikU7YwABp0ViNOYXUPoluvqcVH2nK9qnJWClhB1D1AjLCkLqIdl9CQv0ggnt7v+OEZFKqQVYkAJn1JKwQYPX5YUqpUVodZECT1WCpmJxTrXMgFZQgaGWA2omAUfG3T25RdIUmsN2PqIDo0Syg/V1OLuf5F324d22+2bbJ7bVvaLP1NzVYgqsRwJ+qYmMX7DyDi+M8k2u6ipU3ezruFqMPbEqYIetDAESpxbdwXHP4lz22se/acnQ2tUfWpSi5SH92k6dOhlgCQM8bjiOY4zc89s+Povt8e5ziNjZuqm2nuoLOI5IWRutu1bWmzbiwlUUMMPwPN7XdV2Ub17n3O9o12U0aK1TaVua0epVvUsUFjoF9BnhNot4XdIaywQlvcts7lZq5PqJ64S/cMa1tKpSHRiF1NpVmkwwIMfPG78h3G3Syncs37Uvt2qvIAZWddWXsNWe0dT1wWUW6wQdJXSdVg1QOhbSTP4YvT9hXc99dddltlC2W7Upu9tuS9ABB91k27APmRqj1xYKVHaFXQwCspAhngdwWR6Th66yLb4ljWf537VAOeanAF+19o3jQ9tqEtqZv/ZAJUhVEyMVsdkHcFWF1iw7EKQTmemrCfoVN7aS2hURlIEAZqenr8cIadvT7RJaxXKSzOB7ZrKwZRsz6fDDAmtzphNYOoLpYaYMhoExhxVTVYtRZXLKrloHaoLQcz+eeLEsqNVyg1mj2wASM2mR/kWAcWXVyHVkFlLsCQJAX2uh0uM8sgcVbe1bvZsdpHuTXomCpM5jFYrXUhAYFQpD6iwgoTHYqgfniza8nx9G921ytXZt9zWj1OjL7baq3BQjSc/jh/KftBdxnh3NBb23nEXVunF726VdXHtFhVY5r7dICz1xWfOfMPHfHdnM2DYNZyO+9r3YDR+kq6gAVk9Oozxtdxzm23XnXIVWV23bzyLcaNgWizWu343a6qxAzUsTn1+GOO+1p+3Pj9Xjib67mOW45djR+35LeRWm0uvRUVbDtqUATUTBz64L2fbTidkRYXc7H9zsrSTLFFG03FaJAmJ9MW7qjZeQ8PVWQ1tPH+W31axJLhKd7YHcGf5SygevXCbneeK8lzxLldPKeVcju1BriGaim36SR69pwicD9l/tztrq60vN254Tacjc4JH6rXb2jcqGzgjKDmYOF2nC8bx3F7WgBKNtxey2m029Sl1hRRRXVUsKYBAkgYtBpSyIZnsrSD2ke3plZE/A9cbyxaqa0FbM9FaLXAgDIhmUkdQSZBx49tddgD8raK6mbUStNdxJIIkMGIn44/IfD1E+n4/1cgf6yg9CwB/Mxiqpi1KipG1K5SwwQw0iMwYj8DjYbve7bcW+LeN7urdb26xQ1e4vr3VbrULLQAwUNmMcXxO0oFOz2NNW1oRFgLVUERQVkqI09cKPbVSsBRAEzJlwIkwcKDSCI+oCBqAgZH44QqqrqZZTVBDAgwZykRgKO4hmVgO5SoDPp/HtI/PALVMF0ozhhmqqIIcfyuSemDZKnsKhSR/2yPVT/ADQcoxWttAV1YMzK0EqDKDV3T8xjb8JTtwm0pr1W11garfbeQ5ZytbWlSVH44d3a5Va1bUlZelWIL16gvbaygERIOmMJXzm32um232WuVVquKEs+qK8pBIk4/wBIq2dNm2apPdquWjc13GXYXWbfco4YWUsqkEEECcXv5L9tuB225ZpO/wCL26bHdM3pZFAWqLVJBGgZ4blvt15NvvGeUq76tvyFI3WzsJPuCh7KCphnAhnEgZYO6+5G64nm9hsPabY7TapZDWizWWtrsrIfOMpiBinjOP21W12dSJ7NVSgIfbXRkAYUhTHyxSl6fp2A0DtDKzMNaup/lcj19MOtCtWodNILJ3LPQMV1RhVXa0parPodILD3D+osnKLIznp6Y1WbVdasHL2BCAAZb00mThCdmjeyZVVCVgr07TpzJUyPwwoRFAWBAKsBlIMsJy+HywQUVVKwxKAsS2Qb8MbrTxXG762/ZXbVDyW3G7r29d9eg7nb0Fq6qt7V1rc69JgxhdzXs7RtWtWsbizbxXbYwVbEE0qljQnc3UyemKdkninC8Xy1G795ud4n97s3t242w23+m38Z71nHEF0FrWqiWM8kk4dv26h+5jYFUuxfIDURIEjFAZZdbW16UVsgZVSQOgGKrY9sAllVSFBbVIUiJEnG3ZrLLbNOZsVdarEQRGnSAMssJ2qSE7u2CQSGmZiTOeP01IKIWCso0MQJKtMk5RhHtrr9x9XuhGZ1ZFI0GCoAODbo0JSNEaRpkiVAnOD6nFlpAmyRpkEKBER0GcYe25ht1km61K0Yqlawp0sE1OQSp7s8J7u3KK4FlNtiaXapo0NCnuRuuXrgoyhQ5HeCMgc8jP1Ytut21G5ApsrVd0LNai4BV3NTVMgaykjsViy9xJHTDBnZACDZlqRHHqSMtK1mfywCj7exy7mxpfUVBmUBEDVHxxvtrUwqNy26rV+qlQFBBP0nNpxw/E0E/suOp3Lg9v6t5IVru0mA/oMAfgMDOZ/qRE5/H+snyZSfwBBP92OG4Xjvev3vJbnbbWlK6wzC2x1CopMZhDMT0x47RbsPa5nltrt+Q5K21QLfe3SG8jWuZLM3xyIwa1rZsgJZe2SswSB8cKfbJIVTmApBHrJktnhdatpUdFWRqAzmBlBOB2Eqc4LLrNnUHMAga+uEJQqwdj+kxCrIKSw0/qDv6fLElNVnVozWYIBM9TJGEZGrDA6bK2VSzZQYBznV/fgwrIBOnSumS2jIyPlihrKlt2ocG2ti2qNfeVIghmHr6YY+P8Pwabva8au6rqsroutW5K/euptuZfesG6TUuue1mwtvGe9s7zNVm0tUf/HtRjqOsKNdZ0nSeuWNxut3tN1bTVpSrenbtbT7ZBCMtgD9giIMRE4ew0J7jMVNoQyVXPUhGREn4HEDXuALfdWtyR3jNYYjsQnpOJeoF7NTaNKlaiRLAH1gDHt7fSo06EUrmNQgt0kCM8X3a72ZULV1vpKUZQVrBkhZH9+AjEWENBcg5R+I9MEOi98MzemnLOAsgH5Yq9xKayRmKlhsmIEkidUfPFTCtQu2cPUA8A2ma9D9R7IBkfA44/nvKNyNptuStYbTi9g+13PK21lCDfYhtNdFYuX+dpg5KMatuLBUDFS26Cy1fyhivbq6Y090lliMxJOQyj19JnGyG9Frb3feROdnUK2Va/2xm/3HusAUvU40FZBOWGVUEK3WdKv6dBIGlfywWKMDrJc63Mr/AC6dIKxOLn9krZ3MTIBMjP0xXa1cqloGkQWzIgsSMzPTBsYKk9ixkPbQEAEAH44QQDGfoSJXrHXMYHuIJGSggj6shEATOeHQglK4Qan1EwRB6HIAf34WpQO4AmPnnpPSdU/34DIurSq5IMwvTVAjIEYZiZKq+tQpBdQxKLM9SWj8DjMmCoCgLrFWQ7rPRVWYz+GKW8p5bb8b47siu85CzdOKHvrrft2u3srD2E2gCQBms4FPhVaU8DRttttqjUrpVvN/VoN9ta3abRXoYoQQA+nVhkXSUJYQMx3DSydehnDrVpWRYjlukjLp8MvyxydhCnVtbHYuAgBdDAXPMMF/uxydVLEV8ellOiICsbmDgZ5w6nE/+JxmSf6rrv8AcWbWn2biltW3/dP7y1uaaxUbaFC2WQCxYaRnB6YbT9M5fh/UnHH8pu9o9vB+HXbffXWMuqk71vZ0kqyGpvbq9DnnjY7TbVVJVTt60VQCoUKoiOnQHLBMIilgUC1sGAUH6y7MJPwwGU5MgyLBRqzygDIGMBFV4sUtrAOmRBbMZZZRidGqxm7u6NWg6svgQRisKKwDI7pJGZORU9BP44CqAIIYjp0MwCR1OCfaAhiSWHzJyMT/AH4dW/TjNSlVjlnz0JC5TYYUSR3EY9/cIm12NDkJbuAqNrQK9jpUzk2IslW9VbLPrh+A4Z39nj9w3/zdso2x00qUsWsLBbVYTOokfLF1nGcJynJl1Fr3bLau4ysDliyZB1B6D6hkcX8P5Pwtux5HfbxpHL7SxdudppItU7M6dXbOnTK55xje2cE+3vptssuO82FFlHHE3N7vs7Xb3ktTXTq0x0LThqb6vqIPuoFWSMtDx3EzhyF0MgJykyOqzOfac8V1K/v3wwe4hFUycjCOQAoOeWNzArF6IlbsI6x9S/ET1wEGlyXZLEbUALA4GtTkYdThWC1KQ4A7XJAy7QZzBE4WsMjZgsTKhVIkmcs5w/L87wB5vxzxvZX8rzG2Xdbfbm2n2bUoCLfan7pltIJQESOmN9vuL46viOI3Ft1nH8ere6m3oV/bSoWNqLXWaSx6Z5RlhYEy4Uj1IymOmeGCJZUFlWMZ6pjtBy1/A9RjhfGbrwu04F1OyPs11O5qVVU2lQfcK1ggk/HBbUrSAuSMDBaYn4Fs5xclRqYKH9wamLizRrAzAgN/dhSAQCqoQWYgywk59DGNC1SIE5SSQ7AEnV6RhF9vSuZJEz1H5ZDH/bgTEmVY9O4H4ZeuAGCtodWWCDECQDPU/HFeUXMpdAR1+LfMgYJeDqYKgkj6sgWboonP4Y4vyLkdg+14vmpr2Dm6trbZDW1GyrXqpFtYJGr0GGYMuogrpkhmA+ldETIj8cWNbSlljVu3cxX2/WVzBk/OfwwrF3DuCdC6yqj0VwgJyjI4UWKJIsIapnyChVDMrjUrsWj8OmLGGgIQhSDJIgOSwOQ7hGWLXJlnV9IRpIawwSVmQRq6Y3y7ncrp2+yvOuAQgFdigs2R0rP8ceacizq6Jytu1rYLGv2C3uOubAoXsPr6YPxGf/j8v6oGWZAzMDPLM+gwyMVLK2k6XDg/MFciD/TW7oVS0E1MQQLFBKlkJABAYQfn/QtNSs9trpVWiKWZ3d1RVVQCSzMQAPXHG+T8tslo8h8rSvl95ZdVFwFqrfVSC2YVRbByjLCVINJCqNQX5yQPhnhHcLKsAoIkNJOZjoYxoWcisQpCyczHwAJwFgmbI1ZgKAM1J9A0dfTElTWjElSCZ/VJTPTnkWwpCyCzKAZB7Tp1S2kgQB8sINYsKjV1cQGILh1IgQ0ROIVGfTL/AKYU6VAVZKqcpZvzw1fFUvZuqyXUEpWDZWVsrUFyATqzGDuNxvNe8a+vc8invO1tddwes1hwxBCgr9Oc4uet/ZJKlqszq7QCoY/U7ESfXG7pte9NqygVU11sdo1wWbFYhtKWoB6r0nPHH7Tb7SvceP8AINTZvLfYD2ruabSRXXbct1ak1Z6Sg1es4S3g95vLLdzRWeR2+72O02lW0sKqbdptjWlaWD3EHeFHXFlrlxVtwxYadWZBLuNKnWdXSMOul3DkMSG0tH1oIIkz6/DDOGsp9oaDHpq7jqJkAZfhixF/VRmyQES2U6jHQQMsKWr09qgkHU4ZQZJ9cz64ZnDVkRmVnWyEaIGf1A4FliQAoDyYVl+kj4Dt6YGx2LPVtRWV3FVbuw3K2MTFofIhT8TGK9Qsv0sj6mAQtYqkAnSYAjLCTpUf92IOT/CZ+GNCdFYOQoBbUIyjpPrnhnStrW1LCPpXSCQHJIkINPxxYVZFldKlSraUJkxH8wOWJ1Bu7NhkSukAA9CTnjb0jNWskRMmGBIg54NUqpBId5yIJgQfT/nirMiSbAQzrPSAYmc8IWB1EKxMls3lAAesaQZwAoLFmNdkD6ApjUx9J9PjimoIaVqr9pmDaZkuGbWAYyfp/wAscBw3KOtHGXbhLdxfcSFto26vY1DXNCobvZ0gmInG08c4tweH8ZUUoaCrUbjeNWEuFUSvt00AUjMwZOBddWSzIbBq0lqz/OYLDU4B6dcXUmh6k2tr1LbY9R96sopFgRWlV1MRDAHLBCuVdpUEdzAr1bSJyz/DBDNnlqGkDWTkJMysdY9MO61BoaAdUqojSZB/DF1jNWtVVbuzmArMEaQWPTrP5Y5w271Kr97TbtdmikMxttWK3C6W1Z+nSDOOR5O2z3bN/uLt2zxA13PrI/Eg4Y+mk/1up/pAZmIWdILEhZ+AJMYH44+3/j19Yt2bc3td9vUZdSGjZ312wyz3AsBljx7i9lXXVXs+N2u30ogGltIER8lXG4N+2NAp3dtFL+/U/vbVEqavdwo7desnT19MaCJgoVzgx6mOpGeIVwTCkCM9Xwn0zwytkjCWb/KSco/GMBhmpBrH5GdWWY6ZYWT/ADZZnoAOkmcVg2Fra5kuNAvmxikkdP04/hjfDfgrv921G1qSsJ7S7cnXbaWI1C06NI+f44bcUchRedxWllVljJU5tuYAlNTqewZR6Y3Ow5He10pdRa7qLKha1dFbvpVoaCzFczjVSFZJlFChW0xIJb+Z+7MxjbkbncWvySpyFtVq11Cp7Y/7a194U/8AUZONlx59w2O9m6EupV3zqXUGkh/QGMWKAvcWsjTHUkaC3xBB/LFptJqZydMScjOYWSIg4tKwxNhOodTlGWZMYaQosetcxW8OWQyHH8xn+GHtZCrqfZ0AMNS/5gDmpk9fXDWsoEGBJlmPwXqJHzwzCtk1GGBE6nymT6DABz1CNA7SASe4j+b8MNoXVJ0dAg0jp69xY+vphe3UoZdTFf8AtZHL/qk+uICqwmSSNWn0/hngGkk6tUhatKiOmpoPacCqxAvuVWMWrAt1aQBLlY0dx6Hrj266xpYMFcBdCqFJDMMmkx/HDhQIDIFj1EQSRGR1LibZpVfcsqs+oglSNHSO6Y+WKUsCCt2HuFrIAVAGLMegUQZOK7awrhtLroK2IEs+mDAAB0H8cDSpBAgDSoggEL06fVglQrX3e2l8KP00ACiGAgyBM/E4skZxlqHUBhIz+HXFm5toFtt+39rbrazBa9BINqkHMEZRhrrbPcdGMjMqXBLNOUEyZJHUnCn3CiHWTWYhtVgkZLILevqRi/6UNtjO3aGzaCTJljn8ScsWKtjKLU9s3iQyKVZW0xEEhuuCKySASSZYy6rpLw2eZExPXDogLrpsOsyYMAhnAiRjk+W3+8/b0bWi28UN2JbpWxSrA5jUy/wON7xOy3hu4jh91cAKnb2mv1wtYALL+kK4GDLaRnA6j5D8cH/0/EH0+XSf7Ifjjxz9ylLO1AXbteQFRjfWLCCfXRjjgPaJNFFg9omBoXLUT1zbCkLURbqWxhkV0n6hPUnV1wrBdREKWYQVSQZBOXUYLAMV7Tq1DV0EA5iZnBdSSq9hBykgrMg/CcACBDEmMl6SQR1P/PCMx6dykTqDT8ekZYDh65rrPdaSF7FadR6aTgEOp7VjSTByElYntB+WKlovtU1Vhga7mWHBnt7R1mfywKG3d11jNpFt7ksAxgIGYZr6Z4uTcbirbWbn9Wu1LBK6QHsCFdUGY1Z5gYTjed225uWhWq22526S+lK1RVcOwOicgfnje8yW9nb6a9vtKA8su3oGVjVBzpuJ9fhi5hqBJA0FtQKouTn5thASINYCyoYCRpIHr0OCAztL6liFERnkOueEXUS2k5liWAg/BR1wzBy5Ofd9S6c8vhkMsBCXcM4I1GQQASYkCD6YNdbFRWbCQAQYLdDlBM4rWVDIQ7dgLNo1aDrkEdxz+WKKzQtm4sYKldH0i1jo9pQQWVCMx6ycJyu72u22FNO1tvs2283ldW4FdaFwLNuAypY6/SC3U54NKI+kKxFrIgBZGIdPUhkMTjhdlyOz/f7e7kdul9LMF1bc6yz91bA17Z11QpUtMTjhreJ4bZbC2zcbwXW01aCUrFLKHgqLFLODJ9cWstlxNpqLS7EKKFKVpUpc1okMSYGZOLJRFIjRpEEkk/8AcPqMbr23LChIZCe3W2oBR0Ort/DADommuvSwhWT0DqUIIaRMiIOEcVj2VUqhVOkiAERQqhayMp+JjEFncKqyzAIX1DSVIX/LPrhwCXVWVoclgiAZD4mTOEGekjvbTqdVLDURA6mYxTQWTRVURSpDKw1BoZiozbQcvngBWVNPa3aCpyMNBUZ5Z4ZyVaNJkg6SdBEx+OGLxqIkkZKQc5GeQH/DG/5AE1bfZqXs924aTAJC1pkSW6YNg0iADk2RUHUCAD6j0+OL7bN0tbGtyRLVyIbtzHc2WQGOU4rjOUrfc3B6KK9vbqHuEGp/clv+oHpE43vIbqzXfvbnuex3Es72PY0SFyl8Rn+WJyjP+7+spZSNQkSrCQZggkAMDBzEjL+r4t5btb7Kf9O5Ta/uWQwTs7LUTcx3LLLXmPmMeP8AI1cou5G52O0L212sXTWkBgBK5MJxWASukVyUbsIfPSCfUevzwAXBDkKVk5iQfj8cK/uCAFGkAkqv8wmTmcKjBZYnUwWVPwEiII9cG4suk2BUEwYg+4YkHSZMYALKK84DKfc6+sEDpgZDNGkEEpnCkOCSNJUnCNDK4JhuiwVkDqQF1dPlgHuWGMFv5WHV2PopnLBsNzKwKgKrHSpVhmPiMCgH3F6qxOoo5mSSeinBUuGsZVcgAFZmWaTImRg3LuClxgpSqjSVzLZj1f0wxvUoTq0lWnVmQdeWRC4dkKvXUc9J1MrMDGoH0IxrDdJIPovyPoIxEzWoIIaJB+UehwCuWYWB1k5gCT1I6YTSGA1MZ06jChjCwZzY4DU+9TZaFYvpAaFYBlIKmDZJxpZ9bEdwCELUG6B2zllnPFvnHKNt7d3b7+32YvCijZU7ZobdanEJayEgN1Aw+047dbj/AEvaVXbamtLz+13DUm2b2TUBa7sgADAjpGHOrUzszAnoNRUEdPWMPueb29c27TTtt6EdxtNzS+uq1YBUa9ZU+meNptuJ337qnYce233FoLWbdrDa9hWpSApKrkxAzIHwwA2gIUGlgACvqAfgPhiywOmn0ciS0TIB6ZY3t5GkMxYamnXoJIHQdGM4stkvZZeSEk6TrbVq6zpzxWHCQNSkCZ7gCsZx249pQS6wzOUhCDBEGY1TjUHCAESCs9xjP8wMh8sEDJFbSurQG6E5Q0npgdYCMCGJBzJkSTlJP4YOlfb0HMGX1EjLOYWB1n4/LDZHVplp+iNMKQf8x/44sYOFWFBUgtrAgFRnlng1awqudPtoSiZSZMGDEeuLtw24ppRBYhcuBoNcl21FvgIxynH7Xka91uwHoAqv12M5rUqlKlz+odU5emN9ynL7q9i+4st2m21u23pB9ksVVyVEoP8A+sHGkkHS0qMsszn+YwCQeokwYgz69Bhl9IaB/wAvj/WrFtj2CpBVWGYkV1qSVRJ+lAWOQy/q6c4JB65ZZ9PnjbeB+W8p7XA331V8buNza/t1oW1WbR3dmCtq7lMRpJ6Rjb7zh93t+RpvFZNlFi3aSVZ11kCdJjqs4Qrao7ASSwIB+pgTE5AHB0uveoGomFYEZE+gEYStrNNhVSYOoTnrMkdSCMStqgwTXrAGsp2uwIJHcwwvuMA0ZwTAz6dM4xpNgKKwDAhu45/SxGYwdNhARoIMypJlR09QcOrWNoKMDpyMkjTGXpjQC41Ap+r9R0iQ055zhUZ5A7m+Nk+h/wAoEYL7ul7oQqtdNnt6mC9s5HSDnOHrqZ0UKdCu6MKxBhA+UlfwwQTaWd4YlQ6gNGkgDp/xxe5ZAXYrU3t6GClG9wsZgtqj8MWBng2NqhTJIYLmPhEYZyjBgATY7J7YAT3JnUZgdZ+GHuorvWhLtI3DoqLeUAZnoViHNWv+YjCupsipWEAKwc9ZYaV04DuNRgMsgKF6ZDOMV0F69lRcHS/dbgj2KqtWpmayY1wmU9Tg+A8RVsU2OwWnb7nktnZCbobYrIrp0foi1s3JJLN0wzFnY6i1fuMdWqZaW9f+WC5b3ArINKKC3d6wPhhraWFdrIA57ASK5ZASwAGgiR8DjWLQWEMG7WLKyKSWIybUWJxOsK2kMCSstGbaVgjpP4YJFrErlJAHUsTCgAeuPrM2u8a2glWkZCOmrCWGxiSD2rpKghR1JUsAcCBqJRmVYk6ggMj8IxrIbSzQ7OQrBiZC6fgQZGDq6FlMsQrDTOTAkGTOArEFfpUH+UdZB66pHXFm737BtptFcn3CSbiVKrWPSFjqfXFz0l66nuYJVlCrmJWPQ6evrh4YqmgfVlIEdMs/xwe7NySQWPxicx8sXW27gaERnLWME0NBDkyYC1x1xyPj3B8nXuN+9VlQ/bbhRbrAYKVVLBMlSDjd8vz29vvc3u1FT2O1VIZdIjUWViVgz8csNWxBr1QM41TWG1FoyMnpggRllkZHbK/xyxo1Np1TpntnPPT8cKevX/lif7AGvWBCgh9M6oMkBei/jn/QiyRqaMuuEFbCtkK2BkNi2a0J0OlgBCMOgA6TONhxu+5Hdc94tVbT+lffYL9nWAOxGZouAkiCDljYttOf2W05WxKxuNpbZXXatpRPdraq0o6k5gZHrii7b7ge3p01V12+9TZS4kEiDLqywBMQcX22WPSpJsRmsFhfb11DNatGqtmg5CScsIauq5KjlgGRjrLzHa2r064YsBLFiIsYwNRgd0RlhGz0qpJAaS0EAAT0OfX5YOku7MhYdxWQwJ7o6skwPXFAvtRtujL7oKsQAHQspgjMKvXAXZutW2VUK2e67INQ0hcg0FpwGUvfq0q6i4CsUyW1AMksxaBl6HHvV7e6O02pozOojS6FRq0xnlkQMOqgFmDHWrSrwDqZQMgJx3+hXqSfwjM4V2atFAFk5AangaSfnP8AHDGtwANRRk7lJiAjf9IIzjMYTZklaQ1T7p69I94+2A1C6slrPr8cKFPt1pWEqHSK1EaVj6oHWMfpE5sZbVCuAJA6iM/jgW27JnUWBSBaAulPogRpcMeuZxZtNto2WztesCkOxsewhjYCZ6MxyXoMfqsHuaRp1kAMsEuPSD8B654Gt2HX6SAFBiZnofzw7tqs0qw0LJLKolSIKy89B1wPegLYr+4oOegr2AgE6WIOY9MLQGQN7DMlcnVFQClhAghVA/M4YqFLgOquVITXpJgvBKqxyMYqV7FS1wpcVWBqtZA1ospmFYxONpshdWbSnutWWUsAuRyLCAMKaWoAUtW5LDMxGaTpAHx6RhENqEpkWEKAdMsCwJBUxkfWcWhWJYaQ4aVAzJLBmy1KykH4DBb3AYauVCozKD3d4gkSpHX0wueZUs/UQekD5YsrXcFFfN1BAnqAomC2o/3nBBZ2JJ71cOomSAQCYjP8MWAOjhdYJWzVEmFlVPx9PQYu3HK8ttdo1FVjuLLUq1NVnoIZwyN8flGOR8c8A3Q3m8va7bG7b3yqOzW1li6gqAGYZeo/DG45zyHf37zdWXs5W25vYrR2smtUIIkFgx+ONCq1kdxZGAUGSTk2RAB9MKlqAapkkMx7TpWGHZmvwyjB6DMwAMZicpg5/ngE/H/njoD+In+qenSBPxJgRiDkf6Dtq97suQRqdvuE3PH7gbjblNzQly1MwA0306tLr6MI/oTIHMdflhEVbC6uzWWCxdBV/wDtqFkntAM4RQpeTm8xoAGQM5euKOX8b5ne8LyG3ZLa79puXAaysjQLFUqGUtBMzMY4ziPuSr+RcZXoqff1R+7StIQ2NUysraQP5cz+ONmvH+R7LY8hcyrZtL7129ytA7bUsesmFbOB1xXudlyG33G3dlKXJuEsS4GGD9pMgZDKZOB7bK5fJAAGGoASZI+kjFeo5aY+otnIyI6euPbrOqxWUlBk2lo0lWnKG6/LDWUWvQ7sAwUsYJkGQWIzxdZfaXAHvFjP1AHv69VXLCWvdLLoYPEFg4kZf5IxbVZcBelEVyo1OIKqmqYIEmMPYkFZAENDVBh3KRn9RxDH9RIXRqRQ1jZg90jSq9RjgOD2pG85ryDk9pstpsK2FtthvIBetVZdQoB1sY7ZAxxu83VVde53O2puuQgrpe1QW1DOWMzOEUyFDKYAJDEepzB9euFrjTXUjmsSXWSfU/8AV64FIKiQHZFAlY9ZM5HAhwfSFs06OmenoDhimpFjSLGYWSDEzkIj8MsKmquyOjk5j1zjMZYtkqSq5Aayrd0ANAgx6YBdlBByDTIP+YQRni7abF6/drRrSGsRWZBmzEM3p6jG729l1Nlu3eyosrqCFMB0JRj8PlmMWqrEaCXZUgrmY7Q5gqR1zzxbv95pXb7RHtsd2CFUUAvksiAehx5J9vH5as8btaatvxthtApvL2aLwisoXUg9OuKNxtLQ1e4rQj2wuh/cqUrAUwAQevr1xWTdOhYRnRbRTZBX3HH80qxEfE4VqrJZQBp15kLq1HSxKg6WMjBdbNTW6S5ZgHKUqFJbTkwCwB0w6hjdYqwBqCqRIGUx+pn3D+XDulrFQulUWwQDrg5CQWB+fXG53fK8vRtaak95/d3VaMzQ5sUAv/LAn8cchx3i/IVchy6ruAqba0WsLSrGQVLE9RGR9cbpN/y+54zZ37q+z2aNzuK7txtH/TZLQsBlVVloEmeuGe57NasSj3SGl9TFzZmzH1BOGZrVdJ90szkhmZpVQIBGeR+OAUULKOHrcatDEOhXuJ6gzl64lmZgB2gsxAEmIEwPyxOc5/34DfFSI9Ov/nhvkAw/EtB/x/rK6hSVZWAYBlJUyNSnIiRh7CqKXYsVrUIgJMwqLkoHw/oyB6/0An4j/j/zwgBKw7FgonIrAJzETg61scx9QJAj4EdMLqUmQGr6aXnPOPQTn88AODIEHoJmdOcggRHwxTv+G5fd8Xvtu63pfs9zbUy2KZksjhykfOPkccfx/ke8/wDs3Bq1StfZaf8AUKKkIFYLMwqdIJ6AGD6447Zbvm9rx3MOlNe4p3N61kWaO9VFhUFeg/HFO52XJUbqq1AyGm9GEnNemmSVB9TipleO/UIOZOiQCfhixVcQ82EapYSBMaoGc4FbFtJUoe7Mh2B9JE4KMxYAAHQzGFVdIBMQSFGNPuMRoDkGtUqVTAhWJkn/ABwWICKYIcAah66iRlAGeOQ5nf7lattttvba1lxrrVVWt9Zdmb+VZmMcPsV3qbjxnw+y6nbxapqfdPuEqe6kFDrZEUAR642C1XNYF21CBdTBAK66tA7VHcyDP54ZFlU9sKtsEQSe6tpjribg7O8aQzQDGcwDEfwx+n7dj9KnUhGdSZKrHokxnGeBpV2gDo+Z+Oc4AhmzKagzFW1DNQY6g/lhuX52jepswtj7OlqJq3jrBUG0kgqp9PXDMlWz2u3Qn2qq6lV2VmlQXUA5Thj2iQM9UnI+kwIxvuV4yzj1sp21qH99vaNsYVJdwrEFi8QIzON7fZ7a23WWW2rWRCu5JdBIHajgwOsHAta0qg0i5WOnKwShEGMsc3cd7XVvN3sbqtuvuEs6WsUWvTqB1PZYB642H3H/AHe6G7r5v/U9zZRdaC1Fty2+yRkCAq5D5Z44Ba/Ido3K7TZUV793anbWe/XWkzR/7ZEMNMaRkBlniRyW3UTKmq+nOsqhQsFYZ5nDKm9d/dDWo7W1mlAkIKwwbIWzOeGduS2lTjMO+5qX26m+r25k5iD6DPF9nL+SbL3KA5YfvKjqKA+4pLHLQYk9Jxy6eM8nS/KUV7sVV17kG1n61tVqXSTrT/j0xu0fmr+O4uy19FVW4YW21B3mtmUzTqQjNZOLd3udxfurLC1tll1j3X2EA6Z1MRMNirkLqna2hWqQsHhEZ1sYFAQpDkCflhFYVbdK6xXCQVtcAlQwKiAegOLB2gFQWKgB9StkpHTtjGbM2lfWMpMmIJGeAw6aR+PTGfowb8un8cT+X+OIzmD/AH4y9MR/ZAF9CsMzGqYHQA4DajYIGWaEmOhUYBC9mbAN/wC3J7oOliDPpjWWJSZ1zmAvVQdIOqemU4G5S9HDXna+0GR3bIyzBtLBSPUfDHuKC/0kBgJbQIVisgZgfhONtuf9Q33HKLtZ3HHv7d6wpsXQK7ADpeMvlja1387uvIuE2zoK9vubrK9y9NdjBClncpZKSNQb+aROWNrsPMNzuOF3jKlVn76xqVZmAV29wkVEAHqDEdcU3cH5Tx1q2VI+kbzbMyo4UrJGo5k/3jCWbfe03go2lq7RZkMg0EFYK/HCH3mUFUT0yLMTqJX4g9TgH3kcdp7ngwMh/MARJ+eNzud3vE21W3qZrHe0qQQrEZHtKgD+AxyH2u+3vNa95YLtvye5225Oja1Ga7AdLFK3aWies48S8i3+7K18hvq9tyN9jNCvbaPbd3E6v1cyfi2OD5OjdI9W72m1atg5Yva9VcqROUx0+WCUaVFsN3g/qA6WGmT6/wAMV7am0XbitA+8AknbixqxSodQV1v3tpn6M8EC4QRJaGBUIOsLMSB8sJotYqQSiAMQVBgwcmIwKt2RVtC/6joqXPWsd5kES3rl0xtPHk5MbvhuNUjYKUFVhBUdtqaiWZSMmMgjIYAY6lEHTmZk5wRAkwMNNgbNsjUA8EyBp1yorGRnqcxgzuSodWDjJayFHaPrgAH+/BsNrgzrKsAQwGZcsMyCOs9cclzfJ72qipK2tDPaoFiVEhRWS4rUnSYyyxv+L2G/ufxfh9w9dRrsY137hCqz7akr7VWYcT9QkYAkggyIOc9fTr1wnIeKeQ7ziLYBZKrH9q3IKS9evTYYWIIzwCnk9m4Wmr3LEaUcUA6GOkOpLCxhHyJwab+UWwBfbrZrbl1OFP6rqsiUYkDqCM/nhqH5sbWp6CgNJtcooNSnNip+kH0xfZznPclvdVmpabt07JrcRpZA6qQ8+owd7uLLKrrGLV6ZZCpJ7e0nSyxLHrHXLDk2B9ShnIEDKRnP44VbDprGkW9yqyqPqCkgDVGQPScWWTYqvMgx7RSe3MdDpifn8sEK9bGxSxkN2gEECfRpGXQxgkwWc92mQIJnp6Z54vdUDCuvVYS4XSCdKnM+pyx8OmUg+nx9cRIgjP8AKYzxkZGrIn6ojLLLL8sWK1a2a0KrqMe2SR3rBEsI6GRjL+zX/pn1+OIdyBPXM+g9Jxc43O3p9jbtuFG4sas3sllVQoqAV9Vrm0QMhAJxLOqKtRsWuCGFjICqMB26gxzzwJLf9ssAD2iwmC8MpGYEf8cZTIyAiBI+YAyGIYlrpVJLqi6j/OJ6H5fLDWJSddzr7O5m5ErFDsbkWswrmz3AfSIwtxbtsaFfV3irVOkL1B1TmT0yxRd4z5jzPHe3pda03drUkV1qQprZyqqCBkIwux5reJ5DsqLq6mcW2C8kaGMrLIA1ZJOawcsbSny7bbri94F0tqVipL5FdYZpkDIxliy//VbntWl9Nai15Y06l09AWDER+GN1419vLt54/wAFvm/bbvlXYpuK9szmu47egFS7hHZlJI6dMDd+I+T8r5fseQ2O23PJ8pzVV1G6bl7gLN5XV7hFllFVzGDmD6YTd7e2yrcbZlupZXNIrupBcFTqLZuoI+eWOM+3X3X367N9qtW12PI32foXqpStC1jMqpdDz1yxsq/t/wCQbZG5OsNbzg0bmvYbWNO5u2oJauzk31EVK0hGEuCO00bVLr7BVWiPubmFl26dV0HcbqwAe5a8EtkIJyAEASLHZiHRVVWKBoymQfwwpssGlTWysStemwzqAzPacFBuAqoWZtDCWDAiMiJEeuGf3clJjXoWQBI6ANJ/HBIuAUZ5Ekycj0BEfniyNwSX1fVYyZesFQcwPjh7d1ye1orVXP624XVpgy2baoHxxu7t55HtDfUjAbcbyQzKVUDTr1NOvoBje+MeJ7y/jvHrTbtr9zW9lb3VS0ipQ5ipzZ9XX8MXW621tq1ZlgWbNjJiZPr64hnTtUatX+ZhMdizkPyxp1EEpEoCesmVLadMTgaiXMMFdVGoKYJ1k6gGyEfKce29kQ3cirIAkRHTSJAy9MQHI7LDkw+A6iMjiuxLHBsVJDOxGpDIMqAZyx7G8tsenQfaVXZ0qfMggErq1k5zhPcKkl2aCso6EAhTB+OHuvfI2LrqrEDS5khczAA/HLE12s1SljWhOphAkA5AFfTBbPMREk/n0H9DHoIIIyzESOoPrB/LAb8/4x8I/ojp/QPmAf4/1cx/SIA6+g/HI/A/L+mSpAIkGMomJn8cQCQPxOJUknpmT0/iPhhQ7HrnE5GcyxORzx2ZHTADPXPUTphsww/hjLSoNLQNTSD0zntLfPBCsmlnrOkMFMqO6c+0j54orVnyd1Q+4NCiwiV0u0S8Zn+OEdhYwzReqd4yURkIHx6RixQjB2QomlwhJJVFhwpgCROfTD2MfrZGOlsyIGqYicx+eKAwYqGJLFu9XkwVaeoWOuWFsQuHJZEJ7w7FVCyht+kK3Q/DDabTqMiTK6j07Vk6c8ZuJLSZP83qc/X4nC0V2qbNRDt9UgIhkEiAwPrgb/e2WLsdko3F/t2mq26yUtr2e2FYP6u99sqxP0KJGeE5DgPI32/E0GmnYeOMzHjuP2W3ivb7TaqSQCiVAu7S1zOWbunFVXM+P7PevXpBendaS0CGJV1LOzfLC6fD2UrmNG8qUaoiWlSJH8cV+342Qmos6/u1ZiaySGRu1AQCZEicJ/qvj/IGxlUEIK7V1kdS9doYAfDBZuF3ysDrbVU2jVOllM2GcsWf6Vw+6FntvpIrRUCgyshrB0Bw9XGbYbZGZiGbchWJ/lBFJEBgYg4ua7mr9hS9bkHbtYXAbVqRNWqAAZ6Ri3d8zzHI8nabJL7rdW2SQlZLIGLBTq+QwJbIAgjSdQk6mGoD1YZ/E4ZlsPuGBAUMkZ+hHWRhmcsHY5EKsGJyj4gfHGlW0K0EM0L6CBkRlgFjLS+pySVgoQpjKRq/hhiVRgyx2lpJ9DDQoAOcfDDmSjgamliy2TlpUAnQIGGItjSQuZYQpnITMZx0wwX6iVJLNqDKSFyMnM9MEaxKn1Y5R1jMYFaMsvaqfqMQks2jUX6IonrlAxZsV3+z5L2QhfdbFzZt9bqrWVB81Y1NKkiQYnGQH9EdPlH/AJYOZich6R6Zf0Zf1YGIP/j/ABwLBbWSbNHsyzWDtJ9w9gTQegg/l/Tubtns12G1t3FtlGzS9t0u1qbTooF7913tgfUes/0rq1RHZMxE/wAvyn+jMAD/AMfPHUR+H/nge3pLekwD841HC69uz5EZOiyS2TCXjJvyjCl0IMmAzVavTI6ZHTA1Av3LEaAJ1DTkxB6/PFR02FYMLNYy0n6iSVnT0n0xkVDEGR2FQsEDp1y/vwNaOWHqD2EfITAyxCIwb+VpUgZfAMGJnCiyvcinRWVcmr2w6hNAjWSda9cssCUctC561AJ/BQR1+eLTt6le/PQimtW6GQDZYFj4+uAd6BW3uLkShgykSVLekYdAAdod3Wfd/Thdwa7vYGnUGMV69OUYVdIMn6+0QM/5WbMD+OFDVzZLQytWCB6lFMnp+ODkRWHaSfaIZvWe4Q0YOlYqOiNLIIcETA7vqHz/ABxZpR2GiwqFyIaQQCVZVIBmMsFt3vDQQBCexe7EzlmupQfxON0No9ti/wAh0FbCmU9TGQwSoQkORpygt2wTDABj/D5YtSzY1vuDRZotNu0FqqdWYVr1cwhPpg6EsUZCEKAHIQT3OdRXrhiBaTnAJTMzlPTB1VxX2/SV+rPI9xznANaFxJkAqIkZnuIGQwpaousoFGsKIy7hnAj1E4GtCqGYzDBcjHQiRqiYnGadDAgjujIMO4xPXP8AxwQa2CaczqUnqf8AqOHkSuoaukgwendgBEYQBpMqQx1yMgZEvkcH3BnnM+nSeh+GBHyj/wAdYjA1AfTlEZjU2ZjKZmfX+jLrgz1/sBHXAkQfSMDVPQdZ/wCPr/T/AP/Z', 25)
GO
SET IDENTITY_INSERT [dbo].[tblServiceImages] OFF
GO
SET IDENTITY_INSERT [dbo].[tblServices] ON 
GO
INSERT [dbo].[tblServices] ([serviceID], [serviceName], [servicePrice], [description], [status], [adminID], [serviceTypeID]) VALUES (1, N'Cạo vôi & đánh bóng', 300000, N'Vôi răng là những mảng bám bị vôi hoá trên bề mặt răng và giữa răng với nướu. Vôi răng quá nhiều đe doạ đến sức khoẻ răng miệng do có thể gây viêm nướu. Do đó cần phải đến nha sĩ để lấy vôi răng và đánh bóng răng định kỳ nhằm loại bỏ các mảng bám này. 
- Cạo vôi răng giúp loại bỏ vôi răng, mảng bám hình thành trong miệng. Hạn chế những bệnh lý về nướu răng như nướu đỏ, nướu bị sưng, chảy máu, hơi thở có mùi, thậm chí là những trường hợp viêm nha chu, mất răng… nếu tình trạng vôi răng bám dày hơn. Phòng ngừa các bệnh lý răng miệng hiệu quả và an toàn. Giảm tình trạng chảy máu chân răng hoặc ê buốt.
- Thông thường thời gian cạo vôi răng khoảng 15 đến 30 phút, làm sạch vôi răng ở chân răng. Trong trường hợp vôi răng bám dày, khách sẽ chịu cảm giác ê buốt hơn một chút nhưng sẽ không giảm chức năng nhai sau khi hoàn thành.
- Cạo vôi đánh bóng răng nên được thực hiện mỗi 4-6 tháng một lần nhằm đảm bảo chân răng luôn sạch sẽ, hàm răng đẹp, sáng bóng và thẩm mỹ. ', 0, 1, 6)
GO
INSERT [dbo].[tblServices] ([serviceID], [serviceName], [servicePrice], [description], [status], [adminID], [serviceTypeID]) VALUES (2, N'Điều trị viêm nha chu', 200000, N'<p><strong>Vi&ecirc;m nha chu</strong> hay c&ograve;n gọi l&agrave; <em><strong>bệnh nha chu </strong></em>l&agrave; t&igrave;nh trạng c&aacute;c tổ chức xung quanh răng bị vi&ecirc;m.</p><p><strong>Vi&ecirc;m nha chu</strong> được chia th&agrave;nh hai nh&oacute;m ch&iacute;nh, đ&oacute; l&agrave; <strong><em>vi&ecirc;m lợi</em></strong> v&agrave; <strong><em>vi&ecirc;m nha chu</em></strong>.</p><p><strong>Bệnh nha chu</strong> l&agrave; một bệnh rất phổ biến của v&ugrave;ng răng miệng, hay gặp ở <strong>lứa tuổi trung ni&ecirc;n, người gi&agrave;</strong> v&agrave; l&agrave; một trong những nguy&ecirc;n nh&acirc;n thường gặp của t&igrave;nh trạng mất răng ở người lớn.</p><p>Sự ph&aacute;t triển của vi khuẩn trong mảng b&aacute;m răng l&agrave; <em><strong>nguy&ecirc;n nh&acirc;n ch&iacute;nh của bệnh.</strong></em></p><p><em><strong>Nếu kh&ocirc;ng đ&aacute;nh răng, vệ sinh răng miệng tốt</strong></em>, mảng b&aacute;m răng sẽ t&iacute;ch tụ v&agrave; dần dần kho&aacute;ng h&oacute;a <em><strong>trở th&agrave;nh cao răng</strong></em> với lượng vi khuẩn ng&agrave;y c&agrave;ng tăng.</p><p><strong>Dấu hiệu nhận biết bệnh nha chu:</strong></p><ul><li><em>- Nướu (lợi) tấy đỏ, sưng v&agrave; dễ bị chảy m&aacute;u (khi đ&aacute;nh răng hoặc l&agrave;m sạch kẽ răng). </em></li><li><em>- Hơi thở c&oacute; m&ugrave;i h&ocirc;i. </em></li><li><em>- Răng bị lung lay hoặc c&aacute;ch xa c&aacute;c răng c&ograve;n lại. </em></li><li><em>- Sự thay đổi về sự kh&iacute;t s&aacute;t nhau của c&aacute;c răng khi cắn.</em></li></ul>', 1, 2, 6)
GO
INSERT [dbo].[tblServices] ([serviceID], [serviceName], [servicePrice], [description], [status], [adminID], [serviceTypeID]) VALUES (3, N'Trám răng sữa', 100000, N'<p><em><strong>C&oacute; n&ecirc;n tr&aacute;m răng sữa của trẻ hay kh&ocirc;ng l&agrave; thắc mắc của nhiều cha mẹ</strong></em></p><p>Bởi <strong><em>răng sữa chỉ l&agrave; răng mọc tạm</em></strong>, sau khi c&aacute;c b&eacute; lớn l&ecirc;n sẽ được thay thế ho&agrave;n to&agrave;n bằng răng vĩnh viễn.</p><p>Tuy nhi&ecirc;n, c&aacute;c b&aacute;c sĩ nha khoa đ&atilde; khuyến c&aacute;o rằng, nếu như răng sữa bị s&acirc;u m&agrave; kh&ocirc;ng được tr&aacute;m kịp thời sẽ <em><strong>ảnh hưởng rất lớn đến sức khỏe của trẻ</strong></em> như: <strong><em>g&acirc;y bệnh h&ocirc;i miệng, đau nhức răng dẫn đến biếng ăn, suy dinh dưỡng..</em></strong></p><p>Hiện nay, <strong><em>phương ph&aacute;p trám răng là kỹ thuật nha khoa</em></strong> được áp dụng trong việc điều trị v&agrave; ph&ograve;ng ngừa bệnh l&yacute; răng miệng ở trẻ nhỏ.</p><p>Kỹ thuật n&agrave;y được thực hiện v&ocirc; c&ugrave;ng <strong><em>đơn giản v&agrave; nhẹ nh&agrave;ng</em></strong>, <em><strong>kh&ocirc;ng g&acirc;y đau nhức g&igrave; cho trẻ.</strong></em></p><p>B&aacute;c sĩ sẽ lấy đi khoảng răng bị s&acirc;u trước v&agrave; d&ugrave;ng vật liệu chuy&ecirc;n dụng để tr&aacute;m v&agrave;o, qu&aacute; tr&igrave;nh n&agrave;y <em><strong>chỉ diễn ra khoảng 15 &ndash; 30 ph&uacute;t </strong></em>l&agrave; ho&agrave;n th&agrave;nh.</p>', 1, 2, 5)
GO
INSERT [dbo].[tblServices] ([serviceID], [serviceName], [servicePrice], [description], [status], [adminID], [serviceTypeID]) VALUES (4, N'Trám răng sâu', 200000, N'<p><strong>KHI N&Agrave;O CẦN TR&Aacute;M RĂNG S&Acirc;U ? </strong></p><ul><li><em><strong>Khi ph&aacute;t hiện răng s&acirc;u</strong></em>, đau, xuất hiện lỗ s&acirc;u răng m&agrave;u đen, <strong><em>cảm thấy &ecirc; buốt khi ăn đồ n&oacute;ng, lạnh</em></strong> v&agrave; thức ăn mắc v&agrave;o; ngo&agrave;i ra, răng bị s&acirc;u cũng khiến cho bạn<strong><em> bị h&ocirc;i miệng </em></strong>d&ugrave; đ&atilde; s&uacute;c miệng thường xuy&ecirc;n.</li><li>Khi đ&oacute;, ch&uacute;ng ta n&ecirc;n đi đến nha sĩ để kiểm tra răng.</li><li>Sau khi kiểm tra v&agrave; ph&aacute;t hiện s&acirc;u răng, nha sĩ sẽ chỉ định c&aacute;c h&igrave;nh thức để điều trị, thường l&agrave; <strong><em>tr&aacute;m răng.</em></strong></li></ul><p><strong>TR&Aacute;M RĂNG S&Acirc;U C&Oacute; THỰC SỰ CẦN THIẾT ?</strong></p><p><em><strong>Tr&aacute;m răng s&acirc;u thực sự l&agrave; cấn thiết</strong></em>, khi c&aacute;c m&ocirc; răng bị hư tốn do vi khuẩn x&acirc;m hại dẫn đến s&acirc;u răng th&igrave; tr&aacute;m răng gi&uacute;p <strong><em>bảo vệ răng</em></strong> khỏi c&aacute;c t&aacute;c nh&acirc;n b&ecirc;n ngo&agrave;i như <strong><em>nhiệt độ, h&oacute;a chất tấn c&ocirc;ng, vi khuẩn hủy hoại tủy răng.</em></strong></p><p><strong>C&Aacute;C PHƯƠNG PH&Aacute;P TR&Aacute;M RĂNG S&Acirc;U.</strong></p><ul><li><em>- Tr&aacute;m b&iacute;t hố r&atilde;nh răng s&acirc;u: Loại tr&aacute;m n&agrave;y chỉ d&ugrave;ng để b&iacute;t c&aacute;c r&atilde;nh tr&ecirc;n mặt nhai của c&aacute;c răng. </em></li><li><em>- Tr&aacute;m thẩm mỹ cho răng s&acirc;u bằng composite: l&agrave; kỹ thuật sử dụng vật liệu composite c&oacute; m&agrave;u trắng ng&agrave; giống như m&agrave;u răng, rất hay sử dụng để tr&aacute;m c&aacute;c răng ph&iacute;a trước v&igrave; y&ecirc;u cầu thẩm mỹ. Đ&acirc;y l&agrave; phương ph&aacute;p &aacute;p dụng phổ biến nhất hiện nay. </em></li><li><em>- Tr&aacute;m răng s&acirc;u bằng phương ph&aacute;p inlay, onlay (tr&aacute;m đ&uacute;c): Khi răng bị s&acirc;u qu&aacute; nhiều, phần răng kh&ocirc;ng s&acirc;u c&ograve;n lại &iacute;t, th&igrave; nha sĩ c&oacute; thể sẽ gắn v&agrave;o răng một miếng tr&aacute;m đ&atilde; được đ&uacute;c cứng sẵn.</em></li></ul>', 1, 2, 5)
GO
INSERT [dbo].[tblServices] ([serviceID], [serviceName], [servicePrice], [description], [status], [adminID], [serviceTypeID]) VALUES (5, N'Trám răng thẩm mỹ', 300000, N'<p><strong>TR&Aacute;M RĂNG THẨM MỸ L&Agrave; G&Igrave;?</strong></p><p><a href="https://nhakhoaident.com/dich-vu/tram-rang-tham-my"><strong>Tr&aacute;m răng thẩm mỹ</strong></a>&nbsp;l&agrave; kỹ thuật để kh&ocirc;i phục lại h&igrave;nh dạng cũng như chức năng ăn nhai của những chiếc răng vỡ mẻ, răng s&acirc;u...</p><p>Đồng thời, phương ph&aacute;p n&agrave;y c&ograve;n <strong><em>gi&uacute;p ngăn chặn vi khuẩn c&oacute; thể x&acirc;m nhập v&agrave;o răng</em></strong> v&agrave; <strong><em>gi&uacute;p ngăn ngừa răng bị s&acirc;u nặng hơn</em></strong>, bằng c&aacute;ch lấp đầy khoảng trống với vật liệu l&agrave;m đầy chuy&ecirc;n dụng.&nbsp;</p><p>B&ecirc;n cạnh đ&oacute;, do kh&ocirc;ng phải m&agrave;i c&ugrave;i hay chụp răng n&ecirc;n tr&aacute;m răng ho&agrave;n to&agrave;n kh&ocirc;ng g&acirc;y ảnh hưởng đến cấu tr&uacute;c răng.</p><p><strong>Trường hợp cụ thể c&oacute; thể&nbsp;<a href="https://nhakhoaident.com/kien-thuc-nha-khoa/tram-rang-tham-my">tr&aacute;m răng thẩm mỹ</a>&nbsp;như:</strong></p><ul><li><em>Răng bị bể vỡ, sứt mẻ do thương tổn, va chạm hay ăn nhai.</em></li><li><em>Răng bị m&ograve;n do lực nhai, lực cơ học (chải răng) hay do sự b&agrave;o m&ograve;n của acid.&nbsp;</em></li><li><em>Răng bị ph&aacute; hủy m&ocirc; răng do s&acirc;u răng, vi&ecirc;m tủy&hellip;</em></li><li><em>&nbsp;Răng c&oacute; h&igrave;nh d&aacute;ng kh&ocirc;ng ho&agrave;n hảo như ngắn, thưa ở mức độ nhẹ, răng qu&aacute; nhỏ&hellip;</em></li></ul><p><em><strong>Kh&ocirc;ng phải trường hợp n&agrave;o cũng c&oacute; thể &aacute;p dụng c&ocirc;ng nghệ tr&aacute;m răng để điều trị v&agrave; xử l&yacute; thẩm mỹ.</strong></em></p><p><em><strong>Tuỳ v&agrave;o t&igrave;nh trạng cụ thể</strong></em> của từng người m&agrave; b&aacute;c sĩ sẽ tư vấn <strong><em>phương ph&aacute;p tối ưu nhất. </em></strong>V&iacute; dụ như trong trường hợp răng thưa qu&aacute; nhiều th&igrave; n&ecirc;n bọc sứ hoặc&nbsp;<strong><a href="https://nhakhoaident.com/dich-vu/nieng-rang-tham-my">niềng răng</a></strong>&nbsp;v&igrave; miếng tr&aacute;m kẽ lớn rất dễ bị bong tr&oacute;c v&agrave; k&eacute;m thẩm mỹ.&nbsp;</p>', 1, 2, 5)
GO
INSERT [dbo].[tblServices] ([serviceID], [serviceName], [servicePrice], [description], [status], [adminID], [serviceTypeID]) VALUES (6, N'Chữa tủy lại', 800000, N'<p><strong>CHỮA LẠI TỦY RĂNG (nội nha lại)</strong> Đ&acirc;y l&agrave; một quy tr&igrave;nh <strong><em>chữa tủy răng</em></strong> cho c&aacute;c răng đ&atilde; được chữa tủy rồi nhưng vẫn c&ograve;n c&aacute;c triệu chứng đau, kh&oacute; chịu hay răng kh&ocirc;ng c&oacute; triệu chứng g&igrave; nhưng chất lượng nội nha kh&ocirc;ng đạt y&ecirc;u cầu.</p><p><em><strong>Nguy&ecirc;n nh&acirc;n</strong></em> l&agrave;m s&oacute;t vi khuẩn trong ống tủy l&agrave; do <em>thất bại trong việc ph&aacute;t hiện hay điều trị kh&ocirc;ng to&agrave;n diện tất cả c&aacute;c ống tủy</em>, ngo&agrave;i ra c&ograve;n c&oacute; nguy&ecirc;n nh&acirc;n kh&aacute;c l&agrave; <em>do l&agrave;m sạch &ndash; tạo h&igrave;nh &ndash; tr&aacute;m b&iacute;t hệ thống ống tủy chưa đ&uacute;ng</em> (thường l&agrave; do lỗi của nha sĩ) hay ống tủy bị canxi h&oacute;a.</p><p><strong>&nbsp;Quy Tr&igrave;nh chữa tủy răng lại:</strong></p><ul><li><em>- Chữa tủy răng lại sẽ bắt đầu bằng việc loại bỏ c&aacute;c vật liệu tr&aacute;m b&iacute;t cũ.</em></li><li><em>- Đặt thuốc trong ống tủy (nếu c&oacute; nhiễm tr&ugrave;ng). </em></li><li><em>-Tạo h&igrave;nh v&agrave; tr&aacute;m b&iacute;t lại ống tủy bằng composite</em></li></ul>', 1, 2, 5)
GO
INSERT [dbo].[tblServices] ([serviceID], [serviceName], [servicePrice], [description], [status], [adminID], [serviceTypeID]) VALUES (7, N'Răng sứ Mỹ', 800000, N'<p><strong>Răng to&agrave;n sứ Mỹ</strong> được cấu tạo gồm l&otilde;i sườn b&ecirc;n trong v&agrave; lớp sứ b&ecirc;n ngo&agrave;i.</p><p>So với răng thật th&igrave; độ cứng của răng sứ Mỹ c&oacute; thể<strong> cứng gấp 7 lần.</strong></p><p>Kh&ocirc;ng chỉ vậy, răng sứ kh&ocirc;ng kim loại c&ograve;n <em><strong>c&oacute; m&agrave;u sắc tự nhi&ecirc;n nhất</strong></em> trong c&aacute;c loại răng sứ v&agrave; <em>khả năng chống mảng b&aacute;m hiệu quả,</em> <em>kh&ocirc;ng bị nhiễm m&agrave;u thực phẩm.</em></p><p><strong>Răng sứ kim loại Mỹ</strong> c&oacute; phần khung sườn b&ecirc;n trong được l&agrave;m từ <strong>hợp kim Niken &ndash; Crom, Crom &ndash; Coban, Titan,&hellip;</strong></p><p>Lớp sứ b&ecirc;n ngo&agrave;i được cấu tạo từ vật liệu sứ gi&uacute;p duy tr&igrave; h&igrave;nh d&aacute;ng v&agrave; m&agrave;u sắc thẩm mỹ như răng thật.</p><p><strong>Ưu điểm của răng sứ Mỹ: </strong></p><ul><li><em>- C&oacute; cấu tạo chắc chắn, độ chịu lực cao, khi ăn nhai kh&ocirc;ng sợ răng sứ bị vỡ. </em></li><li><em>- C&oacute; sự chuyển động linh hoạt, dẻo dai như răng thật. </em></li><li><em>- M&agrave;u sắc v&agrave; h&igrave;nh d&aacute;ng tương đối giống với răng tự nhi&ecirc;n, hiệu quả thẩm mỹ cao. </em></li><li><em>- Gi&aacute; th&agrave;nh tương đối rẻ. </em></li><li><em>-Tuổi thọ trung b&igrave;nh từ 5-7 năm.</em></li></ul>', 1, 2, 1)
GO
INSERT [dbo].[tblServices] ([serviceID], [serviceName], [servicePrice], [description], [status], [adminID], [serviceTypeID]) VALUES (8, N'Răng sứ Titan', 2000000, N'<p><strong>Răng sứ l&otilde;i Titan</strong> là m&ocirc;̣t trong những loại răng sứ <em><strong>l&acirc;u đời nhất hiện nay</strong></em>, được nhiều bác sĩ nha khoa và nhi&ecirc;̀u kh&aacute;ch h&agrave;ng tin dùng.</p><p><strong>Về cấu tạo của răng sứ Titan gồm 2 phần:</strong></p><ul><li>ph&acirc;̀n lõi kim loại b&ecirc;n trong ( Titanium)&nbsp;</li><li>b&ecirc;n ngoài được phủ m&ocirc;̣t lớp sứ nguy&ecirc;n chất.</li></ul><p><strong>Titanium</strong> l&agrave; một loại chất liệu để l&agrave;m n&ecirc;n răng sứ titan thẩm mỹ.</p><p><strong>Khung sườn của răng sứ Titan</strong> được l&agrave;m bằng hợp kim chứa từ <strong>4% tới 6% l&agrave; Titanium</strong> v&agrave; được phủ một lớp mỏng men sứ caramco3 tr&ecirc;n bề mặt răng.</p><p><strong>Răng sứ Titan có 3 loại chính như:</strong></p><ul><li>Răng sứ Titan Berlin.</li><li>Răng sứ Titan Margin.</li><li>Răng sứ Titan Vita.</li></ul><p><strong>V&ecirc;̀ bản ch&acirc;́t,</strong> những loại răng sứ Titan này đ&ecirc;̀u <em><strong>gi&ocirc;́ng nhau v&ecirc;̀ c&acirc;́u tạo cũng như ch&acirc;́t lượng.</strong></em></p><p><em><strong>Khác nhau </strong>ở ch&ocirc;̃</em> chúng được sản xu&acirc;́t ở những <strong><em>địa đi&ecirc;̉m hoặc c&ocirc;ng ty kh&ocirc;ng gi&ocirc;́ng nhau</em></strong>.</p><p><strong>ƯU ĐI&Ecirc;̉M RĂNG SỨ KIM LOẠI TITAN</strong></p><ul><li><em>- Nhẹ và khó bị oxy hóa trong m&ocirc;i trường mi&ecirc;̣ng </em></li><li><em>- B&ecirc;̀n chắc, ăn nhai t&ocirc;́t - Lành tính với cơ th&ecirc;̉. </em></li><li><em>- Khả năng tương thích sinh học cao.</em></li></ul>', 1, 2, 1)
GO
INSERT [dbo].[tblServices] ([serviceID], [serviceName], [servicePrice], [description], [status], [adminID], [serviceTypeID]) VALUES (10, N'Răng sứ Venus', 5500000, N'<p><strong>Răng sứ Venus</strong> l&agrave; loại răng to&agrave;n sứ c&oacute; <strong><em>độ bền ca</em>o</strong>, <strong><em>m&agrave;u sắc tự nhi&ecirc;n như răng thật</em></strong>, thuộc nh&oacute;m răng sứ kh&ocirc;ng kim loại.</p><p>Được thừa hưởng t&iacute;nh chất vượt trội của sườn <em><strong>răng sứ zirconia chịu lực tốt</strong></em>, tương th&iacute;ch v&agrave; ph&ugrave; hợp với con người.</p><p>Với chất liệu si&ecirc;u nhẹ, <strong>Răng sứ Venus</strong> được coi l&agrave; một bước tiến quan trọng trong c&ocirc;ng nghệ l&agrave;m răng thẩm mỹ hiện nay.</p><p><strong>Răng Venus</strong> được sản xuất theo<em><strong> c&ocirc;ng nghệ CAD/CAM hiện đại nhất tr&ecirc;n thế giới</strong></em>&nbsp;hiện nay. N&oacute; được cấu tạo từ <strong>100% ph&ocirc;i vật liệu</strong> c&oacute; xuất xứ từ những tập đo&agrave;n<em><strong> Nha khoa nổi tiếng như Đức, Mỹ, độ cứng 900 Mpa (gấp 5 lần răng kim loại)</strong></em></p><p><strong>ƯU ĐIỂM CỦA RĂNG SỨ VENUS:</strong></p><ul><li><em>- Khả năng ăn nhai v&agrave; chịu lực lớn. </em></li><li><em>- An to&agrave;n, kh&ocirc;ng g&acirc;y k&iacute;ch ứng. </em></li><li><em>- Tuổi thọ của răng to&agrave;n sứ Venus cũng được đ&aacute;nh gi&aacute; cao hơn hẳn so với những d&ograve;ng răng sứ kh&aacute;c. </em></li><li><em>- Răng to&agrave;n sứ Venus c&oacute; tuổi thọ tới 20 năm. </em></li><li><em>- Gi&aacute; răng Venus vẫn rẻ hơn nhiều so với c&aacute;c d&ograve;ng răng to&agrave;n sứ cao cấp kh&aacute;c. V&iacute; dụ như D-Max, E-Max, Ceramil,vv&hellip;</em></li></ul>', 1, 2, 1)
GO
INSERT [dbo].[tblServices] ([serviceID], [serviceName], [servicePrice], [description], [status], [adminID], [serviceTypeID]) VALUES (11, N'Nhổ răng sữa', 100000, N'<p><strong>Nhổ răng sữa</strong> tại nh&agrave; cho b&eacute; kh&aacute; đơn giản, nhưng nếu bố mẹ cần thực hiện thao t&aacute;c một c&aacute;ch dứt kho&aacute;t, trọn vẹn để kh&ocirc;ng g&acirc;y ra tổn thương.</p><p>Một số biến chứng thường gặp khi trẻ nhổ răng tại nh&agrave; l&agrave; <strong>vi&ecirc;m nha chu.</strong></p><p><em><strong>Nguy&ecirc;n nh&acirc;n</strong></em> dẫn đến bệnh l&yacute; n&agrave;y l&agrave; do khi nhổ răng kh&ocirc;ng đảm bảo vệ sinh, nhổ răng c&ograve;n s&oacute;t ch&acirc;n răng.</p><p><em><strong>T&igrave;nh trạng nghi&ecirc;m trọng hơn</strong></em> c&ograve;n g&acirc;y ra biến chứng nhiễm tr&ugrave;ng, &aacute;p xe răng lan rộng.</p><p><strong>Thời điểm th&iacute;ch hợp để nhổ răng sữa cho b&eacute;?</strong></p><ul><li><em>- Một số trường hợp răng sữa kh&ocirc;ng thể tự rụng m&agrave; phải chủ động nhổ răng sữa.</em></li><li><em>- L&uacute;c n&agrave;y, x&aacute;c định đ&uacute;ng thời điểm để nhổ răng sữa cho trẻ l&agrave; rất quan trọng.</em></li><li><em>- Đối với c&aacute;c răng kh&ocirc;ng lung lay th&igrave; thời điểm nhổ răng tốt nhất cho trẻ l&agrave; khi răng vĩnh viễn bắt đầu trồi l&ecirc;n. </em></li><li><em>- Nếu nhổ răng đ&uacute;ng thời điểm n&agrave;y sẽ gi&uacute;p răng vĩnh viễn mọc l&ecirc;n đ&uacute;ng tại vị tr&iacute; răng sữa vừa nhổ, tr&aacute;nh t&igrave;nh trạng răng lệch lạc.</em></li></ul>', 1, 2, 4)
GO
INSERT [dbo].[tblServices] ([serviceID], [serviceName], [servicePrice], [description], [status], [adminID], [serviceTypeID]) VALUES (13, N'Nhổ răng 2-3 chân', 500000, N'<p><strong>NHỔ RĂNG 2-3 CH&Acirc;N.</strong></p><p><strong>Răng 2-3 ch&acirc;n</strong> thường sẽ l&agrave; những răng c&oacute; nhiệm vụ quan trọng trong chức năng răng miệng của mọi người.</p><p>Ngo&agrave;i ra, <strong>răng 2- 3 ch&acirc;n </strong>c&ograve;n c&oacute; thể l&agrave; răng kh&ocirc;n ở h&agrave;m tr&ecirc;n của người bệnh. Răng 2-3 ch&acirc;n thường <strong>gi&uacute;p cho mọi người ăn nhai tốt hơn</strong> v&agrave; mang lại cho người bệnh nhiều c&ocirc;ng dụng hữu &iacute;ch.</p><p>Đối với những <strong>răng kh&ocirc;n 2-3 ch&acirc;n</strong> nếu ở trường hợp <em>mọc lệch</em>, <em>mọc chen ch&uacute;c</em> th&igrave; cần phải <strong><em>nhổ bỏ để tr&aacute;nh những ảnh hưởng đến răng miệng.</em></strong></p><p>Đối với c&aacute;c răng 3 ch&acirc;n kh&aacute;c th&igrave; người bệnh cần phải chăm s&oacute;c kỹ lưỡng hơn để gi&uacute;p cho răng c&oacute; thể hoạt động tốt nhất tr&ecirc;n cung h&agrave;m.</p><p><strong>Những trường hợp nhổ răng 2-3 ch&acirc;n:</strong></p><ul><li><em>- Đối với răng 3 ch&acirc;n bị hư hại do s&acirc;u răng nghi&ecirc;m trọng v&agrave; kh&ocirc;ng thể điều trị bằng những giải ph&aacute;p nha khoa th&igrave; cần phải nhổ bỏ để điều trị v&agrave; gi&uacute;p cho những răng kh&aacute;c kh&ocirc;ng bị ảnh hưởng. </em></li><li><em>- Đối với trường hợp răng 3 ch&acirc;n bị bệnh nha chu ở giai đoạn nặng cũng sẽ được nhổ răng để điều trị t&igrave;nh trạng bệnh l&yacute; n&agrave;y của răng miệng</em></li></ul>', 1, 2, 4)
GO
INSERT [dbo].[tblServices] ([serviceID], [serviceName], [servicePrice], [description], [status], [adminID], [serviceTypeID]) VALUES (14, N'Tẩy trắng răng tại nha khoa', 1500000, N'<p><strong>Tẩy trắng răng tại ph&ograve;ng kh&aacute;m nha:</strong></p><p>Liệu tr&igrave;nh l&agrave;m trắng răng tại ph&ograve;ng nha chuy&ecirc;n nghiệp <em><strong>bao gồm 3 bước:</strong></em></p><ul><li>cạo v&ocirc;i,</li><li>đ&aacute;nh b&oacute;ng</li><li>tẩy trắng răng.</li></ul><p>C&aacute;c b&aacute;c sĩ kết hợp giữa thuốc c&oacute; nồng độ tẩy trắng cao <strong><em>35 &ndash; 37%</em></strong> v&agrave; <strong><em>ch&ugrave;m &aacute;nh s&aacute;ng với cường độ mạnh</em></strong> để k&iacute;ch hoạt thuốc ngấm s&acirc;u hơn.</p><p>Trước khi sử dụng thuốc tẩy trắng, b&aacute;c sĩ đeo dụng cụ bảo vệ m&ocirc;i, nướu, khoang miệng; đồng thời b&ocirc;i th&ecirc;m thuốc chống &ecirc; buốt để kh&aacute;ch h&agrave;ng cảm thấy thoải m&aacute;i.</p><p><strong>Đặc điểm nổi trội</strong> của phương ph&aacute;p n&agrave;y l&agrave; thực hiện<em><strong> nhanh ch&oacute;ng, c&oacute; t&aacute;c dụng ngay</strong></em> cả trường hợp nhiễm m&agrave;u nặng, m&agrave;u v&agrave;ng sậm, nhiễm m&agrave;u do Tetracycline, Fluorosis, răng h&agrave;m tr&ecirc;n v&agrave; h&agrave;m dưới được tẩy trắng c&ugrave;ng l&uacute;c, cho cả <em><strong>hai h&agrave;m răng trắng đều tự nhi&ecirc;n.</strong></em></p><p><strong>Tẩy trắng răng c&oacute; hại kh&ocirc;ng?</strong></p><ul><li><em>Tẩy trắng răng được nghi&ecirc;n cứu l&agrave; an to&agrave;n cho sức khỏe răng miệng, </em></li><li><em>Kh&ocirc;ng l&agrave;m hại men răng, kh&ocirc;ng l&agrave;m thay đổi cấu tr&uacute;c răng nếu thực hiện đ&uacute;ng c&aacute;ch. </em></li><li><em>Để đảm bảo an to&agrave;n v&agrave; đạt kết quả tối ưu, bạn n&ecirc;n t&igrave;m đến nha khoa sử dụng thuốc tẩy trắng ch&iacute;nh h&atilde;ng, hệ thống đ&egrave;n tẩy trắng hiện đại.</em></li></ul>', 1, 2, 7)
GO
INSERT [dbo].[tblServices] ([serviceID], [serviceName], [servicePrice], [description], [status], [adminID], [serviceTypeID]) VALUES (15, N'Tẩy trắng tại nhà ', 900000, N'<p><strong>Đeo m&aacute;ng tẩy trắng răng tại nh&agrave;:</strong></p><p>B&aacute;c sĩ sẽ lấy dấu răng v&agrave; l&agrave;m m&aacute;ng tẩy vừa vặn, đ&uacute;ng với k&iacute;ch thước răng của mỗi người.</p><p>Loại m&aacute;ng n&agrave;y được l&agrave;m <strong><em>bằng nhựa plastic trong suốt, an to&agrave;n</em></strong>, <strong><em>kh&ocirc;ng g&acirc;y tổn thương đến nướu.</em></strong></p><p>N&oacute; c&oacute; t&aacute;c dụng giữ thuốc tẩy, ngăn kh&ocirc;ng cho nước bọt tr&agrave;n v&agrave;o ảnh hưởng qu&aacute; tr&igrave;nh tẩy trắng răng. B&aacute;c sĩ sẽ cung cấp thuốc c&oacute; nồng độ tẩy trắng từ <strong><em>10 &ndash; 15%</em></strong> v&agrave; hướng dẫn chi tiết c&aacute;ch sử dụng m&aacute;ng tẩy v&agrave; xử l&yacute; những t&igrave;nh huống c&oacute; thể xảy ra.</p><p><strong>Ưu điểm của phương ph&aacute;p n&agrave;y l&agrave;</strong></p><ul><li><em>gi&uacute;p bạn chủ động thời gian (đeo m&aacute;ng từ 2 &ndash; 3 giờ bất cứ khi n&agrave;o),</em></li><li><em>thực hiện ngay tại nh&agrave; với chi ph&iacute; thấp.</em></li></ul><p>Thế nhưng, n&oacute; kh&ocirc;ng đạt hiệu quả tẩy trắng với tất cả trường hợp, <strong><em>chỉ được &aacute;p dụng cho c&aacute;c trường hợp nhiễm m&agrave;u nhẹ như:</em></strong></p><ul><li><em>nhiễm m&agrave;u ngoại lai do t&aacute;c động b&ecirc;n ngo&agrave;i,</em></li><li><em>răng nhiễm m&agrave;u do tuổi t&aacute;c.</em></li></ul>', 1, 2, 7)
GO
INSERT [dbo].[tblServices] ([serviceID], [serviceName], [servicePrice], [description], [status], [adminID], [serviceTypeID]) VALUES (16, N'Đính đá kim cương thẩm mỹ', 700000, N'<p><strong>Đ&iacute;nh đ&aacute; kim cương l&ecirc;n răng</strong> l&agrave; một thủ thuật Nha Khoa nhằm <strong><em>tạo sự kết nối l&agrave;m cho đ&aacute; kim cương d&iacute;nh chặt v&agrave;o răng</em></strong> m&agrave; kh&ocirc;ng bị sứt ra khi ăn nhai nhờ v&agrave;o c&ocirc;ng nghệ đ&egrave;n chiếu v&agrave; keo Nha Khoa đặc biệt.</p><ul><li><em>- Đ&aacute; kim cương được gắn cố định v&agrave; bền chặt.</em></li><li><em>- Chỉ c&oacute; thể lấy ra khi tới Nha Khoa. </em></li><li><em>- Sau khi lấy đ&aacute; kim cương ra, c&aacute;c lỗ nhỏ sẽ được tr&aacute;m lại bằng phương ph&aacute;p tr&aacute;m răng composite chuy&ecirc;n dụng ho&agrave;n to&agrave;n kh&ocirc;ng g&acirc;y mất thẩm mỹ.</em></li></ul><p>C&oacute; thể mua tại Nha Khoa hoặc c&aacute;c cửa h&agrave;ng đ&aacute; qu&yacute;, v&agrave;ng bạc.</p><p>Đ&aacute; kim cương đ&iacute;nh l&ecirc;n răng thường l&agrave; loại cỡ nhỏ khoảng 1-2,5 ly, c&oacute; gi&aacute; từ 600,000 đến 900,000đ/ vi&ecirc;n.</p><p>Nghe c&oacute; vẻ đơn giản nhưng để đảm bảo được độ bền của đ&aacute; cũng như <em><strong>kh&ocirc;ng l&agrave;m mất vệ sinh</strong></em>, <strong><em>ảnh hưởng đến sức khỏe răng miệng</em></strong> th&igrave; b&aacute;c sĩ phải c&oacute; những kiến thức về c&ocirc;ng nghệ n&agrave;y cũng như sự tỉ mỉ kh&eacute;o tay của b&aacute;c sĩ.</p><p><em>Tổng thời gian</em> để đ&iacute;nh đ&aacute; l&ecirc;n răng chỉ mất tầm <strong><em>10-15 ph&uacute;t</em></strong> v&agrave; kh&ocirc;ng hề g&acirc;y cảm gi&aacute;c đau đớn nh&eacute;!</p>', 1, 2, 7)
GO
INSERT [dbo].[tblServices] ([serviceID], [serviceName], [servicePrice], [description], [status], [adminID], [serviceTypeID]) VALUES (17, N'Mắc cài kim loại', 30000000, N'<p><em><strong>Mắc c&agrave;i kim loại</strong></em> l&agrave; dụng cụ được sử dụng để <em><strong>điều trị chỉnh răng.</strong></em></p><p><strong>Mắc c&agrave;i kim loại</strong> được nha sĩ gắn v&agrave;o răng của bệnh nh&acirc;n, kết hợp kỹ thuật trong chỉnh nha để d&ugrave;ng lực tạo ra từ mắc c&agrave;i v&agrave; d&acirc;y cung, gi&uacute;p di chuyển răng đến vị tr&iacute; mong muốn.</p><p>Niềng răng mắc c&agrave;i kim loại l&agrave; <em><strong>phương ph&aacute;p truyền thống.</strong></em></p><p>Nha sĩ c&oacute; thể chỉ cần điều <strong>chỉnh mắc c&agrave;i sau 6 tuần</strong> thay v&igrave; 3 hoặc 4 tuần so với c&aacute;c kỹ thuật th&ocirc;ng thường, đồng thời việc c&acirc;n bằng lực cũng tốt hơn, gi&uacute;p thời gian chỉnh răng <strong>giảm từ 30 -50%.</strong></p><p><strong>Ưu điểm Mắc c&agrave;i kim loại:</strong></p><ul><li><em>Chi ph&iacute; chỉnh nha thấp, </em></li><li><em>hiệu quả cao, </em></li><li><em>thực hiện được những ca chỉnh nha kh&oacute;, </em></li><li><em>thời gian ngắn.</em></li></ul><p><strong>Khi n&agrave;o n&ecirc;n niềng răng mắc c&agrave;i kim loại:</strong></p><ul><li><em>- Trường hợp răng m&oacute;m. </em></li><li><em>- Trường hợp răng h&ocirc;. </em></li><li><em>- Trường hợp răng khấp khểnh. </em></li><li><em>- Trường hợp răng thưa.</em></li></ul>', 1, 2, 2)
GO
INSERT [dbo].[tblServices] ([serviceID], [serviceName], [servicePrice], [description], [status], [adminID], [serviceTypeID]) VALUES (18, N'Mắc cài sứ', 35000000, N'<p><strong>Niềng răng mắc c&agrave;i sứ</strong> l&agrave; phương ph&aacute;p chỉnh nha &aacute;p dụng kh&iacute; cụ chỉnh nha tương tự niềng răng mắc c&agrave;i kim loại,</p><p><strong>Điểm kh&aacute;c biệt </strong>l&agrave; mắc c&agrave;i kim loại được thay bằng <strong><em>mắc c&agrave;i chất liệu sứ.</em></strong></p><p><em><strong>Niềng răng mắc c&agrave;i</strong></em> sứ bao gồm:</p><ul><li><em>Mắc c&agrave;i chất liệu sứ gắn cố định tr&ecirc;n bề mặt răng,</em></li><li><em>D&acirc;y cung nằm trong r&atilde;nh mắc c&agrave;i.</em></li></ul><p><em><strong>Mắc c&agrave;i sứ</strong></em> c&oacute; m&agrave;u trắng trong <em><strong>rất giống răng thật </strong></em>n&ecirc;n sẽ &iacute;t bị lộ niềng hơn phương ph&aacute;p niềng răng mắc c&agrave;i truyền thống.</p><p><strong>Đối tượng n&agrave;o c&oacute; thể niềng răng mắc c&agrave;i sứ ?</strong></p><ul><li><em>Niềng răng mắc c&agrave;i sứ rất th&iacute;ch hợp cho người c&oacute; răng mọc sai vị tr&iacute;, răng ch&igrave;a ra ngo&agrave;i hoặc ch&igrave;a v&agrave;o trong, khoảng c&aacute;ch giữa c&aacute;c răng xa,&hellip;</em></li><li><em>B&ecirc;n cạnh đ&oacute;, c&aacute;c trường hợp sai lệch khớp cắn, h&agrave;m hẹp, h&agrave;m lệch cũng rất ph&ugrave; hợp với phương ph&aacute;p n&agrave;y.</em></li></ul><p><strong>Ưu điểm Mắc c&agrave;i sứ</strong> :</p><ul><li><em>- Đảm bảo hiệu quả niềng răng </em></li><li><em>- T&iacute;nh thẩm mỹ cao khi niềng </em></li><li><em>- An to&agrave;n với người niềng Th&ocirc;ng thường, thời gian niềng răng mắc c&agrave;i sứ sẽ được thực hiện trong 18-24 th&aacute;ng.</em></li></ul>', 1, 2, 2)
GO
INSERT [dbo].[tblServices] ([serviceID], [serviceName], [servicePrice], [description], [status], [adminID], [serviceTypeID]) VALUES (19, N'Niềng răng trong suốt invisalign', 40000000, N'<p><strong><em>Niềng răng trong suốt Invisalign</em></strong> l&agrave; phương ph&aacute;p niềng răng <em><strong>kh&ocirc;ng d&ugrave;ng đến mắc c&agrave;i</strong></em>, d&acirc;y thun như niềng răng th&ocirc;ng thường m&agrave;<strong><em> sử dụng c&aacute;c</em></strong> <strong><em>khay niềng trong suốt để chỉnh răng.</em></strong></p><p><em><strong>Niềng răng Invisalign</strong></em> bao gồm một chuỗi c&aacute;c khay niềng trong suốt được thiết kế cho từng c&aacute; nh&acirc;n dựa theo h&agrave;m răng của từng người v&agrave; được sử dụng lần lượt ở từng giai đoạn kh&aacute;c nhau trong suốt qu&aacute; tr&igrave;nh chỉnh nha.</p><p>Bệnh nh&acirc;n cần mang tổng cộng khoảng từ <strong><em>20 &ndash; 40 khay Invisalign</em></strong> t&ugrave;y v&agrave;o mức độ sai lệch răng.</p><p>Để <strong>Invisalign</strong> đạt được hoạt động tối ưu nhất, người d&ugrave;ng cần phải mang khay Invisalign <strong><em>tối thiểu l&agrave; 22 giờ/ng&agrave;y.</em></strong></p><p><strong>Ưu điểm&nbsp;Niềng răng trong suốt Invisalign:</strong></p><ul><li><em>Thẩm mỹ, dễ d&agrave;ng th&aacute;o lắp để vệ sinh ăn uống tạo cảm gi&aacute;c thoải m&aacute;i dễ chịu,</em></li><li><em>Sử dụng c&ocirc;ng nghệ ti&ecirc;n tiến ph&ugrave; hợp cho từng bệnh nh&acirc;n, r&uacute;t ngắn thời gian đi kh&aacute;m tại ph&ograve;ng kh&aacute;m nha khoa.</em></li><li><em>Kh&aacute;ch h&agrave;ng c&oacute; thể biết trước kết quả. Th&ocirc;ng thường việc điều trị niềng răng invisalign ở người lớn k&eacute;o d&agrave;i từ 1-2 năm.</em></li></ul>', 1, 2, 2)
GO
INSERT [dbo].[tblServices] ([serviceID], [serviceName], [servicePrice], [description], [status], [adminID], [serviceTypeID]) VALUES (20, N'Đặt chốt cùi giả kim loại ', 400000, N'<p><strong>C&ugrave;i răng giả kim loại</strong> hay c&ograve;n gọi l&agrave; <strong><em>c&ugrave;i răng giả</em></strong> ti&ecirc;u chuẩn được l&agrave;m bằng chất liệu kim loại. Hợp chất kim loại kh&ocirc;ng gỉ từ <em><strong>crom &ndash; titan &ndash; coban hoặc niken &ndash; crom &ndash; titan.</strong></em></p><p>C&ugrave;i giả kim loại ổn định tương đối với răng v&agrave; nướu.</p><p><strong>Ưu điểm của loại c&ugrave;i kim loại l&agrave;</strong></p><ul><li><em>Chi ph&iacute; thấp, khả năng chịu lực tốt. </em></li><li><em>Tuy nhi&ecirc;n c&ugrave;i giả kim loại lại k&eacute;m về mặt thẩm mỹ, m&agrave;u sắc kim loại kh&ocirc;ng được đẹp v&agrave; tự nhi&ecirc;n.</em></li><li><em>Do đ&oacute; c&ugrave;i răng giả kim loại chỉ th&iacute;ch hợp với c&aacute;c vị tr&iacute; răng h&agrave;m b&ecirc;n trong.</em></li><li><em>Tuổi thọ của c&ugrave;i răng kim loại từ 5 đến 7 năm.</em></li></ul><p><strong>GẮN C&Ugrave;I RĂNG GIẢ C&Oacute; ĐAU KH&Ocirc;NG?</strong></p><ul><li><em>Tạo c&ugrave;i giả l&agrave; một kỹ thuật đơn giản, kh&ocirc;ng qu&aacute; phức tạp, kh&ocirc;ng x&acirc;m lấn nhiều đến m&ocirc; nướu v&agrave; răng, do đ&oacute; bệnh nh&acirc;n kh&ocirc;ng cần phải qu&aacute; lo lắng.</em></li><li><em>Qu&aacute; tr&igrave;nh gắn c&ugrave;i giả được thiết lập tr&igrave;nh tự, đảm bảo an to&agrave;n v&agrave; kh&ocirc;ng g&acirc;y đau cho kh&aacute;ch h&agrave;ng. </em></li><li><em>Tuy c&oacute; độ cứng chắc cao, nhưng c&ugrave;i giả kim loại kh&ocirc;ng thẩm mỹ bằng c&ugrave;i to&agrave;n sứ, thường bị đen sau một thời gian sử dụng.</em></li></ul>', 1, 2, 5)
GO
INSERT [dbo].[tblServices] ([serviceID], [serviceName], [servicePrice], [description], [status], [adminID], [serviceTypeID]) VALUES (21, N'Đặt chốt cùi giả sứ ', 1000000, N'<p><strong>C&ugrave;i giả to&agrave;n sứ:</strong>&nbsp;l&agrave; dạng m&ocirc; phỏng trụ răng thật được m&agrave;i sẵn <em><strong>(bằng sứ nguy&ecirc;n chất)</strong></em> <strong><em>để bọc răng sứ.</em></strong></p><p>Loại c&ugrave;i n&agrave;y c&oacute; đặc t&iacute;nh tự nhi&ecirc;n như trụ răng thật, <em><strong>gi&uacute;p phục h&igrave;nh răng</strong></em> trong trường hợp kh&aacute;ch h&agrave;ng bị g&atilde;y vỡ răng lớn.</p><p><strong>Ưu điểm:</strong></p><ul><li><em>C&ugrave;i giả to&agrave;n sứ đang l&agrave; lựa chọn tối ưu d&agrave;nh cho kh&aacute;ch h&agrave;ng muốn bọc răng sứ thẩm mỹ, m&agrave; cấu tr&uacute;c răng chưa được đảm bảo.</em></li><li><em>C&oacute; khả năng th&iacute;ch ứng với m&ocirc;i trường khoang miệng rất tốt v&igrave; l&agrave;m từ sứ 100%. </em></li><li><em>Kh&ocirc;ng g&acirc;y k&iacute;ch ứng, đảm bảo an to&agrave;n cho kh&aacute;ch h&agrave;ng sử dụng. </em></li><li><em>C&ugrave;i giả to&agrave;n sứ c&oacute; khả năng lưu giữ m&atilde;o sứ tốt v&agrave; đạt t&iacute;nh thẩm mỹ rất cao.</em></li><li><em>C&ugrave;i giả được gắn trước khi bọc răng sứ khi: </em></li><li><em>Răng bị mất phần lớn m&ocirc; răng, cần đặt chốt v&agrave; t&aacute;i tạo lại c&ugrave;i.</em></li><li><em>Răng bị mất phần lớn m&ocirc; răng, c&oacute; chỉ định bọc m&atilde;o răng.</em></li></ul><p><strong>Một số trường hợp kh&ocirc;ng thể &aacute;p dụng l&agrave;m c&ugrave;i giả l&agrave;:</strong></p><ul><li><em>Răng mất qu&aacute; lớn, m&ocirc; răng v&agrave; ch&acirc;n răng qu&aacute; yếu</em></li></ul>', 1, 2, 5)
GO
INSERT [dbo].[tblServices] ([serviceID], [serviceName], [servicePrice], [description], [status], [adminID], [serviceTypeID]) VALUES (22, N'Răng sứ Zolid', 4000000, N'<p><em><strong>Răng sứ Zirconia</strong></em> l&agrave; loại răng sứ được l&agrave;m từ <em><strong>100% chất liệu Zirconia.</strong></em></p><p>N&oacute; được đ&aacute;nh gi&aacute; l&agrave; một trong những loại răng sứ <em><strong>c&oacute; chất lượng</strong></em> v&agrave; <em><strong>h&igrave;nh thức đẹp nhất ở thời điểm hiện tại.</strong></em></p><p>Sản phẩm răng sứ n&agrave;y được <em><strong>chia th&agrave;nh hai loại </strong></em>l&agrave;<em><strong> Răng sứ Zirconia to&agrave;n khố</strong></em><strong>i</strong> v&agrave; <em><strong>Răng sứ Katana Zirconia.</strong></em></p><p><strong>Răng to&agrave;n sứ Zolid</strong> được ứng dụng để phục h&igrave;nh cho nhiều trường hợp kh&aacute;c nhau như:</p><ul><li>Răng sứt mẻ, g&atilde;y vỡ, răng c&oacute; h&igrave;nh thể xấu Răng thưa, răng h&ocirc; vẩu m&oacute;m</li><li>Răng mắc bệnh l&yacute; răng miệng như s&acirc;u răng, vi&ecirc;m tủy, m&ograve;n men răng.</li></ul><p><strong>Ưu điểm của răng sứ Zolid:</strong></p><ul><li><em>- Thẩm mỹ răng sứ đẹp tự nhi&ecirc;n, vượt trội </em></li><li><em>- Bền chắc, chịu lực lớn hơn cả răng thật </em></li><li><em>- L&agrave;nh t&iacute;nh, kh&ocirc;ng k&iacute;ch ứng răng miệng </em></li><li><em>- Tuổi thọ c&oacute; thể duy tr&igrave; l&acirc;u d&agrave;i l&ecirc;n tới 10-20 năm nếu được phục h&igrave;nh đ&uacute;ng kỹ thuật v&agrave; c&oacute; chế độ chăm s&oacute;c răng miệng tốt.</em></li></ul>', 1, 2, 1)
GO
INSERT [dbo].[tblServices] ([serviceID], [serviceName], [servicePrice], [description], [status], [adminID], [serviceTypeID]) VALUES (23, N'Răng sứ Emax', 3200000, N'<p><strong>Răng sứ Emax </strong>thuộc d&ograve;ng răng to&agrave;n sứ kh&ocirc;ng kim loại.</p><p>Cấu tạo của n&oacute; ho&agrave;n to&agrave;n được l&agrave;m từ <em><strong>gốm thủy tinh Lithium Disilicate.</strong></em></p><p><strong>Đặc biệt</strong>, <em><strong>sứ Emax c&oacute; kết cấu từ những tinh thể thủy tinh cực nhỏ.</strong></em></p><p>Ch&uacute;ng đan xen v&agrave;o nhau v&agrave; chĩa ra nhiều hướng, điều n&agrave;y khiến m&atilde;o sứ trở n&ecirc;n cứng c&aacute;p v&agrave; kh&oacute; bị nứt vỡ.</p><p>Hiện nay, <strong>răng to&agrave;n sứ Emax đang c&oacute; mặt tr&ecirc;n thị trường với 3 lo</strong>ại:</p><ul><li><em>Emax Press,</em></li><li><em>Emax Zirconia&nbsp;</em></li><li><em>Emax CAD.</em></li></ul><p><strong>Ưu điểm Răng sứ Emax:</strong></p><ul><li><em>- C&oacute; t&iacute;nh thẩm mỹ cao: D&ograve;ng sứ Emax c&oacute; độ phản quang, s&aacute;ng b&oacute;ng tốt v&agrave; kh&ocirc;ng bị đen viền nướu khi sử dụng l&acirc;u d&agrave;i. </em></li><li><em>- Mang lại cảm gi&aacute;c ăn nhai thoải m&aacute;i: Với khả năng chịu lực l&ecirc;n đến 850 Mpa. </em></li><li><em>- Răng sứ Emax c&oacute; tuổi thọ cao: Th&ocirc;ng thường, răng sứ c&oacute; thể tồn tại l&ecirc;n đến 20 năm trong khoang miệng. </em></li><li><em>- C&oacute; đến 16 tone m&agrave;u để thỏa sức lựa chọn sao cho ph&ugrave; hợp với khu&ocirc;n miệng, m&agrave;u da.</em></li></ul>', 1, 2, 1)
GO
INSERT [dbo].[tblServices] ([serviceID], [serviceName], [servicePrice], [description], [status], [adminID], [serviceTypeID]) VALUES (24, N'Răng sứ Cercon', 6000000, N'<p><strong>Răng sứ Cercon</strong> l&agrave; loại răng sứ c&oacute; nguồn gốc từ Đức v&agrave; được chế t&aacute;c theo<em><strong> c&ocirc;ng nghệ CAD/CAM hiện đại nhất hiện nay.</strong></em></p><p><em><strong>Đ&acirc;y l&agrave; một trong những d&ograve;ng răng sứ to&agrave;n sứ cao cấp nhất</strong></em>, khắc phục ho&agrave;n to&agrave;n những khuyết điểm của răng sứ kim loại như:</p><ul><li>m&agrave;u sắc trắng trong tự nhi&ecirc;n,</li><li>kh&ocirc;ng đổi m&agrave;u răng theo thời gian hay kh&ocirc;ng bị đen viền nướu&hellip;</li></ul><p>Cũng giống như c&aacute;c loại răng to&agrave;n sứ kh&aacute;c, <strong>răng sứ Cercon với cấu tr&uacute;c gồm 2 phần:</strong></p><ul><li>- B&ecirc;n trong: L&agrave; khung sườn l&agrave;m từ vật liệu sứ</li><li>- B&ecirc;n ngo&agrave;i: Được phủ nhiều lớp sứ, gi&uacute;p răng đạt đến tr&igrave;nh độ trắng s&aacute;ng tự nhi&ecirc;n như răng thật.</li></ul><p><strong>Răng sứ Cercon mang cấu tr&uacute;c của răng sứ Cercon v&agrave; những đặc điểm nổi bật như:</strong></p><ul><li><em>Răng sứ cứng chắc, với khả năng chịu lực tốt v&agrave; độ bền cao </em></li><li><em>Răng sứ Cercon l&agrave; răng to&agrave;n sứ n&ecirc;n rất an to&agrave;n, l&agrave;nh t&iacute;nh dễ tương th&iacute;ch với c&aacute;c m&ocirc; mềm do đ&oacute; ho&agrave;n to&agrave;n kh&ocirc;ng g&acirc;y k&iacute;ch ứng m&ocirc; nướu.</em></li><li><em>Kh&oacute; bị m&agrave;i m&ograve;n trong m&ocirc;i trường miệng Kh&ocirc;ng bị đen viền nướu sau 1 thời gian sử dụng như răng sứ kim loại</em></li></ul>', 1, 2, 1)
GO
INSERT [dbo].[tblServices] ([serviceID], [serviceName], [servicePrice], [description], [status], [adminID], [serviceTypeID]) VALUES (25, N'Răng sứ Chrome Cobalt', 3000000, N'<p><em><strong>Răng sứ Chrome Cobalt hay răng sứ Co-Cr</strong></em> thuộc d&ograve;ng răng sứ kim loại, với th&agrave;nh phần cấu tạo ch&iacute;nh l&agrave; từ <em><strong>hợp kim Chromium</strong></em> v&agrave; <strong><em>Cobalt kh&ocirc;ng chứa Niken.</em></strong></p><p>Lớp sườn b&ecirc;n trong được l&agrave;m bằng <em><strong>hợp kim Co-Cr</strong></em>, c&oacute; thể được phủ một lớp sứ trắng s&aacute;ng ra b&ecirc;n ngo&agrave;i hoặc kh&ocirc;ng.</p><p>Lớp sứ trắng s&aacute;ng b&ecirc;n ngo&agrave;i của <em><strong>răng Chrome Cobalt</strong></em> đảm bảo t&iacute;nh <em><strong>thẩm mỹ tương đồng với răng thật.</strong></em></p><p>N&ecirc;n sau khi phục h&igrave;nh với răng sứ, răng thật được khắc phục về mặt h&igrave;nh thể, thẩm mỹ, mang lại vẻ đẹp ban đầu của răng.</p><p><strong>Răng sứ Chrome Cobalt</strong> c&oacute; lớp sườn kim loại <em><strong>cứng chắc</strong></em>, được nung ở nhiệt độ cao n&ecirc;n đảm bảo tốt về<em><strong> khả năng ăn nhai</strong></em>, <em><strong>khả năng chịu lực lớn, cứng chắc.</strong></em></p><p><strong>Răng sứ kim loại cr-co c&oacute; tốt kh&ocirc;ng?</strong></p><ul><li><em>- T&iacute;nh ứng dụng cao, &aacute;p dụng cho nhiều trường hợp phục h&igrave;nh. </em></li><li><em>- T&aacute;i tạo h&igrave;nh thể, cải thiện thẩm mỹ v&agrave; ăn nhai cho răng. </em></li><li><em>- An to&agrave;n, l&agrave;nh t&iacute;nh, kh&ocirc;ng g&acirc;y k&iacute;ch ứng răng miệng.</em></li></ul>', 1, 2, 1)
GO
INSERT [dbo].[tblServices] ([serviceID], [serviceName], [servicePrice], [description], [status], [adminID], [serviceTypeID]) VALUES (26, N'Đắp tạo kiểu răng khểnh', 700000, N'<p><strong>Đắp răng khểnh</strong> l&agrave; một trong những phương ph&aacute;p được nhiều người sử dụng để tạo ra <em><strong>chiếc răng khểnh giả ở vị tr&iacute; răng số 3 (răng nanh).</strong></em></p><p>Phương ph&aacute;p n&agrave;y sử dụng <strong><em>chất liệu nh&acirc;n tạo</em></strong> để đắp l&ecirc;n tr&ecirc;n bề mặt răng thật, tạo h&igrave;nh cho giống với chiếc răng khểnh.</p><p><strong>Quy tr&igrave;nh cụ thể như sau:</strong></p><ul><li><em>- Bước 1: Vệ sinh khoang miệng v&agrave; vị tr&iacute; răng cần đắp </em></li><li><em>- Bước 2: Đắp Composite l&ecirc;n răng nanh số 3 v&agrave; tạo h&igrave;nh sao cho chiếc răng khểnh giả đạt t&iacute;nh thẩm mỹ ho&agrave;n thiện </em></li><li><em>- Bước 3: Chiếu đ&egrave;n Laser để h&oacute;a cứng Composite.</em></li></ul><p><strong>Ưu điểm:</strong></p><ul><li><em>- Thời gian thực hiện nhanh ch&oacute;ng trong v&ograve;ng<strong> 20 - 30 ph&uacute;t </strong></em></li><li><em>- T&iacute;nh thẩm mỹ cao, răng c&oacute; độ trắng s&aacute;ng <strong>giống với răng thật </strong></em></li><li><em>- Quy tr&igrave;nh thực hiện <strong>đơn giản, nhanh ch&oacute;ng</strong> v&agrave; kh&ocirc;ng t&aacute;c động hay l&agrave;m tổn thương đến c&aacute;c m&ocirc; mềm </em></li><li><em>- Chi ph&iacute; rẻ</em></li><li><em>- C&oacute; thể th&aacute;o Composite nếu kh&ocirc;ng c&ograve;n th&iacute;ch th&uacute; với răng khểnh</em></li></ul>', 1, 2, 7)
GO
INSERT [dbo].[tblServices] ([serviceID], [serviceName], [servicePrice], [description], [status], [adminID], [serviceTypeID]) VALUES (27, N'Hàm trainer trẻ em ', 1500000, N'<p><strong>H&agrave;m trainer</strong> l&agrave; c&ocirc;ng cụ chỉnh nha chủ yếu d&agrave;nh cho trẻ em <em><strong>từ 2 đến 15 tuổi.</strong></em></p><p>Việc sử dụng c&aacute;c <em><strong>h&agrave;m trainer c&oacute; t&aacute;c dụng ngăn ngừa t&igrave;nh trạng sai khớp cắn</strong></em>, răng mọc lệch trong giai đoạn ph&aacute;t triển ở trẻ em.</p><p><em><strong>H&agrave;m trainer c&ograve;n được gọi l&agrave; niềng răng silicon</strong></em>, l&agrave; một trong những phương ph&aacute;p niềng răng phổ biến hiện nay được <strong><em>thiết kế dạng h&igrave;nh parabol &ocirc;m s&aacute;t</em></strong> v&agrave;o cung răng tự nhi&ecirc;n,<em><strong> kh&ocirc;ng c&oacute; mắc c&agrave;i hay d&acirc;y cung g&acirc;y vướng v&iacute;u cho người sử dụng.</strong></em></p><p>Trường hợp n&ecirc;n sử dụng h&agrave;m trainer: Phần lớn trẻ em đều dễ gặp phải vấn đề răng kh&ocirc;ng đều, r&otilde; rệt nhất trong khoảng từ 3 đến 5 tuổi.</p><p><strong>C&aacute;c trường hợp n&ecirc;n được c&acirc;n nhắc tiền chỉnh nha n&oacute;i chung, sử dụng h&agrave;m trainer n&oacute;i ri&ecirc;ng bao gồm:</strong></p><ul><li><em>- Răng qu&aacute; thưa </em></li><li><em>- Răng chen ch&uacute;c </em></li><li><em>- Răng kh&ocirc;ng đều </em></li><li><em>- Khớp cắn s&acirc;u (răng h&ocirc;) </em></li><li><em>-&nbsp; Răng h&agrave;m tr&ecirc;n ch&igrave;a ra ngo&agrave;i h&agrave;m dưới.</em></li></ul><p><strong>Bạn cần lưu &yacute; một số vấn đề khi sử dụng h&agrave;m trainer bao gồm:</strong></p><p><em><strong>Ch&uacute; &yacute; th&oacute;i quen xấu của trẻ</strong></em>, <em>vệ sinh h&agrave;m trainer thường xuy&ecirc;n bằng nước sạch</em> hoặc <em>ng&acirc;m v&agrave;o nước muối nhạt, đồng thời <strong>bảo quản nơi tho&aacute;ng m&aacute;t kh&ocirc; r&aacute;o</strong></em></p>', 1, 2, 2)
GO
INSERT [dbo].[tblServices] ([serviceID], [serviceName], [servicePrice], [description], [status], [adminID], [serviceTypeID]) VALUES (33, N'Nhổ răng khôn mọc ngầm', 2000000, N'<p>Trong tất cả răng kh&ocirc;n, th&igrave; <strong>răng kh&ocirc;n mọc ngầm</strong> được coi l&agrave;<strong><em> phưc tạp nhất.</em></strong></p><p>Bới v&igrave; ch&uacute;ng <em><strong>mắc kẹt trong nứu</strong></em>, kh&ocirc;ng thể quan s&aacute;t bằng mắt thường.</p><ul><li>Ngo&agrave;i việc mọc ngầm, <em>răng kh&ocirc;n c&ograve;n c&oacute; thể mọc thoe nhiều kiểu kh&aacute;c nhau</em> như<em> mọc nghi&ecirc;ng, mọc ngược, mọc kẹt.</em></li></ul><p><em><strong>Răng kh&ocirc;n mọc ngầm</strong></em> trong xương h&agrave;m hoặc dưới nướu <em><strong>g&acirc;y đau nhức, &ecirc; buốt dữ dội.</strong></em></p><p><strong>V&igrave; sao n&ecirc;n nhổ răng kh&ocirc;n mọc ngầm ?</strong></p><ul><li><em>- Vi&ecirc;m nứu, L&agrave;m tổn thương răng số 7, U nang xương h&agrave;m, rối loạn về phản xạ v&agrave; cảm gi&aacute;c </em></li><li><em>- Răng kh&ocirc;n mọc ngầm, mọc lệch g&acirc;y đau đớn v&agrave; ảnh hưởng đến sức khỏe ch&uacute;ng ta.</em></li></ul><p>Ch&iacute;nh v&igrave; vậy c&aacute;c b&aacute;c sĩ thường khuy&ecirc;n n&ecirc;n nhổ c&agrave;ng sớm c&agrave;ng tốt để tr&aacute;nh những biến chứng c&oacute; thể xảy ra.</p><p><strong>Tuy nhi&ecirc;n với những trường hợp răng kh&ocirc;n mọc thẳng c&oacute; thể thực hiện thủ thuật nhổ bỏ hoặc kh&ocirc;ng ?</strong></p><p>C&aacute;c răng kh&ocirc;n mọc thẳng vẫn g&acirc;y đau đớn cho bệnh nh&acirc;n nhưng <strong><em>kh&ocirc;ng n&ecirc;n nhổ bỏ</em></strong> nếu bệnh nh&acirc;n mắc c&aacute;c bệnh l&yacute; như: <em><strong>Tim mạch; Đ&aacute;i th&aacute;o đường; Rối loạn đ&ocirc;ng cầm m&aacute;u.</strong></em></p>', 1, 2, 4)
GO
INSERT [dbo].[tblServices] ([serviceID], [serviceName], [servicePrice], [description], [status], [adminID], [serviceTypeID]) VALUES (34, N'Nhổ răng khôn mọc thẳng', 1000000, N'<p>Tr&ecirc;n thực tế, việc <em><strong>mọc răng kh&ocirc;n</strong></em> kh&ocirc;ng mang lại nhiều lợi &iacute;ch m&agrave; <em>chủ yếu mang lại nhiều bất lợi</em> v&agrave; <em>phiền to&aacute;i cho răng miệng.</em></p><p>Do <strong><em>răng kh&ocirc;n mọc kh&ocirc;ng thẳng h&agrave;ng</em></strong> v&agrave; mọc ngầm n&ecirc;n b&aacute;c sĩ thường chỉ định nhổ răng để ngăn ngừa những biến chứng do ch&uacute;ng g&acirc;y ra.</p><p>Ngược lại, <em><strong>khi răng kh&ocirc;n mọc d&agrave;i v&agrave; thẳng</strong></em>, ch&uacute;ng c&oacute; thể mọc l&ecirc;n b&igrave;nh thường v&agrave; <em>c&oacute; thể giữ lại miễn l&agrave; kh&ocirc;ng ảnh hưởng đến c&aacute;c răng kế cận.</em></p><p>Tuy nhi&ecirc;n, <em><strong>trong một số trường hợp, răng kh&ocirc;n mọc thẳng cần được xử l&iacute;: </strong></em></p><ul><li><em>Nếu kh&ocirc;ng nhổ, những chiếc răng n&agrave;y sẽ ch&igrave;a ra h&agrave;m dưới đối diện, <strong>g&acirc;y vướng v&iacute;u, kh&oacute; ăn nhai v&agrave; lệch h&agrave;m, thậm ch&iacute; sưng tấy, vi&ecirc;m nhiễm do răng thường xuy&ecirc;n bị ma s&aacute;t.</strong></em></li><li><em>Răng kh&ocirc;n c&oacute; k&iacute;ch thước qu&aacute; lớn, qu&aacute; d&agrave;i, qu&aacute; nhỏ, <strong>ch&egrave;n &eacute;p c&aacute;c răng kh&aacute;c</strong>, tạo khoảng trống với răng số 7, c&oacute; thể khiến thức ăn bị mắc kẹt.</em></li><li><em>Nếu vệ sinh kh&ocirc;ng kỹ sẽ g&acirc;y ra c&aacute;c bệnh l&yacute; răng miệng như s&acirc;u răng, vi&ecirc;m nha chu.</em></li></ul><p>Ngo&agrave;i ra, răng kh&ocirc;n qu&aacute; lớn c&oacute; thể g&acirc;y ra t&igrave;nh trạng rụng căng, vướng v&ugrave;ng lợi; khiến người bệnh kh&oacute; ăn, nhai.</p><p><strong><em>Khắc phục t&igrave;nh trạng đau nhức</em></strong>, kh&oacute; chịu v&agrave; hạn chế khả năng ăn nhai, v&igrave; răng kh&ocirc;n d&ugrave; mọc b&igrave;nh thường, mọc thẳng cũng bị nướu che mất.</p>', 1, 2, 4)
GO
INSERT [dbo].[tblServices] ([serviceID], [serviceName], [servicePrice], [description], [status], [adminID], [serviceTypeID]) VALUES (35, N'Nhổ răng khôn mọc lệch 90 độ', 1500000, N'<p><strong>Răng kh&ocirc;n mọc lệch 90 độ</strong> l&agrave; trường hợp kh&aacute; phức tạp v&agrave; dẫn đến <strong>nhiều hệ lụy cho sức khỏe.</strong></p><p><strong>Răng kh&ocirc;n 90 đ</strong>ộ l&agrave; khi răng mọc l&ecirc;n <em><strong>đ&acirc;m trực tiếp v&agrave;o răng số 7</strong></em> thoe một g&oacute;c 90 độ.</p><p>Đầu ti&ecirc;n <strong>răng kh&ocirc;n mọc lệch 90 độ</strong> sẽ <em>t&aacute;c động trực tiếp đến răng số 7</em>, c&oacute; thể l&agrave;m hỏng g&acirc;y tổn thương lớn ở v&ugrave;ng xương h&agrave;m.</p><p><strong>Nếu kh&ocirc;ng loại bỏ kịp thời</strong> th&igrave;<em> răng số 7 sẽ mất dần chức năng</em> v&agrave; phải nhổ n&oacute;.</p><p><strong>Bạn cần nhổ răng ngay khi gặp một v&agrave;i triệu chứng như</strong></p><ul><li>- Thường xuy&ecirc;n phải chịu những cơn đau kh&oacute; chịu.</li><li>- Nứu răng bị sưng đỏ, v&agrave; c&oacute; thể c&oacute; mủ, c&oacute; m&ugrave;i h&ocirc;i miệng.</li><li>- Răng bị nhồi nh&eacute;t thức ăn, g&acirc;y s&acirc;u răng v&agrave; vi&ecirc;m nha chu răng số 7.</li></ul><p><strong>Nhổ răng kh&ocirc;n mọc lẹch 90 độ c&oacute; kh&oacute; kh&ocirc;ng?</strong></p><p><strong>Độ kh&oacute; của ca nhổ</strong> răng kh&ocirc;n sẽ phụ thuộc v&agrave;o <strong>hướng ch&acirc;n răng, độ s&acirc;u, k&iacute;ch thước...</strong></p><ul><li><em>Đố với răng kh&ocirc;n mọc lệch 90 độ, ca nhổ sẽ kh&oacute; khăn hơn v&agrave; cần nhiều thời gian phẫu thuật hơn. </em></li><li><em>Bởi răng mọc ngầm dưới lợi n&ecirc;n cần giải phẫu thần kinh ống răng dưới, xoang h&agrave;m tr&ecirc;n...</em></li><li><em>Với trang thiết bị hiện đại, bạn kh&ocirc;ng cần qu&aacute; lo lắng, việc nhổ răng kh&ocirc;n mọc lệch 90 độ sẽ diễn ra rất an to&agrave;n v&agrave; kh&ocirc;ng g&acirc;y nguy hiểm. Mỗi ca mổ sẽ diễn ra từ 15-30 ph&uacute;t</em></li></ul>', 1, 2, 4)
GO
INSERT [dbo].[tblServices] ([serviceID], [serviceName], [servicePrice], [description], [status], [adminID], [serviceTypeID]) VALUES (39, N'Nhổ răng khôn mọc lệch 45 độ', 1200000, N'<p>Nếu h&agrave;m thiếu khoảng mọc răng th&igrave; sẽ khiến răng kh&ocirc;n c&oacute; xu hướng mọc chen ch&uacute;c, <strong><em>nguy cơ cao răng kh&ocirc;n mọc lệch 45 độ,</em></strong> <strong><em>nghi&ecirc;m trọng hơn l&agrave; mọc lệch 90 độ.</em></strong></p><p><em><strong>Răng kh&ocirc;n mọc lệch 45 độ</strong></em> tồn tại tr&ecirc;n cung h&agrave;m, theo thời gian sẽ l&agrave;m ảnh hưởng nghi&ecirc;m trọng đến chất lượng cuộc sống v&agrave; g&acirc;y ra c&aacute;c biến chứng nguy hiểm như sau:</p><ul><li><em>- Răng kh&ocirc;n mọc lệch về ph&iacute;a răng số 7 sẽ l&agrave;m chiếc răng n&agrave;y bị x&ocirc; đẩy theo </em></li><li><em>- H&igrave;nh th&agrave;nh ổ vi&ecirc;m nhiễm, vi&ecirc;m lợi tr&ugrave;m răng kh&ocirc;n, tiến triển nặng hơn sẽ g&acirc;y &aacute;p xe răng v&agrave; vi&ecirc;m quanh răng rất nguy hiểm.</em></li><li><em>- T&igrave;nh trạng vi&ecirc;m nhiễm l&acirc;u ng&agrave;y do răng kh&ocirc;n mọc lệch 45 độ c&oacute; nguy cơ l&agrave;m vi&ecirc;m cơ h&agrave;m, rối loạn khớp th&aacute;i dương h&agrave;, tổn thương d&acirc;y thần kinh nếu ch&acirc;n răng mọc ch&egrave;n l&ecirc;n d&acirc;y thần kinh.</em></li></ul><p><strong>Trang thiết bị trong qu&aacute; tr&igrave;nh nhổ răng sẽ t&aacute;c động đến việc nhổ răng kh&ocirc;n c&oacute; đau kh&ocirc;ng?</strong></p><p>Với đầy đủ c&aacute;c <em><strong>trang thiết bị tối t&acirc;n v&agrave; hiện đại</strong></em> tại Nha Khoa m&aacute;y cắt răng, dao điện, m&aacute;y Piezotome, m&aacute;y BienAir,&hellip; th&igrave; sẽ <em><strong>gi&uacute;p nhổ răng kh&ocirc;n nhanh ch&oacute;ng, tr&aacute;nh c&aacute;c sang chấn sau nhổ.</strong></em></p>', 1, 2, 4)
GO
INSERT [dbo].[tblServices] ([serviceID], [serviceName], [servicePrice], [description], [status], [adminID], [serviceTypeID]) VALUES (41, N'Mắc cài tự khóa thông minh', 32000000, N'<p><em><strong>Mắc c&agrave;i kim loại th&ocirc;ng minh </strong>(</em>tự buộc/tự kh&oacute;a) về bản chất vẫn l&agrave; phương ph&aacute;p chỉnh nha sử dụng hệ thống mắc c&agrave;i v&agrave; d&acirc;y cung để tạo lực siết cho răng.</p><p><em><strong>Điểm cải tiến</strong></em> của phương ph&aacute;p n&agrave;y l&agrave;<em><strong> kh&ocirc;ng cần thun mắc c&agrave;i</strong></em> v&igrave; đ&atilde; c&oacute; hệ thống nắp trượt tự động, <em>gi&uacute;p d&acirc;y cung trượt tự do ở tr&ecirc;n r&atilde;nh của mắc c&agrave;i.</em></p><p><em>Nhờ vậy gi&uacute;p răng dịch chuyển li&ecirc;n tục</em> v&agrave; nhờ vậy qu&aacute; tr&igrave;nh niềng răng cũng trở n&ecirc;n <em><strong>thuận tiện v&agrave; r&uacute;t ngắn thời gian hơn.</strong></em></p><p><strong>C&aacute;c trường hợp c&oacute; thể &aacute;p dụng phương ph&aacute;p niềng răng mắc c&agrave;i kim loại tự động gồm</strong></p><ul><li><em>- Răng mọc thưa, răng mọc chen ch&uacute;c, răng kh&ocirc;ng đều </em></li><li><em>- Bị sau khớp cắn - Răng m&oacute;m, răng h&ocirc; </em></li><li><em>- Răng mọc ngược, răng khểnh hoặc mọc lệch.</em></li></ul><p><strong>Ưu điểm của mắc c&agrave;i kim loại tự động:</strong></p><ul><li><em>-Chi ph&iacute; hợp t&uacute;i tiền </em></li><li><em>- Thời gian niềng nhanh hơn </em></li><li><em>- Hiệu quả niềng răng cao </em></li><li><em>- Vệ sinh răng miệng dễ d&agrave;ng hơn </em></li><li><em>- Kh&ocirc;ng bị bung tuột</em></li></ul>', 1, 2, 2)
GO
INSERT [dbo].[tblServices] ([serviceID], [serviceName], [servicePrice], [description], [status], [adminID], [serviceTypeID]) VALUES (43, N'Mắc cài sứ, pha lê thẩm mỹ', 38000000, N'<p><strong>Niềng răng mắc c&agrave;i sứ</strong> l&agrave; phương ph&aacute;p chỉnh nha &aacute;p dụng kh&iacute; cụ chỉnh nha tương tự niềng răng mắc c&agrave;i kim loại,</p><p><strong>Điểm kh&aacute;c biệt</strong> l&agrave; mắc c&agrave;i kim loại được thay bằng mắc c&agrave;i <strong><em>chất liệu sứ.</em></strong></p><p><strong>Niềng răng mắc c&agrave;i sứ bao gồm:</strong></p><ul><li><em>Mắc c&agrave;i chất liệu sứ gắn cố định tr&ecirc;n bề mặt răng, </em></li><li><em>D&acirc;y cung nằm trong r&atilde;nh mắc c&agrave;i.</em></li></ul><p><strong>Mắc c&agrave;i sứ</strong> c&oacute; m&agrave;u trắng trong rất giống răng thật n&ecirc;n sẽ <em><strong>&iacute;t bị lộ niềng hơn</strong></em> phương ph&aacute;p niềng răng mắc c&agrave;i truyền thống.</p><p><strong>Đối tượng sử dụng niềng răng mắc c&agrave;i sứ thẩm mỹ:</strong></p><ul><li><em>- Răng khấp khểnh, răng thưa, răng h&ocirc; vẩu, răng m&oacute;m... </em></li><li><em>- Răng bị sai lệch khớp</em></li><li><em>- C&aacute;c trường hợp li&ecirc;n quan đến h&agrave;m như m&eacute;o h&agrave;m, h&agrave;m hẹp, h&agrave;m lệch. Ưu điểm của niềng răng mắc c&agrave;i sứ: </em></li><li><em>- T&iacute;nh thẩm mỹ cao. </em></li><li><em>- Chất liệu an to&agrave;n th&acirc;n thiện với người sử dụng</em></li><li><em>- Cảm gi&aacute;c thoải m&aacute;i kh&ocirc;ng g&acirc;y đau nhức, trơn l&aacute;ng kh&ocirc;ng g&acirc;y tổn thương , gi&uacute;p vệ sinh răng miệng tốt </em></li><li><em>- Vật liệu sứ l&agrave;m niềng răng c&oacute; khả năng chịu lực cao</em></li></ul>', 1, 2, 2)
GO
INSERT [dbo].[tblServices] ([serviceID], [serviceName], [servicePrice], [description], [status], [adminID], [serviceTypeID]) VALUES (46, N'Tẩy trắng răng tại phòng mạch bằng đèn Laser Whitening', 2500000, N'<p><strong>C&ocirc;ng nghệ tẩy trắng răng bằng đ&egrave;n Laser v&agrave; đ&egrave;n Zoom</strong> đều c&oacute; một cơ chế kỹ thuật chung l&agrave; <em>sử dụng &aacute;nh đ&egrave;n để hoạt h&oacute;a</em> v&agrave;o <em>thuốc tẩy tr&ecirc;n bề mặt men răng</em> để tạo th&agrave;nh một loại phản ứng oxy h&oacute;a khử ph&acirc;n t&aacute;ch chuỗi protein m&agrave;u b&aacute;m tr&ecirc;n răng, gi&uacute;p đ&aacute;nh bật ch&uacute;ng ra khỏi răng v&agrave; <strong><em>l&agrave;m cho men răng trắng s&aacute;ng dần l&ecirc;n</em></strong>.</p><p><em><strong>Th&ocirc;ng thường, c&aacute;c phương ph&aacute;p tẩy trắng răng bằng c&ocirc;ng nghệ đ&egrave;n sẽ được &aacute;p dụng trong c&aacute;c trường hợp sau đ&acirc;y:</strong></em></p><p><em>&ndash; Trường hợp răng bị ố m&agrave;u, ng&atilde; v&agrave;ng do sử dụng những loại thực phẩm c&oacute; chứa nhiều m&agrave;u sắc trong thời gian d&agrave;i. </em></p><p><em>&ndash; T&igrave;nh trạng vệ sinh răng kh&ocirc;ng sạch khiến cho c&aacute;c mảng b&aacute;m c&ograve;n ứ đọng trong răng. </em></p><p><em>&ndash; Răng bị nhiễm m&agrave;u kh&aacute;ng sinh hoặc răng bị thiểu sản men, nhiễm m&agrave;u Fluor ở dạng nhẹ v&agrave; b&aacute;c sĩ cho rằng c&oacute; thể tẩy trắng được&hellip;</em></p><p><em><strong>M&agrave;u trắng của răng</strong></em> sau khi tẩy c&oacute; thể duy tr&igrave; được l&acirc;u hay nhanh đổi m&agrave;u phần lớn đều <strong><em>phụ thuộc v&agrave;o c&aacute;ch chăm s&oacute;c, vệ sinh răng miệng</em></strong> của ch&iacute;nh bản th&acirc;n bệnh nh&acirc;n.</p><p><strong><em>Thời gian duy tr&igrave; m&agrave;u trắng của răng</em></strong> khi tẩy bằng đ&egrave;n Zoom sẽ được đảm bảo nhỉnh hơn phương ph&aacute;p tẩy trắng răng bằng Laser khoảng<strong><em> 1 - 2 năm.</em></strong></p>', 1, 2, 7)
GO
INSERT [dbo].[tblServices] ([serviceID], [serviceName], [servicePrice], [description], [status], [adminID], [serviceTypeID]) VALUES (48, N'Lấy cao răng cho trẻ em', 150000, N'<p><strong>Lấy cao răng</strong> l&agrave; việc l&agrave;m cần được thực hiện định kỳ nhằm <em><strong>loại bỏ cao răng</strong></em> v&agrave; <strong><em>c&aacute;c mảng b&aacute;m tr&ecirc;n răng</em></strong> gi&uacute;p răng miệng sạch sẽ.</p><p><em><strong>Đối với trẻ em</strong></em> cũng cần được thực hiện lấy cao răng để<strong><em> tr&aacute;nh những t&aacute;c hại xấu</em></strong> do cao răng g&acirc;y ra.&nbsp;</p><p><strong>C&oacute; n&ecirc;n lấy cao răng cho trẻ?</strong></p><p><strong>Cao răng</strong> c&oacute; thể dẫn đến c&aacute;c bệnh như vi&ecirc;m lợi với c&aacute;c biểu hiện đ&aacute;nh răng chảy m&aacute;u, miệng c&oacute; m&ugrave;i h&ocirc;i ở trẻ.</p><p><strong>Cao răng</strong> cũng c&oacute; thể <strong><em>g&acirc;y vi&ecirc;m nha chu</em></strong> dẫn đến ti&ecirc;u xương l&agrave;m <em>răng bị đau, &ecirc; buốt khi ăn nhai v&agrave; đau nhức, dẫn tới t&igrave;nh trạng trẻ k&eacute;m ăn, mất ngủ,...</em></p><p>Thậm ch&iacute;, <strong><em>trường hợp nặng hơn</em></strong> c&oacute; thể g&acirc;y lung lay v&agrave; rụng răng.</p><p><strong><em>Lấy cao răng</em></strong> l&agrave; một kỹ thuật nha khoa đơn giản, c&oacute; thể thực hiện <strong><em>nhanh ch&oacute;ng, kh&ocirc;ng cần g&acirc;y t&ecirc; hay sử dụng bất kỳ loại thuốc n&agrave;o.</em></strong></p><p>Vậy n&ecirc;n, <strong><em>lấy cao răng</em></strong> l&agrave; việc l&agrave;m <em><strong>cần được thực hiện định kỳ</strong></em> nhằm loại bỏ cao răng v&agrave; c&aacute;c mảng b&aacute;m tr&ecirc;n răng gi&uacute;p răng miệng sạch sẽ.</p>', 1, 2, 6)
GO
INSERT [dbo].[tblServices] ([serviceID], [serviceName], [servicePrice], [description], [status], [adminID], [serviceTypeID]) VALUES (50, N'Phẫu thuật cắt nướu, tạo hình nướu, làm dài thân răng', 1000000, N'<p><strong>L&agrave;m d&agrave;i th&acirc;n răng</strong> l&agrave; kĩ thuật nha khoa kh&aacute; đơn giản v&agrave; thường kh&ocirc;ng tốn nhiều thời gian. Hiểu đơn giản l&agrave; b&aacute;c sĩ sẽ <em>phẫu thuật cắt bỏ một phần m&ocirc; nướu hoặc xương.</em></p><p>Hoặc c&oacute; trường hợp phải xử l&yacute; loại bỏ cả hai.</p><p>Thủ thuật nhỏ n&agrave;y <strong><em>gi&uacute;p l&agrave;m lộ th&acirc;n răng ra nhiều hơn</em></strong> khiến tỉ lệ răng v&agrave; nướu về mức c&acirc;n đối.</p><p>B&ecirc;n cạnh đ&oacute;, n&oacute; c&ograve;n <strong>l&agrave; phương ph&aacute;p tiền đề</strong> phục vụ cho c&aacute;c kỹ thuật nha khoa kh&aacute;c. Mặc d&ugrave; đ&acirc;y l&agrave; một kĩ thuật nha khoa đơn giản.</p><p><strong>Ưu điểm của làm dài th&acirc;n răng</strong></p><ul><li><em>L&agrave;m d&agrave;i th&acirc;n răng mang lại cho bệnh nh&acirc;n những lợi &iacute;ch cả về thẩm mỹ lẫn sức khỏe răng miệng. </em></li><li><em>Cải thiện t&igrave;nh trạng cười lộ nướu, mang lại cho bệnh nh&acirc;n sự tự tin trong giao tiếp.</em></li><li><em>Vệ sinh răng miệng dễ d&agrave;ng hơn, tr&aacute;nh được t&igrave;nh trạng vi&ecirc;m nướu lợi, chảy m&aacute;u ch&acirc;n răng.</em></li></ul>', 1, 2, 6)
GO
INSERT [dbo].[tblServices] ([serviceID], [serviceName], [servicePrice], [description], [status], [adminID], [serviceTypeID]) VALUES (54, N'Điều trị nha chu bằng Laser Light Walker hai hàm', 5200000, N'<p><strong>Điều trị với Laser LightWalker</strong> gi&uacute;p đảm bảo m&ocirc; xương rất dễ tổn thương quanh implant giữ được nguy&ecirc;n vẹn.</p><p><em><strong>Kh&ocirc;ng c&oacute; nguy cơ tổn thương</strong></em> do nhiệt cho m&ocirc; xương xung quanh v&agrave; kh&ocirc;ng g&acirc;y ra sự thay đổi lớn tr&ecirc;n bề mặt implant như c&aacute;c bước s&oacute;ng laser kh&aacute;c.</p><p><strong>Kh&ocirc;ng c&oacute; tổn thương cơ học</strong>, h&oacute;a học hay c&aacute;c dạng tổn thương kh&aacute;c trong qu&aacute; tr&igrave;nh điều trị.</p><p><strong>Laser Lightwalker</strong> gi&uacute;p qu&aacute; tr&igrave;nh cấy gh&eacute;p implant v&agrave;o xương h&agrave;m được <em>v&ocirc; tr&ugrave;ng tuyệt đối v&agrave; xương xung quanh implant được bảo vệ nguy&ecirc;n vẹn.</em></p><p><em>Nhờ đ&oacute;, qu&aacute; tr&igrave;nh t&iacute;ch hợp xương diễn ra nhanh hơn, bệnh nh&acirc;n sớm c&oacute; răng chắc chắn để ăn nhai.&nbsp;</em></p>', 1, 2, 6)
GO
SET IDENTITY_INSERT [dbo].[tblServices] OFF
GO
SET IDENTITY_INSERT [dbo].[tblServiceTypes] ON 
GO
INSERT [dbo].[tblServiceTypes] ([serviceTypeID], [serviceTypeName], [description], [adminID]) VALUES (1, N'Phục hình thẩm mỹ ', N'Nha khoa thẩm mỹ là một phương pháp chăm sóc răng miệng chuyên nghiệp tập trung vào việc cải thiện vẻ ngoài của khuôn miệng, hàm răng và nụ cười của bạn. Và mặc dù các quy trình nha khoa thẩm mỹ thường là tự chọn, thay vì thiết yếu, một số trường hợp điều trị cũng mang lại lợi ích phục hồi.', 1)
GO
INSERT [dbo].[tblServiceTypes] ([serviceTypeID], [serviceTypeName], [description], [adminID]) VALUES (2, N'Chỉnh nha', N'Chỉnh nha là một nhánh của ngành nha khoa giúp điều chỉnh vị trí của những răng sai lệch về đúng vị trí trên cung hàm, giúp cho hàm răng trắng đều, gương mặt cân đối hơn. Phương pháp chỉnh nha được dùng để điều trị cho những tình trạng răng hô, móm, thưa, lệch lạc... giúp cải thiện tính thẩm mĩ của răng miệng và cả chức năng ăn nhai.', 1)
GO
INSERT [dbo].[tblServiceTypes] ([serviceTypeID], [serviceTypeName], [description], [adminID]) VALUES (4, N'Nhổ răng', N'Nhổ răng là thủ thuật lấy bỏ một hoặc nhiều răng, được thực hiện bởi bác sĩ nha khoa,  nhằm loại bỏ những răng đang nhiễm trùng, không còn giá trị sử dụng và có khả năng gây hại cho sức khỏe.', 1)
GO
INSERT [dbo].[tblServiceTypes] ([serviceTypeID], [serviceTypeName], [description], [adminID]) VALUES (5, N'Trám răng, chữa tủy', N'Trám răng lấy tủy là phương pháp trám răng phục hình sau khi điều trị tủy răng. Đây là kỹ thuật phức tạp, đòi hỏi về tay nghề, kinh nghiệm và dụng cụ, máy móc để loại bỏ tủy viêm nhiễm ra khỏi răng trước khi tiến hành trám răng phục hồi.', 2)
GO
INSERT [dbo].[tblServiceTypes] ([serviceTypeID], [serviceTypeName], [description], [adminID]) VALUES (6, N'Nha chu', N'Nha chu là tình trạng viêm nhiễm của tổ chức quanh răng, ảnh hưởng đến cấu trúc nâng đỡ răng, khiến răng mất liên kết với tổ chức nâng đỡ này. Bệnh nha chu ban đầu chỉ ảnh hưởng đến phần mô mềm – nướu răng – sau có thể phát triển ảnh hưởng đến cả xương ổ răng có vai trò quan trọng trong việc giữ răng.', 2)
GO
INSERT [dbo].[tblServiceTypes] ([serviceTypeID], [serviceTypeName], [description], [adminID]) VALUES (7, N'Tẩy trắng răng', N'Tẩy trắng răng là một phương pháp sử dụng các chất oxy hóa thường dùng Carbamide Peroxide cho thẩm thấu qua lớp men răng. Nó khi kết hợp với năng lượng ánh sáng sẽ tạo ra phản ứng khiến các chuỗi phân tử màu trong ngà răng bị cắt đứt bởi quá trình oxi hóa.', 2)
GO
SET IDENTITY_INSERT [dbo].[tblServiceTypes] OFF
GO
SET ANSI_PADDING ON
GO
/****** Object:  Index [UQ__tblDocto__493D0C0A8F7B9005]    Script Date: 7/31/2022 6:46:44 PM ******/
ALTER TABLE [dbo].[tblDoctors] ADD  CONSTRAINT [UQ__tblDocto__493D0C0A8F7B9005] UNIQUE NONCLUSTERED 
(
	[gmail] ASC
)WITH (PAD_INDEX = OFF, STATISTICS_NORECOMPUTE = OFF, SORT_IN_TEMPDB = OFF, IGNORE_DUP_KEY = OFF, ONLINE = OFF, ALLOW_ROW_LOCKS = ON, ALLOW_PAGE_LOCKS = ON, OPTIMIZE_FOR_SEQUENTIAL_KEY = OFF) ON [PRIMARY]
GO
SET ANSI_PADDING ON
GO
/****** Object:  Index [UQ__tblPatie__493D0C0A0DE876EC]    Script Date: 7/31/2022 6:46:44 PM ******/
ALTER TABLE [dbo].[tblPatients] ADD  CONSTRAINT [UQ__tblPatie__493D0C0A0DE876EC] UNIQUE NONCLUSTERED 
(
	[gmail] ASC
)WITH (PAD_INDEX = OFF, STATISTICS_NORECOMPUTE = OFF, SORT_IN_TEMPDB = OFF, IGNORE_DUP_KEY = OFF, ONLINE = OFF, ALLOW_ROW_LOCKS = ON, ALLOW_PAGE_LOCKS = ON, OPTIMIZE_FOR_SEQUENTIAL_KEY = OFF) ON [PRIMARY]
GO
/****** Object:  Index [UQ__tblSched__A532EDB567B6A2CD]    Script Date: 7/31/2022 6:46:44 PM ******/
ALTER TABLE [dbo].[tblSchedules] ADD  CONSTRAINT [UQ__tblSched__A532EDB567B6A2CD] UNIQUE NONCLUSTERED 
(
	[scheduleID] ASC
)WITH (PAD_INDEX = OFF, STATISTICS_NORECOMPUTE = OFF, SORT_IN_TEMPDB = OFF, IGNORE_DUP_KEY = OFF, ONLINE = OFF, ALLOW_ROW_LOCKS = ON, ALLOW_PAGE_LOCKS = ON, OPTIMIZE_FOR_SEQUENTIAL_KEY = OFF) ON [PRIMARY]
GO
ALTER TABLE [dbo].[tblBookingDetails]  WITH CHECK ADD  CONSTRAINT [fk_schedule_BookingDetail] FOREIGN KEY([scheduleID])
REFERENCES [dbo].[tblSchedules] ([scheduleID])
GO
ALTER TABLE [dbo].[tblBookingDetails] CHECK CONSTRAINT [fk_schedule_BookingDetail]
GO
ALTER TABLE [dbo].[tblBookingDetails]  WITH CHECK ADD  CONSTRAINT [FK_tblBookingDetails_tblPatients] FOREIGN KEY([patientID])
REFERENCES [dbo].[tblPatients] ([patientID])
GO
ALTER TABLE [dbo].[tblBookingDetails] CHECK CONSTRAINT [FK_tblBookingDetails_tblPatients]
GO
ALTER TABLE [dbo].[tblDiscounts]  WITH CHECK ADD  CONSTRAINT [FK__tblDiscou__admin__5441852A] FOREIGN KEY([adminID])
REFERENCES [dbo].[tblAdministrators] ([adminID])
GO
ALTER TABLE [dbo].[tblDiscounts] CHECK CONSTRAINT [FK__tblDiscou__admin__5441852A]
GO
ALTER TABLE [dbo].[tblDiscounts]  WITH CHECK ADD  CONSTRAINT [FK_tblDisCounts_tblServices] FOREIGN KEY([serviceID])
REFERENCES [dbo].[tblServices] ([serviceID])
GO
ALTER TABLE [dbo].[tblDiscounts] CHECK CONSTRAINT [FK_tblDisCounts_tblServices]
GO
ALTER TABLE [dbo].[tblDoctors]  WITH CHECK ADD  CONSTRAINT [FK__tblDoctor__servi__571DF1D5] FOREIGN KEY([serviceTypeID])
REFERENCES [dbo].[tblServiceTypes] ([serviceTypeID])
GO
ALTER TABLE [dbo].[tblDoctors] CHECK CONSTRAINT [FK__tblDoctor__servi__571DF1D5]
GO
ALTER TABLE [dbo].[tblPatientFeedbacks]  WITH CHECK ADD  CONSTRAINT [FK__tblPatien__patie__59063A47] FOREIGN KEY([patientID])
REFERENCES [dbo].[tblPatients] ([patientID])
GO
ALTER TABLE [dbo].[tblPatientFeedbacks] CHECK CONSTRAINT [FK__tblPatien__patie__59063A47]
GO
ALTER TABLE [dbo].[tblPatientFeedbacks]  WITH CHECK ADD  CONSTRAINT [FK__tblPatien__servi__59FA5E80] FOREIGN KEY([serviceID])
REFERENCES [dbo].[tblServices] ([serviceID])
GO
ALTER TABLE [dbo].[tblPatientFeedbacks] CHECK CONSTRAINT [FK__tblPatien__servi__59FA5E80]
GO
ALTER TABLE [dbo].[tblSchedules]  WITH CHECK ADD  CONSTRAINT [fk_schedule_Doctor] FOREIGN KEY([doctorID])
REFERENCES [dbo].[tblDoctors] ([doctorID])
GO
ALTER TABLE [dbo].[tblSchedules] CHECK CONSTRAINT [fk_schedule_Doctor]
GO
ALTER TABLE [dbo].[tblServiceImages]  WITH CHECK ADD  CONSTRAINT [fk_serviceImage_Service] FOREIGN KEY([serviceID])
REFERENCES [dbo].[tblServices] ([serviceID])
GO
ALTER TABLE [dbo].[tblServiceImages] CHECK CONSTRAINT [fk_serviceImage_Service]
GO
ALTER TABLE [dbo].[tblServices]  WITH CHECK ADD  CONSTRAINT [FK__tblServic__admin__5BE2A6F2] FOREIGN KEY([adminID])
REFERENCES [dbo].[tblAdministrators] ([adminID])
GO
ALTER TABLE [dbo].[tblServices] CHECK CONSTRAINT [FK__tblServic__admin__5BE2A6F2]
GO
ALTER TABLE [dbo].[tblServices]  WITH CHECK ADD  CONSTRAINT [FK__tblServic__servi__5CD6CB2B] FOREIGN KEY([serviceTypeID])
REFERENCES [dbo].[tblServiceTypes] ([serviceTypeID])
GO
ALTER TABLE [dbo].[tblServices] CHECK CONSTRAINT [FK__tblServic__servi__5CD6CB2B]
GO
ALTER TABLE [dbo].[tblServiceTypes]  WITH CHECK ADD  CONSTRAINT [FK__tblServic__admin__5DCAEF64] FOREIGN KEY([adminID])
REFERENCES [dbo].[tblAdministrators] ([adminID])
GO
ALTER TABLE [dbo].[tblServiceTypes] CHECK CONSTRAINT [FK__tblServic__admin__5DCAEF64]
GO
USE [master]
GO
ALTER DATABASE [DentistBookingApp] SET  READ_WRITE 
GO
